Datetime,Open,High,Low,Close,Volume
2019-05-29,15.35,16.7,15.35,16.5,1068
2019-06-03,15.0,15.0,15.0,15.0,237
2019-06-10,14.2,14.85,12.6,13.95,340
2019-06-11,14.95,14.95,13.15,14.8,205
2019-06-12,16.55,16.55,14.2,15.0,1001
2019-06-14,14.0,14.95,13.5,13.9,185
2019-06-17,15.0,16.65,15.0,16.65,11397
2019-06-18,17.65,17.75,13.5,14.2,8792
2019-06-19,13.95,14.9,13.0,13.35,2734
2019-06-20,12.7,14.0,12.7,12.9,503
2019-06-21,13.35,13.35,13.35,13.35,1
2019-06-24,13.0,13.95,13.0,13.75,581
2019-06-25,13.85,14.0,13.85,14.0,2
2019-06-26,13.3,13.95,13.3,13.95,2
2019-06-27,13.55,13.85,12.7,12.9,11843
2019-06-28,14.4,14.4,13.0,13.5,562
2019-07-01,13.02,13.35,13.02,13.35,132
2019-07-02,13.15,15.34,11.0,14.86,2675
2019-07-03,14.95,16.49,14.95,16.25,3759
2019-07-04,16.35,18.6,15.84,18.12,8528
2019-07-05,19.89,19.93,16.6,17.28,26427
2019-07-08,17.0,17.0,15.56,15.56,291
2019-07-09,14.22,15.3,14.02,15.3,1001
2019-07-10,14.1,16.36,14.05,15.5,89
2019-07-12,14.06,15.49,14.06,15.49,431
2019-07-15,14.14,15.0,14.01,14.87,440
2019-07-16,13.95,14.85,13.95,14.69,1052
2019-07-18,14.55,14.55,13.45,13.71,61
2019-07-23,13.5,13.5,13.5,13.5,1
2019-07-25,13.0,13.49,13.0,13.49,2
2019-07-29,13.0,13.0,12.55,12.56,75
2019-07-30,12.5,12.5,12.0,12.0,325
2019-07-31,12.4,12.4,10.9,11.31,1130
2019-08-01,11.0,11.79,10.3,11.29,1877
2019-08-02,11.0,11.05,10.65,10.65,1436
2019-08-05,10.21,11.16,10.2,10.68,200
2019-08-06,10.72,10.72,10.25,10.38,816
2019-08-08,10.89,10.89,10.89,10.89,40
2019-08-09,10.4,11.39,10.4,11.38,1215
2019-08-13,10.82,11.3,10.82,11.16,232
2019-08-16,10.61,11.67,10.61,11.3,1513
2019-08-26,10.75,11.86,10.75,11.85,101
2019-08-27,11.26,12.43,11.26,12.31,20
2019-09-11,11.7,11.7,11.7,11.7,25
2019-09-13,11.12,11.7,11.12,11.68,198
2019-09-23,11.1,11.1,11.1,11.1,254
2019-09-24,10.56,11.65,10.56,11.61,51
2019-09-27,11.03,11.03,11.03,11.03,550
2019-10-14,9.93,11.67,9.93,11.65,710
2019-10-16,10.49,11.95,10.49,11.95,3
2019-10-22,10.76,10.76,10.76,10.76,2
2019-10-23,9.69,10.0,9.69,9.69,473
2019-10-24,9.62,10.39,9.29,10.33,2546
2019-10-29,10.0,10.0,9.49,9.79,808
2019-10-30,9.79,9.97,9.1,9.95,142
2019-10-31,9.95,10.2,9.0,9.67,548
2019-11-01,9.98,10.6,9.24,10.22,754
2019-11-04,10.0,10.75,10.0,10.54,92
2019-11-05,10.45,10.45,9.49,9.97,107
2019-11-06,9.8,10.68,9.8,10.5,264
2019-11-07,9.46,9.46,9.45,9.46,200
2019-11-08,9.45,9.6,9.01,9.07,203
2019-11-13,9.99,10.44,8.95,10.18,410
2019-11-15,10.14,10.73,9.6,10.59,1013
2019-11-18,11.64,11.64,9.91,11.55,12333
2019-11-19,11.63,11.8,11.1,11.8,1285
2019-11-22,11.21,11.21,11.21,11.21,5
2019-11-25,10.65,11.77,10.65,11.77,10939
2019-11-26,12.35,12.35,12.35,12.35,3990
2019-11-27,12.96,12.96,12.85,12.96,11520
2019-11-28,12.32,13.6,12.32,13.6,8233
2019-11-29,13.99,14.28,13.08,14.28,8852
2019-12-02,14.79,14.99,14.3,14.99,3322
2019-12-03,15.49,15.73,15.49,15.73,5593
2019-12-04,16.0,16.51,14.95,15.85,3595
2019-12-05,15.06,15.77,15.06,15.51,6711
2019-12-06,15.5,15.5,15.33,15.33,368
2019-12-09,15.21,15.21,15.0,15.0,425
2019-12-10,14.25,14.25,14.25,14.25,27
2019-12-11,14.25,14.96,14.25,14.95,3096
2019-12-12,15.58,15.58,14.21,14.94,170
2019-12-13,14.94,15.58,14.25,14.99,954
2019-12-16,14.98,14.98,14.25,14.95,545
2019-12-17,14.94,15.68,14.21,14.21,430
2019-12-18,13.5,13.5,13.5,13.5,30
2019-12-19,12.91,13.68,12.83,13.57,2611
2019-12-20,13.38,13.38,13.32,13.33,500
2019-12-23,13.94,13.94,13.94,13.94,10
2019-12-24,14.1,14.35,14.1,14.35,10
2019-12-26,14.89,14.89,13.8,13.8,1030
2019-12-27,14.31,14.31,14.16,14.16,401
2019-12-30,14.83,14.83,14.0,14.08,231
2020-01-02,14.25,14.25,14.25,14.25,25
2020-01-03,14.92,14.92,13.55,14.32,236
2020-01-06,13.98,13.98,13.97,13.97,90
2020-01-07,13.3,14.56,13.3,14.56,210
2020-01-08,15.21,15.21,15.21,15.21,10
2020-01-09,14.99,14.99,14.99,14.99,39
2020-01-13,15.68,15.68,15.68,15.68,10
2020-01-15,16.4,16.4,16.4,16.4,10
2020-01-20,15.58,15.58,15.58,15.58,50
2020-01-22,14.81,14.81,14.81,14.81,31
2020-01-23,14.07,14.99,14.07,14.99,90
2020-01-24,14.25,14.25,14.25,14.25,100
2020-01-30,14.65,14.94,14.35,14.94,28
2020-01-31,15.62,15.62,14.2,14.2,11
2020-02-04,14.24,14.24,14.24,14.24,5
2020-02-05,14.57,14.57,14.57,14.57,50
2020-02-06,13.85,13.85,13.85,13.85,1
2020-02-07,13.5,13.5,13.16,13.17,705
2020-02-10,13.17,13.17,12.65,13.17,660
2020-02-11,13.2,13.6,13.2,13.6,210
2020-02-12,12.92,12.92,12.92,12.92,42
2020-02-14,12.35,12.9,12.35,12.9,805
2020-02-17,12.26,12.7,12.26,12.7,1225
2020-02-18,13.29,13.29,13.29,13.29,10
2020-02-20,13.74,13.74,13.74,13.74,5
2020-02-24,13.7,13.7,13.7,13.7,100
2020-02-27,14.27,14.27,14.1,14.1,1050
2020-04-03,13.4,13.4,13.4,13.4,20
2020-04-07,12.73,14.05,12.73,14.05,25
2020-04-08,13.35,13.35,13.35,13.35,15
2020-04-09,12.69,12.69,12.69,12.69,110
2020-04-15,12.06,12.06,12.06,12.06,10
2020-04-16,11.46,11.46,11.46,11.46,10
2020-04-17,10.89,12.0,10.89,10.89,776
2020-04-20,11.42,11.42,10.35,10.36,3987
2020-04-21,10.8,10.84,10.1,10.1,342
2020-04-22,9.66,10.54,9.66,10.43,480
2020-04-24,10.7,10.92,10.25,10.92,235
2020-04-27,10.8,11.25,10.4,10.93,183
2020-04-29,11.47,11.47,11.47,11.47,5
2020-04-30,10.9,10.9,10.9,10.9,5
2020-05-04,10.36,10.36,10.36,10.36,18
2020-05-05,9.93,10.44,9.85,10.44,403
2020-05-06,9.92,9.92,9.92,9.92,10
2020-05-07,9.6,9.6,9.43,9.43,307
2020-05-08,9.79,9.79,9.79,9.79,17
2020-05-11,9.51,9.84,9.31,9.84,214
2020-05-13,9.45,9.45,9.35,9.45,631
2020-05-15,9.36,9.45,9.04,9.05,1050
2020-05-18,8.65,9.5,8.65,8.67,213
2020-05-19,8.25,9.05,8.25,8.65,86
2020-05-20,8.31,9.08,8.31,9.08,1111
2020-05-21,8.9,8.9,8.9,8.9,30
2020-05-22,8.56,8.56,8.56,8.56,108
2020-05-26,8.25,8.25,8.25,8.25,100
2020-05-27,8.51,8.51,8.46,8.46,100
2020-05-28,8.34,8.6,8.34,8.6,200
2020-05-29,8.99,8.99,8.31,8.35,130
2020-06-01,8.25,8.75,8.25,8.46,160
2020-06-02,8.25,8.88,8.25,8.8,927
2020-06-04,8.6,9.24,8.6,9.24,239
2020-06-05,8.74,10.16,8.74,10.16,702
2020-06-08,10.66,11.17,10.66,11.17,1300
2020-06-09,12.28,12.28,11.41,12.2,1405
2020-06-10,11.6,12.0,11.6,11.6,202
2020-06-11,11.15,11.4,11.02,11.07,2009
2020-06-12,10.55,10.55,10.52,10.52,650
2020-06-15,10.05,10.05,10.0,10.0,1300
2020-06-18,10.5,10.5,10.5,10.5,650
2020-06-19,10.97,10.97,10.97,10.97,54
2020-06-22,10.62,11.34,10.61,10.99,766
2020-06-23,11.48,11.52,11.48,11.52,600
2020-06-24,12.06,12.08,11.15,12.08,1362
2020-06-26,12.15,12.15,11.48,11.5,1400
2020-06-29,11.36,11.36,11.36,11.36,8
2020-06-30,11.92,11.92,11.43,11.43,6
2020-07-02,12.0,12.0,12.0,12.0,1300
2020-07-03,12.58,12.58,12.58,12.58,1920
2020-07-06,12.6,13.14,12.33,13.08,252
2020-07-08,12.43,13.18,12.43,12.51,1080
2020-07-09,11.9,12.45,11.9,12.15,1011
2020-07-13,11.55,11.55,11.55,11.55,200
2020-07-14,10.98,10.98,10.98,10.98,200
2020-07-16,10.98,11.0,10.98,11.0,350
2020-07-17,10.45,10.45,10.45,10.45,200
2020-07-20,9.93,10.73,9.93,9.96,641
2020-07-21,10.0,10.0,9.66,9.72,319
2020-07-22,10.13,10.2,9.75,9.78,1314
2020-07-23,9.75,10.26,9.51,9.98,364
2020-07-24,9.83,10.35,9.61,9.85,942
2020-07-27,9.89,9.89,9.52,9.74,200
2020-07-28,10.0,10.22,9.6,9.79,282
2020-07-29,9.95,9.95,9.95,9.95,17
2020-07-30,9.65,9.75,9.65,9.75,133
2020-07-31,9.77,9.77,9.77,9.77,22
2020-08-03,9.53,9.53,9.53,9.53,10
2020-08-04,10.0,10.0,9.73,9.73,110
2020-08-13,10.21,10.21,10.21,10.21,33
2020-08-14,10.72,10.72,10.72,10.72,1000
2020-08-17,11.0,11.25,10.81,11.07,2848
2020-08-18,11.58,11.62,11.58,11.62,797
2020-08-19,11.3,11.32,11.3,11.32,165
2020-08-20,10.99,11.86,10.99,11.5,26
2020-08-21,12.07,12.07,11.48,11.69,1527
2020-08-24,11.45,12.16,11.45,12.16,11
2020-08-25,11.6,11.6,11.6,11.6,483
2020-08-26,12.0,12.0,12.0,12.0,173
2020-08-27,12.25,12.25,12.25,12.25,25
2020-08-28,12.4,12.84,11.64,11.71,1957
2020-08-31,11.15,11.15,11.13,11.13,210
2020-09-02,10.6,10.98,10.58,10.98,336
2020-09-03,10.45,10.45,10.44,10.45,2601
2020-09-08,10.0,10.0,9.95,9.95,167
2020-09-10,9.71,9.71,9.71,9.71,199
2020-09-11,9.99,10.19,9.71,10.19,49
2020-09-14,9.73,9.73,9.73,9.73,566
2020-09-15,10.01,10.01,9.73,10.0,442
2020-09-18,9.5,10.28,9.5,10.28,335
2020-09-21,10.0,10.66,9.77,9.77,1604
2020-09-22,9.68,9.68,9.68,9.68,200
2020-09-24,9.6,9.6,9.6,9.6,2
2020-09-28,9.16,9.16,9.16,9.16,100
2020-09-30,8.75,8.77,8.75,8.77,866
2020-10-01,9.2,9.2,8.65,8.65,870
2020-10-08,8.7,8.7,8.7,8.7,15
2020-10-09,7.83,8.36,7.83,8.36,32
2020-10-19,8.2,8.36,7.6,8.36,133
2020-10-22,9.19,9.19,9.0,9.1,5577
2020-10-23,10.01,10.01,9.03,9.03,200
2020-10-28,8.6,9.0,8.16,9.0,67
2020-10-29,9.84,9.84,8.28,8.28,200
2020-10-30,9.1,9.1,9.1,9.1,1
2020-11-03,8.5,8.5,8.5,8.5,50
2020-11-06,8.35,8.35,8.35,8.35,2
2020-11-09,9.18,9.18,9.18,9.18,150
2020-11-10,10.07,10.07,8.59,8.59,12
2020-11-11,8.5,8.5,8.5,8.5,101
2020-11-12,8.5,9.35,7.65,9.35,1035
2020-11-13,8.9,8.9,8.43,8.61,3812
2020-11-14,8.6,9.29,8.6,8.8,104
2020-11-17,8.8,8.8,8.69,8.8,590
2020-11-18,9.64,9.64,9.64,9.64,110
2020-11-19,10.54,10.54,10.49,10.49,110
2020-11-20,9.45,9.58,9.45,9.52,10
2020-11-23,8.66,9.29,8.66,9.29,155
2020-11-24,8.61,9.79,8.61,8.88,1202
2020-11-26,9.0,9.38,9.0,9.38,201
2020-11-27,9.6,9.68,8.98,9.46,311
2020-12-01,8.95,9.67,8.81,9.65,289
2020-12-02,8.86,8.86,8.86,8.86,100
2020-12-03,9.65,9.65,9.01,9.06,1633
2020-12-07,9.88,10.2,9.6,9.82,1169
2020-12-08,9.87,10.52,9.87,10.25,434
2020-12-09,9.92,11.98,9.92,11.92,1588
2020-12-10,11.86,12.0,10.5,11.8,2073
2020-12-11,12.9,12.93,10.9,12.0,1226
2020-12-14,12.5,13.0,11.7,12.99,4646
2020-12-15,14.77,15.54,12.71,13.7,981
2020-12-16,14.38,14.4,13.8,13.8,571
2020-12-17,13.82,14.07,13.04,13.84,3499
2020-12-18,14.45,14.5,12.73,13.0,1596
2020-12-21,13.52,13.9,12.43,12.44,2105
2020-12-22,11.5,12.5,11.13,12.05,2526
2020-12-23,11.58,12.91,11.58,12.8,636
2020-12-24,13.4,13.4,12.25,12.25,939
2020-12-28,12.8,12.8,12.33,12.38,657
2020-12-29,12.35,12.37,12.08,12.33,140
2020-12-30,12.69,12.69,12.29,12.29,1051
2020-12-31,12.37,13.0,12.15,12.76,7202
2021-01-01,12.95,13.17,12.5,12.5,1512
2021-01-04,13.02,13.9,13.02,13.1,3749
2021-01-05,14.1,14.27,14.0,14.03,5165
2021-01-06,13.83,16.83,13.53,16.83,24914
2021-01-07,19.8,20.19,19.8,20.19,27934
2021-01-08,22.19,22.2,21.0,22.2,25910
2021-01-11,23.9,24.42,20.97,24.42,95026
2021-01-12,24.95,25.17,22.05,24.21,22105
2021-01-13,24.05,24.3,22.83,23.5,7445
2021-01-14,22.35,24.3,22.33,22.33,4980
2021-01-15,21.22,21.25,21.22,21.22,1912
2021-01-18,20.16,20.16,20.16,20.16,1644
2021-01-19,19.16,20.45,19.16,19.16,6245
2021-01-20,19.46,19.99,19.46,19.98,1489
2021-01-21,19.45,19.7,19.2,19.7,1080
2021-01-22,19.7,19.7,18.75,18.75,404
2021-01-25,17.83,17.83,17.82,17.82,1258
2021-01-27,16.94,16.95,16.93,16.93,2756
2021-01-28,16.2,17.77,16.2,17.42,1008
2021-01-29,16.75,18.29,16.75,18.05,5472
2021-02-01,18.4,18.4,17.2,18.1,765
2021-02-02,18.7,18.7,17.3,17.75,113
2021-02-03,17.0,18.2,17.0,17.75,1039
2021-02-04,17.05,18.2,17.05,18.1,1348
2021-02-05,17.35,17.95,17.2,17.95,652
2021-02-08,17.15,17.2,17.1,17.15,513
2021-02-09,16.6,17.1,16.6,17.1,104
2021-02-10,16.35,17.45,16.35,17.45,365
2021-02-11,16.75,17.2,16.75,17.2,367
2021-02-12,16.65,17.5,16.65,17.5,23
2021-02-15,16.75,16.75,16.65,16.65,2155
2021-02-16,15.9,16.95,15.85,16.4,3668
2021-02-18,15.6,15.6,15.6,15.6,500
2021-02-19,15.7,15.7,14.85,14.85,1762
2021-02-22,14.85,14.85,14.2,14.85,1995
2021-02-23,14.15,15.3,14.15,15.15,1712
2021-02-24,15.3,15.4,14.7,15.4,357
2021-02-25,14.75,16.15,14.65,15.9,3061
2021-02-26,15.45,15.9,15.15,15.6,390
2021-03-01,14.85,15.8,14.85,15.8,402
2021-03-02,15.1,16.5,15.1,16.25,549
2021-03-03,16.6,16.95,15.5,16.7,484
2021-03-04,15.9,16.6,15.9,16.6,1056
2021-03-05,15.9,16.45,15.9,16.4,103
2021-03-08,16.5,16.5,16.5,16.5,1
2021-03-09,15.7,16.35,15.7,16.25,358
2021-03-12,16.25,16.6,15.5,16.2,403
2021-03-15,15.75,15.75,15.75,15.75,275
2021-03-16,15.6,15.7,15.0,15.4,583
2021-03-17,15.4,15.4,14.65,15.2,1096
2021-03-18,14.45,14.9,14.45,14.8,211
2021-03-19,14.15,14.85,14.15,14.85,2
2021-03-22,14.4,14.75,14.4,14.75,78
2021-03-23,14.05,14.05,14.05,14.05,500
2021-03-24,13.4,13.4,13.35,13.35,2170
2021-03-25,12.8,14.0,12.75,14.0,1400
2021-03-26,13.4,13.6,13.4,13.5,1087
2021-03-30,13.9,13.9,12.85,13.45,251
2021-03-31,13.55,13.8,13.5,13.8,318
2021-04-01,13.55,14.15,13.5,13.5,2004
2021-04-05,13.5,14.1,12.87,14.02,5053
2021-04-06,13.8,14.03,13.8,13.99,211
2021-04-08,13.3,14.62,13.3,14.56,422
2021-04-09,13.9,13.9,13.84,13.84,155
2021-04-12,13.84,13.84,13.7,13.7,182
2021-04-13,13.7,14.3,13.08,13.76,88
2021-04-15,13.1,14.19,13.1,13.2,2982
2021-04-16,13.2,13.79,13.2,13.79,2550
2021-04-19,13.78,13.78,13.12,13.12,675
2021-04-20,13.59,13.77,12.71,13.76,901
2021-04-22,13.68,13.68,13.08,13.08,208
2021-04-23,13.08,13.43,12.45,13.43,16569
2021-04-26,13.35,13.35,12.8,12.82,514
2021-04-27,13.2,13.2,12.32,12.48,1254
2021-04-28,13.03,13.03,13.0,13.0,204
2021-04-29,13.2,13.2,12.56,12.56,32
2021-04-30,12.2,13.09,12.2,12.26,263
2021-05-03,12.85,12.85,12.45,12.45,891
2021-05-05,13.05,13.05,11.93,12.97,992
2021-05-06,12.34,12.96,12.34,12.6,447
2021-05-07,12.95,12.95,12.95,12.95,100
2021-05-10,13.59,13.59,12.32,12.55,3113
2021-05-11,13.17,13.17,13.17,13.17,6
2021-05-12,13.69,13.69,13.17,13.21,571
2021-05-14,13.87,13.87,13.87,13.87,83
2021-05-17,14.56,14.56,14.56,14.56,271
2021-05-18,15.28,15.28,14.08,15.25,838
2021-05-19,15.47,15.95,14.5,15.01,1524
2021-05-20,14.4,15.3,14.26,14.26,3626
2021-05-21,14.26,14.49,13.55,14.06,6898
2021-05-24,13.97,14.72,13.38,14.68,1564
2021-05-25,15.0,15.12,14.43,14.43,2911
2021-05-26,15.07,15.1,14.73,14.85,820
2021-05-27,15.15,15.5,14.65,15.06,386
2021-05-28,14.78,15.81,14.35,15.12,833
2021-05-31,15.17,15.7,14.37,14.91,1928
2021-06-01,14.97,15.6,14.51,14.88,1226
2021-06-02,14.97,15.55,14.43,14.87,2935
2021-06-03,14.9,15.61,14.9,15.6,3548
2021-06-04,15.57,16.38,15.28,16.31,9086
2021-06-07,17.19,17.94,17.19,17.94,13913
2021-06-08,17.91,19.73,17.91,19.73,16359
2021-06-09,21.58,21.59,19.14,21.15,27126
2021-06-10,21.6,22.2,21.3,22.2,11365
2021-06-11,23.3,23.31,21.09,22.32,21571
2021-06-14,21.9,21.9,21.21,21.21,3893
2021-06-15,20.15,21.06,20.15,20.83,14295
2021-06-16,20.15,20.15,19.79,19.79,1261
2021-06-17,19.78,19.78,18.81,18.82,3135
2021-06-18,18.05,19.55,17.88,19.54,1745
2021-06-21,20.49,20.49,18.58,18.78,2130
2021-06-22,18.06,19.71,18.06,19.71,2892
2021-06-23,19.71,20.64,18.77,20.36,2138
2021-06-24,19.35,19.35,19.35,19.35,168
2021-06-25,19.35,20.14,18.39,18.51,2631
2021-06-28,17.7,19.14,17.64,19.13,1839
2021-06-29,19.96,19.96,19.74,19.78,133
2021-06-30,18.8,18.8,18.8,18.8,391
2021-07-01,19.55,19.55,18.75,18.75,2
2021-07-02,18.7,18.7,17.85,17.85,200
2021-07-05,17.1,18.65,17.1,18.6,927
2021-07-06,18.6,18.6,17.7,17.7,1905
2021-07-07,18.5,18.5,17.05,17.45,288
2021-07-08,18.3,18.3,18.0,18.0,90
2021-07-09,18.9,18.9,17.5,17.5,868
2021-07-12,17.85,18.2,16.65,18.1,7526
2021-07-13,18.65,18.65,17.25,17.7,230
2021-07-14,18.55,18.55,17.5,17.75,3315
2021-07-15,17.55,18.6,17.55,18.5,2093
2021-07-16,18.55,19.4,18.55,19.4,2047
2021-07-19,20.35,20.35,19.0,20.35,8318
2021-07-20,21.3,21.35,19.5,21.35,2642
2021-07-22,22.4,22.4,22.4,22.4,1576
2021-07-23,23.5,23.5,22.8,23.5,3158
2021-07-26,24.0,24.65,23.1,24.15,10362
2021-07-27,24.15,25.35,23.45,25.15,26074
2021-07-28,26.0,26.4,25.25,26.4,15452
2021-07-29,27.7,27.7,27.7,27.7,6124
2021-07-30,29.05,29.05,29.05,29.05,4427
2021-08-02,30.5,30.5,30.5,30.5,9237
2021-08-03,32.0,32.0,31.05,32.0,15173
2021-08-04,33.0,33.6,32.85,33.6,16692
2021-08-05,35.25,35.25,31.95,35.0,47257
2021-08-06,36.05,36.75,33.25,33.25,61939
2021-08-09,31.6,31.6,31.6,31.6,242
2021-08-10,30.05,30.05,30.05,30.05,376
2021-08-11,28.55,28.55,28.55,28.55,203
2021-08-12,27.15,27.15,27.15,27.15,175
2021-08-13,25.8,25.8,25.8,25.8,910
2021-08-16,24.55,24.55,24.55,24.55,617
2021-08-17,23.35,23.35,23.35,23.35,103
2021-08-18,22.2,22.2,22.2,22.2,110
2021-08-20,21.1,21.1,21.1,21.1,152
2021-08-23,20.05,20.05,20.05,20.05,56
2021-08-24,19.05,19.05,19.05,19.05,213
2021-08-25,18.1,20.0,18.1,20.0,10413
2021-08-26,21.0,21.0,19.2,20.85,20181
2021-08-27,19.95,21.85,19.95,21.85,7892
2021-08-30,21.85,22.8,20.85,22.7,2901
2021-08-31,22.65,23.65,21.7,22.45,2904
2021-09-01,21.45,23.0,21.35,22.7,3294
2021-09-02,22.7,22.7,21.6,21.6,1027
2021-09-03,20.55,22.3,20.55,21.45,375
2021-09-06,21.45,21.45,20.4,20.4,784
2021-09-07,19.4,19.4,19.4,19.4,967
2021-09-08,19.4,20.3,18.45,20.1,9408
2021-09-09,20.35,20.35,19.1,19.65,893
2021-09-13,20.25,20.35,18.7,19.85,2498
2021-09-14,19.0,20.3,18.9,19.7,3008
2021-09-15,19.7,19.8,18.95,19.7,1341
2021-09-16,18.8,20.25,18.75,19.1,2975
2021-09-17,19.95,20.0,18.85,19.75,2407
2021-09-20,19.35,19.35,18.8,18.8,909
2021-09-21,18.5,18.8,18.05,18.8,896
2021-09-22,18.4,19.2,17.9,18.25,3119
2021-09-23,17.65,18.85,17.65,18.7,1138
2021-09-24,17.85,18.7,17.85,18.65,668
2021-09-27,17.75,19.2,17.75,17.8,3473
2021-09-29,18.5,18.65,17.55,18.35,651
2021-09-30,18.0,18.4,17.55,18.3,2697
2021-10-01,17.45,19.15,17.45,19.0,1652
2021-10-04,19.95,19.95,18.25,19.3,3062
2021-10-05,19.9,19.9,18.4,19.55,802
2021-10-06,19.6,20.3,19.05,20.2,799
2021-10-07,20.95,20.95,19.8,20.95,108
2021-10-08,20.95,21.95,20.35,21.65,3469
2021-10-11,22.1,22.7,20.95,22.35,4271
2021-10-12,23.4,23.4,22.1,23.35,7277
2021-10-13,22.3,24.5,22.3,24.5,9474
2021-10-14,24.5,25.25,23.3,23.3,7315
2021-10-18,24.4,24.4,22.15,22.2,12300
2021-10-19,21.5,23.25,21.25,22.8,7252
2021-10-20,23.4,23.5,22.9,23.25,317
2021-10-21,23.5,23.5,22.25,22.3,2211
2021-10-22,22.75,22.75,22.5,22.65,192
2021-10-25,23.6,23.6,21.75,22.3,3881
2021-10-26,21.6,22.3,21.3,21.65,993
2021-10-27,22.55,22.65,21.8,22.5,1289
2021-10-28,22.05,22.3,21.6,21.75,601
2021-10-29,21.2,22.0,21.05,21.3,1522
2021-11-01,22.35,22.35,21.55,21.65,909
2021-11-02,22.6,22.6,21.5,21.5,1102
2021-11-03,21.05,22.2,20.75,21.3,2220
2021-11-04,22.35,22.35,21.6,22.0,1031
2021-11-08,22.35,23.0,21.35,22.5,2296
2021-11-09,23.4,23.4,21.45,21.95,3519
2021-11-10,21.0,22.2,21.0,21.65,2362
2021-11-11,22.3,22.35,21.65,22.15,1511
2021-11-12,21.5,22.15,21.5,22.15,451
2021-11-15,21.4,21.7,21.05,21.05,2070
2021-11-16,21.35,22.1,20.6,21.2,3608
2021-11-17,21.9,22.25,21.7,21.95,2015
2021-11-18,21.0,22.65,21.0,21.8,2492
2021-11-22,21.25,22.65,21.25,21.85,2447
2021-11-23,21.0,21.4,21.0,21.15,2919
2021-11-24,21.05,21.7,20.1,20.25,6356
2021-11-25,20.8,20.85,19.25,19.3,9299
2021-11-26,19.45,19.8,18.95,19.4,10502
2021-11-29,18.85,18.85,18.45,18.45,6275
2021-11-30,18.45,19.0,18.4,18.85,6459
2021-12-01,18.3,19.55,18.0,18.1,6060
2021-12-02,18.9,19.0,18.3,19.0,5901
2021-12-03,19.65,19.7,19.3,19.3,1654
2021-12-06,19.25,20.25,18.6,20.25,6135
2021-12-07,20.25,20.9,20.0,20.85,1553
2021-12-08,21.85,21.85,20.5,20.85,5394
2021-12-09,21.7,21.85,21.5,21.75,16284
2021-12-10,20.8,22.8,20.8,22.75,6747
2021-12-13,23.85,23.85,23.85,23.85,1512
2021-12-14,24.0,25.0,24.0,25.0,2365
2021-12-15,26.25,26.25,26.25,26.25,666
2021-12-16,27.55,27.55,27.55,27.55,2151
2021-12-17,28.9,28.9,28.9,28.9,613
2021-12-20,30.15,30.15,27.5,27.5,6428
2021-12-21,26.5,28.0,26.15,26.15,5148
2021-12-22,25.2,27.45,24.85,27.45,7559
2021-12-23,28.8,28.8,28.8,28.8,1211
2021-12-24,30.2,30.2,30.2,30.2,4793
2021-12-27,31.7,31.7,31.7,31.7,265
2021-12-28,33.25,33.25,33.2,33.25,6477
2021-12-29,34.9,34.9,34.05,34.9,3493
2021-12-30,36.6,36.6,35.75,36.6,3211
2021-12-31,37.95,38.4,37.95,38.4,3061
2022-01-03,40.1,40.3,39.55,40.3,3305
2022-01-04,42.3,42.3,38.3,38.35,20717
2022-01-05,36.45,36.45,36.45,36.45,740
2022-01-06,34.65,34.65,34.65,34.65,4760
2022-01-07,33.1,36.35,33.1,36.35,12338
2022-01-10,37.8,37.8,34.55,37.0,25108
2022-01-11,37.55,37.55,35.15,35.15,14028
2022-01-12,34.1,36.35,34.1,34.1,5383
2022-01-13,34.2,34.85,32.4,32.45,7988
2022-01-14,31.1,32.2,30.85,31.55,7476
2022-01-17,31.8,33.1,30.1,33.1,14503
2022-01-18,34.5,34.5,32.25,33.85,4880
2022-01-19,34.75,35.2,32.3,34.4,8286
2022-01-20,34.7,34.7,33.0,33.5,1511
2022-01-21,32.05,34.15,31.85,32.65,8786
2022-01-24,32.65,32.65,31.05,31.75,1530
2022-01-25,30.2,31.75,30.2,30.2,2981
2022-01-27,30.0,30.0,28.7,28.75,1614
2022-01-28,30.1,30.1,27.8,28.55,2084
2022-01-31,29.45,29.45,27.25,27.45,3230
2022-02-01,28.4,28.8,26.4,28.8,2709
2022-02-02,30.15,30.2,30.15,30.2,2187
2022-02-03,31.3,31.7,31.3,31.7,3653
2022-02-04,33.25,33.25,33.25,33.25,15980
2022-02-07,34.6,34.6,31.6,33.25,5091
2022-02-08,33.25,33.25,31.6,31.6,760
2022-02-09,31.1,32.75,30.25,32.7,310
2022-02-10,31.1,31.1,31.1,31.1,601
2022-02-11,29.55,32.65,29.55,32.2,6197
2022-02-14,30.6,33.75,30.6,30.75,11445
2022-02-15,29.35,32.25,29.25,31.15,9084
2022-02-16,31.9,32.45,30.05,30.6,1581
2022-02-17,32.1,32.1,29.7,31.55,3323
2022-02-18,31.5,32.5,30.25,32.45,1450
2022-02-21,33.5,33.5,30.85,31.0,404
2022-02-22,29.45,29.45,29.45,29.45,200
2022-02-23,30.85,30.9,28.1,30.3,7289
2022-02-24,31.2,31.2,28.8,28.8,2920
2022-02-25,27.45,29.7,27.4,28.6,4659
2022-02-28,28.7,28.7,27.8,28.3,142
2022-03-02,28.7,29.45,27.75,28.35,3401
2022-03-03,28.95,29.35,27.5,28.1,554
2022-03-04,27.1,29.5,27.1,29.35,681
2022-03-07,28.45,30.8,28.0,28.75,6164
2022-03-08,30.15,30.15,28.75,30.15,1416
2022-03-09,31.4,31.65,29.05,31.1,4869
2022-03-10,31.05,32.65,31.05,32.55,442
2022-03-11,33.9,33.9,31.1,33.85,3065
2022-03-14,35.2,35.5,32.25,35.5,11867
2022-03-15,36.05,37.0,34.0,35.95,5909
2022-03-16,37.0,37.7,35.0,35.1,3119
2022-03-17,33.35,36.65,33.35,35.05,2817
2022-03-21,33.3,35.0,33.3,33.5,523
2022-03-22,32.0,34.35,31.85,32.5,1554
2022-03-23,33.6,34.05,31.45,33.95,657
2022-03-24,32.5,34.65,32.3,32.3,823
2022-03-25,33.85,33.85,32.4,33.85,164
2022-03-28,33.75,34.95,32.2,32.25,1816
2022-03-29,31.45,33.5,30.95,31.4,687
2022-03-30,32.9,32.9,31.1,31.45,203
2022-03-31,32.9,33.0,31.8,32.25,1122
2022-04-01,32.25,33.0,31.2,32.55,1735
2022-04-04,33.95,33.95,32.35,32.7,2536
2022-04-05,33.05,33.75,32.2,32.4,204
2022-04-06,33.55,33.9,31.25,33.55,7624
2022-04-07,35.05,35.05,32.4,34.1,2668
2022-04-08,36.15,36.15,32.85,33.3,3470
2022-04-11,34.4,34.8,32.45,32.6,819
2022-04-12,33.1,33.3,31.5,31.75,1583
2022-04-13,32.2,32.2,30.8,31.75,1485
2022-04-18,31.8,34.6,31.8,34.05,3187
2022-04-19,31.0,34.4,30.95,32.05,2692
2022-04-20,32.45,32.8,31.45,31.6,224
2022-04-21,31.85,33.25,31.55,32.55,3704
2022-04-22,31.05,32.0,31.0,32.0,1458
2022-04-25,30.5,32.65,30.5,31.6,3727
2022-04-26,32.1,34.75,31.35,34.75,7174
2022-04-27,35.5,38.2,34.1,38.2,18599
2022-04-28,41.9,41.9,35.5,35.55,15716
2022-04-29,37.15,39.1,36.25,39.1,11800
2022-05-02,39.95,39.95,35.8,36.7,7550
2022-05-04,36.05,38.25,33.25,34.1,6552
2022-05-05,35.65,37.5,34.05,36.5,4488
2022-05-06,37.6,37.95,34.7,34.7,3432
2022-05-09,35.75,35.75,33.0,33.05,1755
2022-05-10,31.5,33.1,31.5,33.1,2498
2022-05-11,32.1,33.25,31.45,31.5,664
2022-05-12,32.0,32.75,29.95,29.95,1392
2022-05-13,28.6,31.4,28.6,31.4,392
2022-05-16,32.85,32.85,30.6,31.25,1217
2022-05-17,30.55,32.8,30.55,32.8,1302
2022-05-18,34.4,34.4,31.65,33.55,3379
2022-05-19,31.9,33.0,31.9,31.9,1135
2022-05-20,31.9,33.3,31.2,32.85,1514
2022-05-23,32.85,32.85,31.25,31.25,706
2022-05-24,32.35,32.35,29.75,30.95,3491
2022-05-25,29.5,31.3,29.45,30.1,381
2022-05-26,29.45,30.6,28.65,29.95,77
2022-05-27,31.15,31.15,28.7,30.25,42
2022-05-30,28.75,28.75,28.75,28.75,2552
2022-05-31,27.35,27.35,27.35,27.35,370
2022-06-01,26.0,28.0,26.0,27.2,3693
2022-06-02,28.15,28.45,26.85,27.2,688
2022-06-03,26.2,28.45,25.85,27.3,3758
2022-06-06,26.0,27.8,25.95,26.3,6229
2022-06-07,25.15,26.5,25.1,26.45,624
2022-06-08,26.55,26.55,25.45,25.6,101
2022-06-09,25.6,26.55,25.6,26.55,5400
2022-06-10,25.25,25.25,25.25,25.25,1382
2022-06-13,25.25,25.4,24.05,24.95,5305
2022-06-14,25.4,25.4,23.8,24.45,796
2022-06-15,23.6,25.05,23.6,25.05,1012
2022-06-16,24.0,24.0,23.8,23.8,1151
2022-06-17,24.35,24.35,24.35,24.35,1
2022-06-20,24.9,24.9,23.15,23.15,287
2022-06-21,22.9,23.95,22.0,22.75,2501
2022-06-22,23.65,23.65,22.45,22.75,583
2022-06-23,23.3,23.3,21.7,22.75,279
2022-06-24,23.0,23.4,21.7,22.35,1230
2022-06-27,23.0,23.45,22.05,23.45,1270
2022-06-28,22.95,23.55,22.45,22.5,903
2022-06-29,23.2,23.2,21.6,22.3,2279
2022-06-30,22.25,23.4,22.25,22.45,1670
2022-07-01,22.8,23.25,22.45,23.0,1045
2022-07-04,23.25,23.55,22.95,23.4,158
2022-07-05,22.9,23.65,22.7,23.6,498
2022-07-06,23.8,24.75,23.7,24.75,3236
2022-07-07,25.5,25.95,25.5,25.95,13310
2022-07-08,25.0,26.85,24.7,24.7,7266
2022-07-11,24.65,25.8,24.6,25.55,1205
2022-07-12,25.75,26.5,24.3,24.7,6518
2022-07-13,23.6,25.65,23.5,23.5,6061
2022-07-14,23.2,23.2,22.35,22.35,1191
2022-07-15,22.1,23.05,21.3,21.55,2526
2022-07-18,21.85,22.45,21.8,22.45,316
2022-07-19,23.0,23.55,21.55,21.9,2553
2022-07-20,22.2,22.75,22.2,22.75,301
2022-07-21,23.0,23.85,22.2,23.8,888
2022-07-22,23.75,24.25,22.95,23.95,2238
2022-07-25,25.0,25.0,22.8,22.8,4278
2022-07-26,23.2,23.45,22.8,23.05,1253
2022-07-27,22.2,23.4,22.2,22.8,1126
2022-07-28,22.65,23.55,22.25,22.55,2370
2022-07-29,23.0,23.3,22.85,23.3,112
2022-08-01,23.8,24.0,22.7,23.15,1517
2022-08-02,23.45,23.5,22.45,23.2,1269
2022-08-03,24.1,24.1,22.85,23.8,805
2022-08-04,24.0,24.85,23.15,24.5,1668
2022-08-05,24.95,25.8,23.25,24.3,2599
2022-08-08,24.95,24.95,23.85,24.7,2235
2022-08-10,25.45,25.45,23.0,23.5,2111
2022-08-11,24.4,24.4,22.95,23.45,328
2022-08-12,24.45,24.45,23.15,23.25,386
2022-08-16,21.45,23.6,21.45,22.65,2499
2022-08-17,22.9,23.35,22.5,22.7,807
2022-08-18,23.15,23.5,22.35,23.5,1624
2022-08-19,25.0,25.0,23.7,23.95,2232
2022-08-22,23.4,23.95,22.85,23.4,315
2022-08-23,23.45,24.3,23.4,24.1,474
2022-08-24,26.0,26.0,23.6,24.4,4616
2022-08-25,24.05,25.05,23.9,24.5,6031
2022-08-26,24.85,25.25,24.7,24.75,1635
2022-08-29,23.9,24.25,23.45,24.25,559
2022-08-30,24.65,25.2,24.3,24.55,1862
2022-09-01,24.1,24.45,22.65,24.0,299
2022-09-02,25.0,25.65,24.15,25.3,5391
2022-09-05,27.8,27.8,26.55,27.8,5126
2022-09-06,30.25,30.25,27.15,28.0,2074
2022-09-07,27.3,28.55,27.3,27.75,963
2022-09-08,29.25,30.4,26.8,29.4,2443
2022-09-09,32.25,32.25,26.8,30.25,1901
2022-09-12,30.95,31.0,27.6,28.85,5504
2022-09-13,30.75,30.9,28.4,29.1,1994
2022-09-14,30.85,32.0,28.25,32.0,19963
2022-09-15,33.0,35.2,32.05,35.2,49062
2022-09-16,36.35,36.35,33.45,33.45,14878
2022-09-19,32.05,33.1,31.8,31.8,3017
2022-09-20,31.8,31.8,30.8,31.0,879
2022-09-21,30.8,30.95,29.6,29.75,3011
2022-09-22,28.35,29.75,28.3,28.5,3771
2022-09-23,29.75,29.9,27.2,28.45,5098
2022-09-26,27.3,29.85,27.3,28.65,1086
2022-09-27,28.6,30.0,28.6,29.9,342
2022-09-28,31.15,31.15,28.45,29.9,1693
2022-09-29,31.3,31.3,28.45,29.7,1844
2022-09-30,31.1,31.1,28.25,28.95,221
2022-10-03,28.05,30.0,27.55,27.6,1159
2022-10-04,26.45,28.95,26.4,28.95,2246
2022-10-06,30.25,30.25,27.9,29.0,2483
2022-10-07,30.35,30.35,27.55,27.75,2457
2022-10-10,27.8,28.5,26.4,28.5,1229
2022-10-11,27.35,28.45,27.2,27.85,296
2022-10-12,27.75,28.25,26.5,26.75,1350
2022-10-13,26.1,27.75,25.7,26.6,331
2022-10-14,27.0,27.2,25.4,26.1,2656
2022-10-17,25.4,26.85,25.35,25.95,669
2022-10-18,27.0,27.0,24.85,26.95,191
2022-10-19,26.15,27.65,25.65,27.3,1032
2022-10-20,28.2,28.2,25.95,26.0,832
2022-10-21,25.8,27.2,25.8,27.2,116
2022-10-24,27.15,28.35,26.25,26.4,1562
2022-10-25,27.0,27.0,25.85,27.0,390
2022-10-27,26.0,27.15,25.7,25.7,724
2022-10-28,26.95,26.95,26.9,26.9,4
2022-10-31,25.65,27.75,25.65,27.55,225
2022-11-01,27.5,28.55,26.25,26.55,1152
2022-11-02,26.95,27.75,26.3,26.4,328
2022-11-03,27.7,27.7,26.8,26.8,101
2022-11-04,27.9,28.05,26.65,27.7,914
2022-11-07,26.7,27.7,26.7,27.05,2034
2022-11-09,27.5,28.05,25.95,27.9,579
2022-11-10,26.6,29.25,26.6,29.25,4946
2022-11-11,30.7,30.7,30.7,30.7,6153
2022-11-14,31.9,32.2,31.15,32.15,29043
2022-11-15,33.4,33.4,30.75,31.7,2413
2022-11-16,30.25,31.95,30.15,31.55,3271
2022-11-17,30.0,30.5,30.0,30.25,344
2022-11-18,28.75,30.0,28.75,29.8,2105
2022-11-21,28.45,29.8,28.45,29.3,554
2022-11-22,29.25,29.25,29.25,29.25,30
2022-11-23,27.95,27.95,27.95,27.95,312
2022-11-24,26.8,29.3,26.8,28.55,1055
2022-11-25,29.1,29.45,28.0,28.95,272
2022-11-28,27.9,28.9,27.55,28.5,1413
2022-11-29,28.85,28.85,27.15,28.1,2521
2022-11-30,27.15,28.35,27.15,27.8,482
2022-12-01,28.35,28.4,27.1,28.4,506
2022-12-02,28.35,29.0,28.0,28.85,3680
2022-12-05,29.75,30.25,28.85,30.25,7072
2022-12-06,29.4,30.1,29.35,29.6,8184
2022-12-07,29.55,30.25,29.05,29.45,9346
2022-12-08,29.85,30.0,29.55,29.85,390
2022-12-09,29.0,29.85,28.45,28.55,1026
2022-12-12,28.9,29.5,28.0,29.25,1873
2022-12-13,29.3,29.9,28.4,28.55,2544
2022-12-14,28.65,29.15,28.35,28.65,556
2022-12-15,28.75,29.15,27.25,27.45,1901
2022-12-16,28.2,28.4,27.75,28.3,571
2022-12-19,28.85,29.65,28.05,28.8,1598
2022-12-20,28.55,29.3,27.5,28.2,2805
2022-12-21,27.9,28.3,26.9,27.3,1548
2022-12-22,27.05,27.05,25.95,26.4,1733
2022-12-23,26.85,26.85,25.1,25.2,1993
2022-12-26,26.1,26.1,25.15,25.15,292
2022-12-27,25.65,25.75,24.5,24.9,1232
2022-12-28,25.2,25.2,24.9,25.2,321
2022-12-29,25.45,26.2,25.45,26.15,2074
2022-12-30,25.85,27.35,25.85,27.35,4450
2023-01-02,27.65,28.7,26.9,28.7,2818
2023-01-03,30.0,30.0,28.75,29.2,2161
2023-01-04,30.0,30.0,28.7,29.35,3664
2023-01-05,28.75,29.25,28.3,28.4,1080
2023-01-06,29.7,29.7,27.15,28.3,1191
2023-01-09,29.5,29.5,27.15,27.45,1406
2023-01-10,27.55,27.9,27.4,27.75,720
2023-01-11,27.25,28.3,26.75,26.75,1158
2023-01-12,27.1,27.2,26.1,26.3,970
2023-01-13,26.55,27.45,26.55,27.3,124
2023-01-16,27.7,28.65,27.7,27.85,3497
2023-01-17,28.5,29.2,28.5,29.2,3518
2023-01-18,29.9,30.65,28.7,29.65,9359
2023-01-19,28.75,29.15,28.25,28.5,4300
2023-01-20,28.85,29.7,27.2,29.4,8805
2023-01-23,29.1,29.25,27.95,28.2,7664
2023-01-24,28.15,28.65,28.05,28.45,1148
2023-01-25,28.55,28.7,28.0,28.15,1740
2023-01-27,28.05,28.1,27.0,27.05,292
2023-01-30,26.9,26.9,25.8,25.9,5575
2023-01-31,25.95,26.9,25.8,26.4,2773
2023-02-01,27.6,27.6,26.15,26.5,458
2023-02-02,25.3,26.05,25.25,26.0,1067
2023-02-03,25.5,25.85,25.2,25.25,2289
2023-02-06,26.3,26.5,26.0,26.4,320
2023-02-07,26.45,26.45,25.7,25.95,294
2023-02-08,25.8,28.15,25.3,26.3,1264
2023-02-09,26.45,26.7,24.5,24.55,6916
2023-02-10,25.0,25.6,24.8,25.0,512
2023-02-13,25.6,25.6,23.25,23.5,4534
2023-02-14,23.35,23.35,22.4,23.0,2698
2023-02-15,22.8,24.6,22.65,23.9,2300
2023-02-16,24.55,24.8,24.0,24.3,156
2023-02-17,23.6,23.9,22.25,22.65,1622
2023-02-20,22.8,24.9,22.45,24.9,9326
2023-02-21,27.35,27.35,27.35,27.35,3254
2023-02-22,30.05,30.05,30.05,30.05,5715
2023-02-23,31.55,31.55,31.55,31.55,2413
2023-02-24,33.1,33.1,30.1,30.25,61562
2023-02-27,30.25,31.0,29.05,29.7,2492
2023-02-28,30.1,31.15,30.0,30.45,6569
2023-03-01,30.1,31.97,28.95,31.97,8190
2023-03-02,32.15,33.56,32.15,33.14,12725
2023-03-03,34.79,34.79,34.0,34.79,7854
2023-03-06,36.5,36.52,36.5,36.52,3362
2023-03-08,36.53,38.34,36.53,38.34,4160
2023-03-09,40.25,40.25,36.43,36.43,2942
2023-03-10,34.61,34.61,34.61,34.61,190
2023-03-13,33.0,34.47,32.88,32.88,1707
2023-03-14,32.19,32.2,31.24,31.3,3193
2023-03-15,30.02,31.2,30.0,31.2,59
2023-03-16,31.2,32.75,31.0,31.9,38
2023-03-17,31.69,31.69,31.69,31.69,76
2023-03-20,30.85,30.85,30.11,30.11,9
2023-03-21,29.0,29.4,28.7,29.4,1215
2023-03-22,29.0,30.87,29.0,30.55,1211
2023-03-23,30.55,32.07,30.55,32.06,128
2023-03-24,32.07,33.66,31.02,31.65,1804
2023-03-27,33.19,33.19,30.4,30.54,360
2023-03-28,29.26,31.0,29.26,31.0,220
2023-03-29,31.0,32.55,31.0,32.55,1810
2023-03-31,34.1,34.16,32.61,34.16,402
2023-04-03,34.56,35.86,33.26,35.86,4577
2023-04-05,34.97,37.6,34.31,36.47,2025
2023-04-06,35.55,37.49,35.55,37.49,371
2023-04-10,37.51,38.0,35.62,35.62,3005
2023-04-11,35.0,36.4,34.8,36.4,934
2023-04-12,35.1,35.95,35.1,35.95,2815
2023-04-13,36.0,36.0,35.11,35.98,65
2023-04-17,34.31,35.7,34.31,35.7,1320
2023-04-18,35.5,35.5,35.1,35.2,874
2023-04-19,35.2,35.5,35.05,35.44,1333
2023-04-20,35.05,36.49,35.05,35.05,638
2023-04-21,36.69,36.69,35.1,35.25,1069
2023-04-24,36.0,36.0,35.78,35.78,4
2023-04-25,35.05,35.21,35.05,35.05,261
2023-04-26,35.05,35.05,35.01,35.05,356
2023-04-27,34.56,35.9,34.56,35.9,77
2023-04-28,35.01,35.89,35.0,35.89,2053
2023-05-02,35.1,35.1,35.1,35.1,1030
2023-05-05,34.05,35.1,34.05,35.1,393
2023-05-08,35.1,35.15,34.1,34.1,72
2023-05-09,34.0,34.0,34.0,34.0,400
2023-05-10,32.47,35.7,32.47,33.25,111
2023-05-11,32.01,34.0,32.01,34.0,551
2023-05-12,32.55,32.55,32.55,32.55,1200
2023-05-15,31.85,33.24,31.85,33.24,11
2023-05-16,33.24,33.24,32.15,33.24,102
2023-05-17,33.24,33.24,32.66,32.66,73
2023-05-18,32.21,34.0,32.21,34.0,5
2023-05-19,32.6,34.0,32.3,34.0,5121
2023-05-22,34.0,35.0,32.5,32.93,2503
2023-05-23,33.74,33.75,32.2,32.27,721
2023-05-24,31.6,33.5,31.6,31.81,237
2023-05-25,32.6,33.19,32.31,32.42,351
2023-05-26,34.04,34.04,34.04,34.04,97
2023-05-29,35.74,35.74,33.7,34.19,3394
2023-05-30,33.63,34.18,33.5,33.5,211
2023-05-31,33.75,33.75,33.27,33.35,2215
2023-06-01,35.0,35.01,34.65,35.01,4908
2023-06-02,36.75,36.75,33.5,33.88,4021
2023-06-05,33.25,33.35,33.25,33.35,54
2023-06-06,33.42,33.42,33.42,33.42,21
2023-06-07,34.35,34.4,33.75,34.29,1534
2023-06-08,35.66,35.66,34.98,35.37,179
2023-06-09,35.95,38.45,35.95,37.09,2267
2023-06-12,40.74,40.79,38.29,40.79,14528
2023-06-13,42.8,44.86,42.25,44.86,48987
2023-06-14,47.08,47.1,45.5,47.1,61407
2023-06-15,49.15,49.15,44.75,44.75,9396
2023-06-16,42.52,42.52,42.52,42.52,1086
2023-06-19,40.4,43.85,40.4,42.57,21363
2023-06-20,42.5,42.5,40.6,41.88,2609
2023-06-21,40.62,41.0,40.1,40.11,1498
2023-06-22,38.57,41.14,38.57,39.05,2928
2023-06-23,37.75,41.0,37.75,40.93,2007
2023-06-26,41.15,41.6,39.93,40.11,1980
2023-06-27,40.33,41.42,40.0,40.0,952
2023-06-28,40.73,42.0,40.73,42.0,2617
2023-06-30,42.5,44.1,42.0,44.1,3872
2023-07-03,45.99,46.1,41.9,44.26,8261
2023-07-04,45.17,45.17,43.25,43.25,1327
2023-07-05,44.01,44.01,43.04,43.04,722
2023-07-06,43.0,44.29,43.0,43.45,2916
2023-07-07,42.91,44.4,42.1,42.34,3239
2023-07-10,41.35,43.29,41.35,41.96,2847
2023-07-11,44.05,44.05,41.31,41.71,1398
2023-07-12,43.5,43.5,40.27,41.41,2394
2023-07-13,42.01,42.23,40.86,40.94,3237
2023-07-14,40.96,42.8,40.96,42.8,88
2023-07-17,41.06,43.53,41.06,42.64,1697
2023-07-18,43.75,43.75,40.55,41.83,6612
2023-07-19,43.9,43.9,41.1,41.3,1366
2023-07-20,41.3,41.79,41.08,41.08,527
2023-07-21,41.84,43.13,41.26,41.36,1893
2023-07-24,41.67,43.41,41.3,43.06,1197
2023-07-25,44.93,45.21,44.15,45.21,7207
2023-07-26,47.1,47.47,46.6,47.47,6849
2023-07-27,49.73,49.73,45.1,45.21,29643
2023-07-28,45.0,45.54,44.07,44.5,2654
2023-07-31,42.3,46.72,42.3,46.46,1622
2023-08-01,47.43,47.43,45.01,45.45,1732
2023-08-02,45.99,46.0,43.21,43.41,4623
2023-08-03,43.41,44.97,42.56,42.65,308
2023-08-04,42.82,42.82,42.82,42.82,137
2023-08-07,41.64,41.64,41.64,41.64,25
2023-08-08,42.23,43.0,42.23,43.0,140
2023-08-09,43.01,43.02,42.0,42.0,423
2023-08-10,41.07,44.0,41.0,44.0,1837
2023-08-11,42.23,44.96,42.23,42.26,355
2023-08-14,40.56,42.0,40.55,41.5,1801
2023-08-16,41.6,43.57,41.6,43.56,863
2023-08-17,42.99,43.56,42.04,42.75,725
2023-08-18,42.75,42.75,40.72,42.69,1514
2023-08-21,42.69,42.69,41.55,41.75,1411
2023-08-22,40.62,41.0,40.62,41.0,545
2023-08-23,41.94,43.0,40.45,41.0,769
2023-08-24,40.43,40.43,40.43,40.43,100
2023-08-25,40.51,42.45,40.51,42.45,111
2023-08-28,44.56,44.56,42.1,44.0,720
2023-08-29,42.11,42.99,42.1,42.99,546
2023-08-30,42.98,44.24,42.5,44.11,233
2023-08-31,46.3,46.3,44.0,44.0,6095
2023-09-01,44.15,46.2,43.06,43.13,1333
2023-09-04,42.04,44.45,42.04,44.0,1452
2023-09-05,43.1,44.95,43.1,44.0,1721
2023-09-06,43.75,44.5,43.14,43.99,2121
2023-09-07,45.0,45.99,44.0,44.97,1575
2023-09-08,44.9,44.9,43.75,44.84,1709
2023-09-11,44.1,46.0,44.1,45.97,305
2023-09-12,46.1,46.1,43.68,43.68,3268
2023-09-13,41.57,45.77,41.57,43.42,4613
2023-09-14,42.64,44.03,42.64,44.0,772
2023-09-15,44.0,44.98,44.0,44.98,608
2023-09-18,44.26,46.93,44.02,45.62,898
2023-09-20,43.36,44.5,43.36,43.65,483
2023-09-21,45.8,45.8,42.58,43.65,1133
2023-09-22,44.74,44.74,43.07,43.07,176
2023-09-25,43.07,43.07,43.0,43.0,46
2023-09-26,43.86,44.08,42.11,42.28,431
2023-09-27,43.1,43.1,43.1,43.1,17
2023-09-28,45.24,45.25,45.24,45.25,16147
2023-09-29,47.5,47.51,47.5,47.51,1068
2023-10-03,49.44,49.44,45.63,45.91,2071
2023-10-04,45.4,47.95,44.5,45.95,3739
2023-10-05,46.87,47.95,46.87,47.5,3974
2023-10-06,49.87,49.87,49.0,49.87,6970
2023-10-09,52.36,52.36,49.2,52.0,9529
2023-10-10,51.0,53.85,50.9,51.0,4986
2023-10-11,53.42,53.42,51.0,51.0,2800
2023-10-12,50.05,53.0,49.01,49.58,1137
2023-10-13,49.5,51.44,47.3,47.41,3522
2023-10-16,48.36,48.59,46.23,46.3,168
2023-10-17,47.82,47.82,45.36,45.53,320
2023-10-18,47.0,47.8,47.0,47.8,1592
2023-10-19,50.18,50.18,47.0,47.05,1538
2023-10-20,45.88,47.5,45.1,45.7,1092
2023-10-23,47.93,47.93,47.93,47.93,1
2023-10-25,50.28,50.28,45.54,45.54,3001
2023-10-26,43.55,44.51,43.27,44.48,3407
2023-10-27,44.0,44.0,42.5,43.98,795
2023-10-30,44.86,45.5,44.25,44.77,2815
2023-10-31,45.36,45.36,45.34,45.34,2
2023-11-01,43.12,43.12,43.1,43.1,573
2023-11-02,44.1,44.1,42.65,42.65,275
2023-11-03,43.0,44.25,42.65,42.65,1667
2023-11-06,43.65,44.78,42.39,44.78,1903
2023-11-07,45.95,45.95,43.4,43.7,7385
2023-11-08,44.45,45.88,42.65,45.88,15061
2023-11-09,45.02,48.17,44.9,48.17,15950
2023-11-10,50.57,50.57,50.57,50.57,7053
2023-11-12,53.09,53.09,53.09,53.09,5065
2023-11-13,55.74,55.74,52.8,55.74,22422
2023-11-15,58.45,58.52,58.0,58.52,35891
2023-11-16,61.44,61.44,61.01,61.44,16639
2023-11-17,64.51,64.51,64.51,64.51,2887
2023-11-20,67.62,67.73,61.29,61.29,61547
2023-11-21,58.23,59.45,58.23,58.55,9886
2023-11-22,55.7,61.47,55.63,61.47,4041
2023-11-23,64.44,64.54,61.81,64.54,16160
2023-11-24,67.2,67.76,65.0,67.76,12817
2023-11-28,71.14,71.14,70.6,71.14,29315
2023-11-29,74.69,74.69,74.6,74.69,15140
2023-11-30,78.42,78.42,78.42,78.42,5467
2023-12-01,82.34,82.34,74.5,77.49,48568
2023-12-04,80.99,81.36,79.04,81.36,1715
2023-12-05,85.42,85.42,85.0,85.42,12171
2023-12-06,89.69,89.69,89.69,89.69,1434
2023-12-07,94.17,94.17,94.17,94.17,500
2023-12-08,98.87,98.87,98.87,98.87,703
2023-12-11,100.84,100.84,96.9,96.9,8477
2023-12-12,94.97,94.97,94.97,94.97,2020
2023-12-13,93.08,93.08,93.08,93.08,4675
2023-12-14,91.22,91.22,91.22,91.22,1137
2023-12-15,89.4,89.4,89.4,89.4,303
2023-12-18,87.62,87.62,87.62,87.62,2199
2023-12-19,87.62,87.62,85.87,85.87,2205
2023-12-20,84.16,84.16,84.16,84.16,623
2023-12-21,82.48,82.48,82.48,82.48,166
2023-12-22,80.84,80.84,80.84,80.84,2903
2023-12-26,79.23,79.23,79.23,79.23,1450
2023-12-27,77.65,77.65,77.65,77.65,797
2023-12-28,76.1,76.1,76.1,76.1,1511
2023-12-29,74.58,74.58,74.58,74.58,756
2024-01-01,73.09,73.09,73.09,73.09,833
2024-01-02,71.63,71.63,71.63,71.63,2321
2024-01-03,70.2,70.2,70.2,70.2,3868
2024-01-04,68.8,71.6,68.8,71.6,13254
2024-01-05,73.03,73.03,72.0,73.03,5684
2024-01-08,74.49,74.49,74.49,74.49,1651
2024-01-09,75.97,75.97,75.97,75.97,810
2024-01-10,77.48,77.48,77.48,77.48,243
2024-01-11,79.02,79.02,79.02,79.02,483
2024-01-12,80.6,80.6,80.6,80.6,534
2024-01-15,84.63,84.63,84.63,84.63,13584
2024-01-16,88.86,88.86,88.86,88.86,2637
2024-01-17,93.3,93.3,88.0,93.3,24966
2024-01-18,97.0,97.0,88.64,88.64,6343
2024-01-19,90.0,90.0,84.21,84.4,12260
2024-01-20,87.89,87.89,80.3,85.47,3772
2024-01-23,85.0,87.2,81.5,86.01,4662
2024-01-24,81.75,89.98,81.75,88.15,5515
2024-01-25,89.99,92.45,85.0,91.95,5247
2024-01-29,92.25,96.54,92.25,96.54,8632
2024-01-30,100.1,101.36,100.1,101.36,5884
2024-01-31,105.1,106.42,105.1,106.42,14482
2024-02-01,104.55,104.55,104.3,104.3,2912
2024-02-02,102.25,102.25,102.25,102.25,443
2024-02-05,100.25,100.25,100.25,100.25,851
2024-02-06,98.25,98.25,98.25,98.25,2883
2024-02-07,96.3,96.3,96.3,96.3,1316
2024-02-08,94.4,94.4,94.4,94.4,1590
2024-02-09,92.55,92.55,92.55,92.55,3280
2024-02-12,90.7,90.7,90.7,90.7,569
2024-02-13,88.9,88.9,88.9,88.9,4715
2024-02-14,87.15,87.15,87.15,87.15,2351
2024-02-15,85.45,85.45,85.45,85.45,4097
2024-02-16,83.75,83.75,83.75,83.75,347
2024-02-19,82.1,82.1,82.1,82.1,2623
2024-02-20,83.7,83.7,80.5,80.5,4820
2024-02-21,80.5,82.1,80.5,81.9,3415
2024-02-22,81.9,83.5,80.3,83.5,6945
2024-02-23,85.15,85.15,83.5,83.55,3542
2024-02-26,84.7,85.2,82.0,82.0,2114
2024-02-27,82.0,82.0,80.4,80.4,307
2024-02-28,80.5,80.5,80.5,80.5,1846
2024-02-29,80.6,80.6,80.6,80.6,564
2024-03-01,79.0,79.0,79.0,79.0,549
2024-03-02,77.42,77.42,77.42,77.42,36
2024-03-04,75.88,75.88,75.88,75.88,172
2024-03-05,74.38,74.38,74.38,74.38,2247
2024-03-06,72.9,72.9,72.9,72.9,286
2024-03-07,72.9,72.9,71.45,71.45,994
2024-03-11,72.88,75.0,67.88,69.57,1350
2024-03-12,68.18,68.18,66.1,66.1,670
2024-03-13,62.8,64.78,62.8,62.8,4030
2024-03-14,59.66,63.0,59.66,61.85,2696
2024-03-15,61.75,61.75,58.76,59.0,2443
2024-03-18,58.9,61.95,58.6,61.95,1946
2024-03-19,65.04,65.04,63.55,65.04,8074
2024-03-20,67.99,68.29,66.5,67.87,4472
2024-03-21,69.56,71.26,65.01,70.11,3864
2024-03-26,70.0,70.0,68.71,68.71,626
2024-03-27,67.34,67.34,67.34,67.34,31
2024-03-28,66.0,66.0,66.0,66.0,171
2024-04-01,64.68,65.0,64.68,65.0,439
2024-04-02,63.7,63.7,63.7,63.7,651
2024-04-03,63.7,63.75,63.7,63.75,448
2024-04-08,63.75,63.75,63.7,63.7,356
2024-04-09,63.7,63.7,63.7,63.7,265
2024-04-12,63.76,63.92,63.76,63.92,311
2024-04-15,65.19,65.19,65.19,65.19,50
2024-04-16,65.19,65.19,65.19,65.19,10
2024-04-18,66.01,66.49,66.01,66.49,332
2024-04-19,67.81,67.81,67.81,67.81,1016
2024-04-25,69.16,69.16,69.16,69.16,1501
2024-04-29,70.54,70.54,70.54,70.54,88
2024-04-30,71.95,71.95,71.95,71.95,93
2024-05-02,73.38,73.38,73.38,73.38,1064
2024-05-03,74.84,74.84,74.84,74.84,20
2024-05-06,76.33,76.33,76.3,76.3,1462
2024-05-07,76.25,76.25,75.0,75.0,39
2024-05-08,73.5,73.5,73.5,73.5,32
2024-05-09,72.03,72.04,72.03,72.03,680
2024-05-10,70.6,72.03,70.59,71.9,5587
2024-05-13,71.0,71.0,71.0,71.0,101
2024-05-14,71.0,71.1,71.0,71.1,891
2024-05-15,71.1,71.1,71.1,71.1,14
2024-05-16,69.7,71.1,69.7,71.1,46
2024-05-17,70.0,70.01,70.0,70.0,534
2024-05-21,71.4,71.4,71.4,71.4,652
2024-05-22,72.82,72.82,72.82,72.82,40
2024-05-23,72.82,72.86,72.82,72.85,213
2024-05-24,71.4,74.0,71.4,74.0,5572
2024-05-27,77.7,77.7,76.62,77.7,11928
2024-05-28,80.39,81.58,79.01,81.58,11451
2024-05-29,79.0,79.0,77.51,77.51,993
2024-05-30,73.64,73.64,73.64,73.64,210
2024-05-31,70.16,70.16,69.96,69.96,1870
2024-06-03,71.0,71.0,66.47,66.47,3311
2024-06-04,66.8,66.8,63.15,63.15,1421
2024-06-05,63.15,65.8,61.89,63.35,5947
2024-06-06,63.9,65.98,60.4,62.2,293
2024-06-07,60.96,65.31,60.96,65.25,97
2024-06-10,66.56,68.49,65.5,65.5,1728
2024-06-11,65.5,68.77,65.5,66.06,3517
2024-06-12,67.38,67.63,63.78,63.96,2721
2024-06-13,64.0,66.1,64.0,65.6,380
2024-06-14,66.91,67.84,62.32,65.68,10444
2024-06-18,62.56,67.61,62.56,65.49,2885
2024-06-19,68.18,68.18,65.0,66.75,2364
2024-06-20,65.25,70.08,65.25,68.52,22167
2024-06-21,71.94,71.94,65.1,66.34,37524
2024-06-24,67.67,67.67,63.03,63.1,5021
2024-06-25,64.36,64.36,59.95,59.95,25662
2024-06-26,61.15,61.15,56.96,57.04,83176
2024-06-27,58.58,58.58,54.19,54.24,22720
2024-06-28,55.32,56.95,53.99,56.7,5558
2024-07-01,57.83,58.5,56.05,58.09,27701
2024-07-02,59.32,60.99,59.0,60.99,7826
2024-07-03,63.98,64.03,63.98,64.03,4303
2024-07-04,66.36,67.23,65.31,67.23,1687
2024-07-05,68.61,70.59,68.57,70.59,4949
2024-07-08,74.11,74.11,74.11,74.11,410
2024-07-09,77.81,77.81,74.11,77.81,16611
2024-07-10,81.7,81.7,73.92,77.58,16635
2024-07-11,79.06,81.0,76.07,79.63,9684
2024-07-12,82.5,83.61,80.85,83.61,14077
2024-07-15,86.99,87.79,85.28,87.79,26409
2024-07-16,92.17,92.17,91.07,92.17,18861
2024-07-18,96.77,96.77,93.77,96.77,31409
2024-07-19,101.6,101.6,91.94,91.94,43107
2024-07-22,90.0,90.0,87.35,87.35,3098
2024-07-23,85.6,86.5,82.99,83.41,13744
2024-07-24,81.73,87.58,79.24,86.97,11434
2024-07-25,84.1,91.31,84.1,91.31,466
2024-07-26,95.42,95.87,87.11,95.87,4665
2024-07-29,94.86,96.0,91.08,95.0,6319
2024-07-30,92.42,93.1,91.05,92.45,2650
2024-07-31,94.3,94.3,89.6,92.9,312
2024-08-01,88.3,93.94,88.26,88.44,4604
2024-08-02,88.44,91.95,85.0,87.01,4948
2024-08-05,88.75,88.75,82.7,82.79,3705
2024-08-06,84.0,86.53,81.05,86.0,1564
2024-08-07,86.0,86.0,82.01,84.09,1849
2024-08-08,85.8,86.49,83.01,84.99,2040
2024-08-09,83.0,85.15,81.95,83.77,1981
2024-08-12,80.0,83.02,79.7,83.0,2317
2024-08-13,86.8,86.8,80.06,80.36,6614
2024-08-14,83.99,84.0,78.0,84.0,2220
2024-08-16,82.32,84.99,80.01,81.0,1433
2024-08-19,82.0,84.0,80.01,83.98,2885
2024-08-20,83.98,83.98,81.8,83.4,1225
2024-08-21,83.4,83.4,79.5,81.94,2631
2024-08-22,83.0,86.03,83.0,86.03,4263
2024-08-23,87.75,90.33,87.75,90.33,1036
2024-08-26,90.99,94.8,88.0,90.5,3660
2024-08-27,88.69,89.01,85.98,86.0,3025
2024-08-28,86.0,86.74,83.0,85.6,992
2024-08-29,83.89,89.0,83.6,88.9,3394
2024-08-30,90.68,90.68,85.02,86.4,1248
2024-09-02,88.13,88.13,83.5,86.65,811
2024-09-03,86.65,86.65,83.26,83.27,2590
2024-09-04,83.27,86.0,80.5,86.0,450
2024-09-05,86.0,86.0,83.0,84.37,3518
2024-09-06,83.95,83.95,80.16,80.81,1299
2024-09-09,79.19,82.59,77.95,78.3,3294
2024-09-10,78.3,79.94,76.0,79.94,908
2024-09-11,78.34,82.1,78.34,80.96,488
2024-09-12,82.58,83.0,79.15,83.0,766
2024-09-13,83.0,83.0,79.0,79.62,3603
2024-09-16,81.21,81.21,79.01,80.21,782
2024-09-17,81.1,82.49,78.0,80.95,2510
2024-09-18,79.33,79.98,77.0,78.03,1864
2024-09-19,81.54,81.92,78.0,79.5,639
2024-09-20,81.49,81.49,76.0,76.85,3091
2024-09-23,78.39,80.0,76.85,78.25,888
2024-09-24,79.82,79.82,74.8,75.0,1728
2024-09-25,75.89,76.95,72.51,75.89,1294
2024-09-26,75.89,78.0,73.05,74.57,1068
2024-09-27,74.0,75.0,72.0,74.04,1805
2024-09-30,74.04,76.0,74.04,76.0,259
2024-10-01,75.8,75.8,72.5,75.36,1249
2024-10-03,73.85,73.85,71.6,71.6,2394
2024-10-04,71.4,73.78,70.0,70.4,800
2024-10-07,69.0,69.98,66.88,66.94,4432
2024-10-08,64.02,70.0,64.01,68.58,690
2024-10-09,65.5,70.0,65.5,69.0,927
2024-10-10,72.45,72.45,72.45,72.45,449
2024-10-11,75.8,75.8,74.9,74.9,469
2024-10-14,73.03,77.0,73.03,75.99,3045
2024-10-15,74.1,74.1,72.25,72.9,1320
2024-10-16,71.44,76.54,71.44,75.02,1499
2024-10-17,77.9,77.9,75.0,76.96,1278
2024-10-18,77.0,77.0,74.0,74.04,946
2024-10-21,72.5,72.56,72.5,72.52,294
2024-10-22,72.52,72.52,69.5,69.71,571
2024-10-23,68.63,68.66,68.05,68.62,823
2024-10-24,69.99,70.5,68.44,68.47,244
2024-10-25,71.3,71.3,68.48,71.29,496
2024-10-28,68.0,72.0,67.73,69.04,1324
2024-10-29,67.27,69.52,65.59,67.69,2501
2024-10-30,64.6,71.07,64.6,71.07,174
2024-10-31,68.17,74.62,68.17,74.62,1801
2024-11-01,72.31,78.35,72.31,77.03,746
2024-11-04,77.3,78.06,73.25,74.29,2100
2024-11-05,75.0,75.0,72.71,74.44,575
2024-11-06,74.44,77.99,71.45,73.45,44627
2024-11-07,72.25,77.12,72.25,75.97,57636
2024-11-08,77.4,79.0,73.92,74.37,121445
2024-11-11,76.23,77.8,71.13,74.04,6865
2024-11-12,74.85,76.9,71.3,73.47,24597
2024-11-13,72.0,74.89,70.11,74.66,1118
2024-11-14,73.17,74.55,70.93,71.15,1205
2024-11-18,69.74,73.46,68.2,69.23,4308
2024-11-19,70.42,71.99,67.78,68.57,278
2024-11-21,68.02,68.25,66.75,67.51,1998
2024-11-22,66.03,68.46,66.03,67.71,1138
2024-11-25,70.14,71.09,70.14,71.07,938
2024-11-26,71.09,71.09,68.52,69.66,1465
2024-11-27,70.0,72.55,69.08,70.68,2224
2024-11-28,71.0,73.0,70.26,70.6,1017
2024-11-29,71.49,71.49,69.25,69.63,1379
2024-12-02,70.67,70.67,66.15,70.45,3513
2024-12-03,70.34,70.59,67.91,70.59,615
2024-12-04,69.06,71.85,67.9,68.65,1846
2024-12-05,67.0,72.05,67.0,70.61,1998
2024-12-06,71.0,75.0,69.01,74.0,1931
2024-12-09,75.8,75.8,70.55,71.17,2775
2024-12-10,71.0,75.58,70.94,73.8,648
2024-12-11,75.28,75.35,70.81,72.5,4906
2024-12-12,72.1,74.65,70.0,74.2,6200
2024-12-13,75.3,75.3,70.75,70.87,776
2024-12-16,73.52,73.52,70.4,70.67,308
2024-12-17,71.34,71.34,69.6,69.6,466
2024-12-18,67.25,70.0,67.25,69.81,211
2024-12-19,69.22,70.89,68.0,69.0,894
2024-12-20,67.62,70.21,67.62,67.82,1619
2024-12-23,66.35,68.22,65.75,65.75,920
2024-12-24,67.74,67.74,66.24,66.3,703
2024-12-26,67.0,68.97,63.01,64.42,8424
2024-12-27,65.0,65.0,63.5,64.02,248
2024-12-30,63.61,65.15,62.0,62.8,446
2024-12-31,63.25,67.99,60.5,61.82,4943
2025-01-01,63.78,67.03,63.77,65.29,3047
2025-01-02,65.89,71.81,65.89,71.81,8922
2025-01-03,76.99,78.99,72.68,78.99,12395
2025-01-06,84.49,84.49,71.1,71.1,16211
2025-01-07,71.01,78.21,71.01,78.21,7102
2025-01-08,80.0,81.0,74.3,77.02,13814
2025-01-09,73.22,76.9,73.17,73.17,1612
2025-01-10,71.01,72.0,69.52,69.9,3870
2025-01-13,66.51,69.29,66.41,66.41,2521
2025-01-14,67.5,69.04,65.0,65.15,1248
2025-01-15,64.51,66.62,62.13,62.89,2543
2025-01-16,64.9,65.16,64.9,65.16,152
2025-01-17,64.81,68.4,64.81,68.09,18
2025-01-20,71.49,71.49,65.22,68.4,651
2025-01-21,68.17,68.17,65.5,67.0,80
2025-01-22,65.98,65.98,63.65,64.31,1660
2025-01-23,64.31,66.91,64.02,66.59,981
2025-01-24,66.0,66.0,64.0,64.06,2049
2025-01-27,61.52,66.24,61.25,63.1,3806
2025-01-28,62.97,63.0,60.25,60.97,804
2025-01-29,58.01,62.0,58.01,61.64,218
2025-01-30,61.07,61.07,61.07,61.07,40
2025-01-31,61.07,63.0,59.02,61.14,1199
2025-02-01,63.85,64.0,63.0,63.33,611
2025-02-03,66.45,66.45,61.11,61.9,4025
2025-02-04,64.0,64.9,60.02,63.2,4819
2025-02-05,61.83,65.0,61.83,64.0,297
2025-02-06,66.5,66.5,62.0,65.88,731
2025-02-07,66.2,68.0,64.0,65.03,3113
2025-02-10,65.03,65.03,63.52,63.91,244
2025-02-11,63.8,63.8,60.55,60.7,509
2025-02-12,60.7,65.0,57.75,59.5,4238
2025-02-13,63.97,63.97,60.0,60.59,859
2025-02-17,54.64,55.95,54.54,54.54,1666
2025-02-18,52.41,52.41,49.09,49.09,3182
2025-02-19,49.95,52.4,49.39,50.51,4924
2025-02-20,48.1,53.0,48.1,51.44,687
2025-02-21,51.11,52.49,50.04,50.38,2734
2025-02-25,52.56,52.56,50.72,50.93,90
2025-02-27,53.22,53.22,51.5,53.12,1592
2025-02-28,54.44,54.44,48.2,49.93,1650
2025-03-03,47.68,49.98,44.94,47.84,4135
2025-03-04,47.0,50.5,45.02,46.76,760
2025-03-05,45.27,50.75,45.27,50.36,1556
2025-03-06,51.51,53.89,50.5,53.75,1401
2025-03-07,52.99,59.12,52.9,59.12,4098
2025-03-10,62.0,62.0,53.21,53.21,4372
2025-03-11,53.1,57.75,53.1,56.87,2999
2025-03-12,62.0,62.0,56.64,56.81,786
2025-03-13,58.24,60.99,56.5,60.99,57
2025-03-17,60.99,64.0,55.55,56.58,955
2025-03-18,55.51,55.81,52.45,53.5,1391
2025-03-19,57.99,57.99,54.1,54.3,1224
2025-03-20,58.44,58.44,55.0,55.72,550
2025-03-21,58.76,58.76,56.23,57.84,2421
2025-03-24,59.45,59.99,55.55,58.0,2112
2025-03-25,58.51,58.51,53.2,55.47,2508
2025-03-26,53.8,54.1,53.0,53.14,294
2025-03-27,51.55,52.5,51.55,52.2,5020
2025-03-28,52.15,54.8,52.05,52.25,801
2025-04-01,52.25,53.5,51.0,51.19,3146
2025-04-03,52.98,52.98,52.96,52.96,105
2025-04-04,51.08,51.08,51.08,51.08,228
2025-04-07,49.98,58.0,49.98,53.48,1405
2025-04-08,55.85,57.39,53.42,53.44,772
2025-04-09,51.0,56.98,51.0,52.13,1425
2025-04-11,55.86,55.86,55.5,55.61,221
2025-04-15,57.99,57.99,55.36,55.36,1208
2025-04-16,56.0,57.3,54.25,56.45,1298
2025-04-17,56.0,57.92,54.0,55.28,589
2025-04-21,57.91,57.91,54.83,55.0,467
2025-04-22,55.11,57.86,55.0,57.0,956
2025-04-23,56.5,56.5,55.5,55.5,38
2025-04-24,55.05,58.5,55.02,58.48,2413
2025-04-25,54.56,55.5,52.92,54.85,1464
2025-04-28,55.12,55.12,51.03,52.57,1610
2025-04-29,54.12,54.75,52.59,53.98,2569
2025-04-30,54.0,54.0,51.27,51.58,1047
2025-05-02,53.06,54.04,52.6,53.82,105
2025-05-05,54.08,54.85,53.96,54.85,1853
2025-05-06,57.99,57.99,51.75,52.05,1350
2025-05-07,49.01,59.84,49.01,52.55,9391
2025-05-08,51.58,51.58,51.01,51.06,814
2025-05-09,50.0,53.89,49.25,53.38,1007
2025-05-12,54.47,55.65,52.08,54.79,702
2025-05-13,57.79,57.79,52.0,54.92,1616
2025-05-14,54.92,56.75,53.15,56.72,810
2025-05-15,57.0,59.75,55.03,57.51,5826
2025-05-16,57.46,69.01,57.46,63.2,28119
2025-05-19,68.73,68.73,62.93,63.58,686
2025-05-20,66.98,66.98,62.0,63.31,1177
2025-05-21,60.55,65.99,60.0,60.88,9910
2025-05-22,61.0,61.0,58.25,58.83,915
2025-05-23,62.89,62.89,58.01,58.78,743
2025-05-26,60.0,60.9,59.0,60.0,531
2025-05-27,58.8,62.8,58.57,61.0,765
2025-05-28,62.0,62.0,61.0,61.0,824
2025-05-29,62.8,62.8,59.65,60.03,554
2025-05-30,60.03,61.5,59.72,61.12,3081
2025-06-02,61.12,61.12,58.06,59.21,2431
2025-06-03,59.12,59.12,55.25,57.36,2207
2025-06-04,58.14,58.16,55.0,56.28,777
2025-06-05,56.0,56.01,55.0,55.01,4667
2025-06-06,56.49,56.49,56.48,56.48,193
2025-06-09,52.01,57.32,52.01,56.68,1986
2025-06-10,56.1,60.98,56.1,58.0,404
2025-06-11,55.37,69.6,55.37,69.6,68643
2025-06-12,78.0,83.52,78.0,83.52,122746
2025-06-13,83.69,88.0,76.25,82.4,79416
2025-06-16,81.71,84.05,74.16,75.25,20656
2025-06-17,73.0,82.77,73.0,82.77,4798
2025-06-18,85.8,85.8,78.64,80.16,15103
2025-06-19,77.01,79.55,76.16,76.16,2850
2025-06-20,72.6,73.16,72.36,72.36,2051
2025-06-23,68.75,72.4,68.75,72.4,1465
2025-06-24,73.99,76.02,72.79,74.94,6082
2025-06-25,71.55,73.5,71.55,72.42,1279
2025-06-26,71.8,75.77,70.0,70.11,2092
2025-06-27,72.99,72.99,72.9,72.94,210
2025-06-30,70.01,72.89,70.01,71.17,353
2025-07-01,73.5,74.59,72.7,74.59,136
2025-07-02,74.5,74.5,70.87,71.0,733
2025-07-04,69.5,74.2,69.0,73.5,1165
2025-07-07,75.85,75.85,69.83,70.6,905
2025-07-08,72.0,72.0,70.99,71.0,182
2025-07-09,71.0,71.5,69.62,70.93,161
2025-07-11,74.24,74.24,69.31,73.95,1092
2025-07-14,72.47,72.47,70.9,70.9,22
2025-07-15,67.65,70.0,67.65,68.88,1590
2025-07-16,71.5,71.5,70.93,70.93,189
2025-07-17,74.45,74.45,67.39,70.95,1578
2025-07-18,70.93,70.93,67.41,67.84,1060
2025-07-21,64.56,67.0,64.56,66.01,2009
2025-07-22,65.89,65.89,62.83,65.89,1103
2025-07-23,65.0,65.85,64.0,65.74,1925
2025-07-24,65.73,65.73,65.73,65.73,10
2025-07-25,64.0,65.48,62.55,65.48,158
2025-07-28,66.45,68.49,62.21,63.0,742
2025-07-29,65.75,65.75,65.45,65.45,5
2025-07-30,67.43,67.43,62.21,63.99,1858
2025-07-31,63.99,63.99,61.3,62.2,188
2025-08-01,60.6,61.15,59.09,59.6,4135
2025-08-04,59.09,62.2,56.62,56.62,5283
2025-08-05,56.62,58.5,54.0,56.0,2112
2025-08-06,55.5,55.5,55.05,55.05,52
2025-08-07,54.9,57.5,52.31,54.65,4382
2025-08-08,54.65,57.38,54.65,54.65,107
2025-08-11,55.74,57.29,52.0,53.09,4696
2025-08-12,53.09,55.69,53.09,55.69,2176
2025-08-13,57.1,57.1,53.01,55.0,884
2025-08-14,53.9,56.45,53.9,55.95,983
2025-08-18,57.34,57.34,53.22,57.27,256
2025-08-19,57.27,57.27,54.55,56.26,1203
2025-08-20,55.4,55.41,53.81,54.87,391
2025-08-21,54.0,54.85,53.04,54.3,731
2025-08-22,54.99,54.99,51.65,52.14,1104
2025-08-25,51.0,54.72,50.02,54.72,502
2025-08-26,51.99,51.99,51.99,51.99,3426
2025-08-28,51.96,51.96,49.4,50.06,3062
2025-08-29,50.99,50.99,50.48,50.99,1021
2025-09-01,50.0,50.98,48.97,50.98,630
2025-09-02,50.5,51.95,49.49,50.63,596
2025-09-03,51.0,52.99,49.1,52.0,1557
2025-09-04,51.99,52.0,51.99,52.0,182
2025-09-05,53.25,53.85,50.0,52.98,1125
2025-09-08,52.98,52.98,50.41,52.58,961
2025-09-09,50.81,51.83,50.0,51.29,1415
2025-09-10,51.08,52.99,50.0,52.97,700
2025-09-11,54.0,54.0,50.5,53.3,881
2025-09-12,53.3,53.3,50.73,52.99,2318
2025-09-15,53.0,53.0,50.56,51.89,278
2025-09-16,51.8,53.5,51.8,52.79,1586
2025-09-17,53.5,54.2,51.05,54.2,130
2025-09-18,52.0,53.52,51.5,52.96,2043
2025-09-19,51.32,54.0,51.31,54.0,481
2025-09-22,59.4,59.4,58.02,59.4,9920
2025-09-23,65.19,65.34,62.96,65.34,31484
2025-09-24,70.49,71.87,68.64,71.87,105127
2025-09-25,71.87,73.79,68.28,68.28,17958
2025-09-26,64.87,64.87,64.87,64.87,1711
2025-09-29,61.63,62.78,61.63,61.63,2223
2025-09-30,60.4,61.63,58.55,59.23,3327
2025-10-01,56.36,61.5,56.36,57.39,5639
2025-10-03,55.04,56.98,54.53,56.4,1308
2025-10-06,56.0,58.5,54.55,54.87,537
2025-10-07,54.69,57.61,54.69,57.61,1618
2025-10-08,60.4,60.49,59.9,60.49,5494
2025-10-09,63.44,63.51,63.0,63.51,3420
2025-10-10,66.0,66.0,60.35,61.06,1209
2025-10-13,58.51,61.58,58.5,60.65,210
2025-10-14,60.34,60.34,60.34,60.34,15
2025-10-15,60.34,60.99,57.35,60.73,279
2025-10-16,61.03,61.36,57.7,60.99,389
2025-10-17,62.21,62.21,62.21,62.21,1
2025-10-20,61.89,61.89,59.1,59.1,102
2025-10-21,57.99,59.1,56.29,57.95,1675
2025-10-23,55.42,59.91,55.42,58.9,1717
2025-10-24,56.57,60.99,56.57,60.19,66
2025-10-27,60.49,60.49,57.19,58.75,471
2025-10-28,58.74,61.45,56.63,61.17,563
2025-10-29,59.99,59.99,58.12,58.97,720
2025-10-30,56.05,59.47,56.05,59.47,260
2025-10-31,56.99,58.93,56.5,58.93,1046
2025-11-03,56.1,56.1,55.99,55.99,198
2025-11-04,55.96,56.4,55.5,56.4,2102
2025-11-06,56.68,56.82,53.73,53.93,838
2025-11-07,53.6,55.39,52.11,54.83,485
2025-11-10,52.09,57.56,52.09,57.49,1085
2025-11-11,55.99,55.99,55.99,55.99,2
2025-11-12,55.99,55.99,55.87,55.87,26
2025-11-13,53.15,56.5,53.08,56.5,503
2025-11-14,55.98,55.98,55.98,55.98,2
2025-11-17,57.1,57.1,53.2,55.97,35
2025-11-20,55.97,56.85,53.2,55.58,321
2025-11-21,56.84,56.84,53.06,56.77,218
2025-11-24,56.77,56.77,55.0,55.0,250
2025-11-25,55.0,57.69,52.25,57.69,620
2025-11-27,54.99,54.99,54.97,54.97,107
2025-11-28,56.85,56.85,52.23,56.44,910
2025-12-01,53.62,56.04,53.62,56.03,196
2025-12-05,61.5,61.5,51.2,56.32,519
2025-12-08,54.48,55.97,50.7,51.18,716
2025-12-09,50.0,53.02,48.0,53.02,516
2025-12-10,53.0,53.18,50.51,51.08,236
2025-12-11,52.2,55.28,52.2,55.28,94
2025-12-12,52.5,54.95,52.28,54.14,143
2025-12-15,51.01,53.09,51.01,52.46,267
2025-12-16,51.06,53.6,51.06,53.03,6319
2025-12-17,54.5,54.5,51.0,51.38,579
2025-12-18,50.51,51.05,50.51,51.05,700
2025-12-19,51.05,53.69,49.0,50.1,17926
2025-12-22,51.1,51.1,50.0,50.52,467
2025-12-23,55.56,55.56,49.55,50.84,515
2025-12-24,50.4,51.0,50.33,51.0,94
2025-12-26,50.0,51.29,50.0,50.41,250
2025-12-29,50.41,50.87,48.65,49.29,889
2025-12-30,48.65,49.99,48.6,49.99,64
2025-12-31,50.99,50.99,49.26,50.1,612
2026-01-05,50.35,50.77,48.12,50.77,178
2026-01-06,50.77,50.77,50.77,50.77,198
2026-01-08,50.5,50.5,50.5,50.5,5
2026-01-09,46.85,50.5,46.6,48.81,81
2026-01-12,46.5,53.0,46.5,52.5,509
2026-01-13,47.94,47.99,47.25,47.7,1636
2026-01-14,47.7,48.72,43.25,45.57,2194
2026-01-16,50.12,50.12,45.63,47.4,158
2026-01-19,47.0,47.0,45.5,45.99,120
2026-01-20,45.99,46.0,42.06,42.6,801
2026-01-21,42.6,42.6,42.6,42.6,50
2026-01-22,42.99,42.99,40.11,41.11,493
2026-01-23,42.2,43.54,39.5,39.5,227
2026-01-27,39.0,39.0,37.95,38.06,61
2026-01-28,40.0,40.8,38.5,39.36,517
2026-01-29,38.25,38.76,37.36,37.63,518
2026-01-30,35.32,36.61,35.32,35.55,270
2026-02-03,37.32,37.32,37.32,37.32,146
2026-02-04,37.04,37.04,37.04,37.04,1
2026-02-05,38.89,38.89,38.89,38.89,1
2026-02-06,40.83,40.83,40.83,40.83,10
2026-02-09,42.87,42.87,40.0,42.0,26
2026-02-10,40.15,43.98,40.15,43.98,436
2026-02-11,46.0,46.17,46.0,46.17,121
2026-02-12,48.47,48.47,46.51,48.24,419
2026-02-13,50.44,50.44,45.85,46.12,2889
2026-02-16,44.0,45.69,43.91,45.69,651
2026-02-17,46.99,46.99,44.93,45.22,421
2026-02-18,46.01,46.12,44.79,45.44,1280
2026-02-19,45.68,45.68,44.62,44.62,620
2026-02-20,46.78,46.78,46.5,46.5,201
2026-02-23,45.55,47.0,45.08,45.57,954
2026-02-24,47.74,47.74,43.32,43.32,571
2026-02-25,44.89,44.89,44.87,44.88,9
2026-02-26,44.56,46.95,42.66,42.89,51
2026-02-27,45.03,45.03,43.75,43.75,29
2026-03-02,44.63,45.72,41.64,42.3,591
2026-03-04,42.3,44.4,40.19,41.16,869
2026-03-05,42.18,42.18,39.39,41.99,38
2026-03-06,42.0,42.0,39.9,39.91,1682
2026-03-09,38.0,41.68,37.92,38.0,1143
2026-03-10,38.05,38.05,37.11,37.7,651
2026-03-11,36.5,38.77,36.02,38.54,1194
2026-03-12,36.62,40.46,36.62,40.39,2860
2026-03-13,42.24,42.24,38.38,39.44,1870
2026-03-16,39.44,39.91,37.97,38.76,548
2026-03-17,38.76,38.76,38.0,38.0,79
2026-03-18,38.11,38.11,37.89,37.89,1801
2026-03-20,39.78,39.78,37.89,37.89,1224
2026-03-23,37.89,39.59,36.47,39.57,648
2026-03-24,39.56,39.57,38.06,38.06,419
2026-03-25,39.48,39.48,37.56,39.4,1132
2026-03-27,39.4,39.4,37.43,37.43,7630
2026-03-30,35.56,36.98,35.56,35.56,305
2026-04-01,37.33,37.33,37.2,37.2,169
2026-04-02,36.23,39.0,35.36,38.96,2815
2026-04-06,40.74,40.74,37.5,39.17,1129
2026-04-07,38.59,39.5,38.58,38.74,54
2026-04-08,38.74,42.0,38.74,41.49,1788
2026-04-09,42.61,43.29,38.06,41.94,854
2026-04-10,41.94,41.94,40.5,40.6,112
2026-04-13,43.44,43.44,40.01,42.0,774
2026-04-15,39.55,45.84,39.55,42.0,2833
2026-04-16,45.44,46.2,44.38,46.2,5669
2026-04-17,50.0,50.82,48.98,50.82,24856
2026-04-20,54.47,54.47,47.05,52.99,7175
2026-04-21,54.05,54.74,51.65,52.37,2064
2026-04-22,52.33,52.33,51.1,51.5,1266
2026-04-23,53.98,53.98,51.86,52.24,85
2026-04-24,52.24,54.71,50.0,50.97,2078
2026-04-27,50.46,50.65,50.46,50.65,180
2026-04-28,52.2,52.2,50.4,50.96,766
2026-04-29,50.96,52.0,50.3,52.0,61
2026-04-30,50.5,53.0,49.68,49.68,1814
2026-05-04,52.01,52.02,49.69,49.69,791
2026-05-05,51.81,53.07,51.81,52.49,262
2026-05-06,50.25,51.9,50.25,51.9,263
2026-05-07,52.61,53.94,49.98,53.94,249
