Datetime,Open,High,Low,Close,Volume
2022-11-10,134.01,135.3,132.49,133.28,3116
2022-11-11,136.38,138.6,133.75,134.82,1928
2022-11-14,132.75,136.5,131.93,135.05,18892
2022-11-15,132.51,135.66,132.5,133.55,656
2022-11-16,135.43,135.43,131.85,132.74,2532
2022-11-17,132.46,134.39,128.71,128.98,20180
2022-11-18,130.91,131.13,128.18,128.75,1480
2022-11-21,127.5,129.7,125.56,129.43,9972
2022-11-22,134.5,134.5,127.0,128.23,4320
2022-11-23,129.23,131.0,125.05,126.81,16832
2022-11-24,127.34,129.07,124.25,125.65,8936
2022-11-25,125.75,128.69,125.75,128.26,10804
2022-11-28,126.5,128.64,125.63,127.7,9812
2022-11-29,127.58,129.49,127.09,127.51,4116
2022-11-30,129.49,129.5,124.19,129.31,13724
2022-12-01,129.31,135.51,129.31,134.3,15768
2022-12-02,128.25,144.0,128.25,140.95,5544
2022-12-05,142.5,144.5,142.01,142.38,2668
2022-12-06,141.26,141.65,137.76,139.46,7136
2022-12-07,129.5,141.35,129.5,140.06,20652
2022-12-08,137.82,141.06,136.24,137.63,10320
2022-12-09,139.5,139.5,130.24,132.04,11624
2022-12-12,132.11,134.99,130.26,131.57,4704
2022-12-13,133.95,134.49,131.25,132.03,1116
2022-12-14,132.76,134.5,132.15,132.68,3200
2022-12-15,129.99,133.71,129.99,131.2,13556
2022-12-16,127.75,135.0,127.75,133.7,13836
2022-12-19,133.75,133.76,129.04,130.98,6528
2022-12-20,129.8,130.75,127.86,128.4,5852
2022-12-21,128.75,130.76,125.71,128.0,7588
2022-12-22,125.75,129.31,125.25,125.65,1748
2022-12-23,122.5,125.58,120.0,120.78,25620
2022-12-26,118.75,123.36,118.0,119.16,15684
2022-12-27,122.38,124.39,120.05,122.95,10364
2022-12-28,125.0,125.0,119.9,121.54,4508
2022-12-29,126.75,126.75,117.36,123.65,4900
2022-12-30,126.23,138.13,126.23,131.05,14812
2023-01-02,139.25,139.25,132.63,133.16,5360
2023-01-03,137.2,137.21,132.74,133.43,1496
2023-01-04,136.25,136.25,128.76,130.21,9948
2023-01-05,127.5,130.95,125.54,127.69,4996
2023-01-06,128.63,131.99,126.51,128.63,2240
2023-01-09,127.89,131.2,127.4,128.24,7164
2023-01-10,128.28,129.68,127.81,129.04,1460
2023-01-11,127.13,131.75,127.13,130.24,14820
2023-01-12,124.5,130.99,124.5,128.89,4236
2023-01-13,128.0,131.84,127.98,129.9,1064
2023-01-16,128.03,131.95,128.03,131.25,10020
2023-01-17,131.25,132.86,130.26,130.75,1508
2023-01-18,130.74,144.09,125.5,137.84,3148
2023-01-19,140.0,142.07,138.84,141.34,6072
2023-01-20,143.75,143.75,136.5,137.39,12700
2023-01-23,141.85,141.85,134.99,135.23,9288
2023-01-24,136.94,141.81,136.94,140.56,13092
2023-01-25,137.75,143.32,125.54,127.5,30044
2023-01-27,127.5,129.1,116.58,123.79,29032
2023-01-30,120.03,129.14,120.03,125.6,1124
2023-01-31,126.25,126.25,122.01,122.74,15828
2023-02-01,123.75,126.03,120.75,121.25,15404
2023-02-02,125.0,132.23,122.75,131.25,5732
2023-02-03,137.5,137.5,129.66,132.39,17500
2023-02-06,137.25,137.25,132.38,132.53,2196
2023-02-07,133.19,135.0,132.39,133.36,1328
2023-02-08,135.0,138.34,133.59,134.75,12012
2023-02-09,137.5,137.5,133.75,134.74,2420
2023-02-10,137.15,137.5,134.9,135.48,1048
2023-02-13,132.07,137.15,128.96,130.2,8140
2023-02-14,126.53,136.75,107.83,127.51,8396
2023-02-15,132.2,132.2,126.25,127.43,6944
2023-02-16,129.95,133.0,126.91,132.5,9512
2023-02-17,125.26,133.23,125.26,129.7,4164
2023-02-20,130.5,136.75,125.53,134.43,13148
2023-02-21,137.15,137.15,132.49,133.51,9592
2023-02-22,133.36,134.48,132.18,133.41,8164
2023-02-23,136.98,136.98,131.25,132.29,1852
2023-02-24,132.74,133.93,130.44,130.63,4356
2023-02-27,125.75,130.49,125.75,127.51,2576
2023-02-28,125.26,129.26,125.0,125.56,9396
2023-03-01,125.63,128.99,123.75,126.58,12144
2023-03-02,129.65,129.65,123.84,123.96,20020
2023-03-03,126.08,126.29,122.3,122.5,11140
2023-03-06,119.3,126.5,119.3,122.28,13336
2023-03-08,122.5,123.35,121.0,122.81,10384
2023-03-09,126.9,126.9,123.1,125.51,14240
2023-03-10,125.25,126.6,123.75,124.86,14192
2023-03-13,123.26,125.3,121.61,122.45,3368
2023-03-14,127.0,127.0,118.3,119.99,12788
2023-03-15,122.94,123.24,121.56,122.4,6456
2023-03-16,122.4,122.53,117.79,120.31,10796
2023-03-17,121.91,121.91,120.44,121.55,5252
2023-03-20,117.79,122.25,114.75,116.2,30968
2023-03-21,120.0,120.85,117.01,118.39,5012
2023-03-22,123.5,123.5,116.25,118.98,3776
2023-03-23,116.38,121.59,115.25,117.2,6512
2023-03-24,120.14,120.14,112.7,113.68,9380
2023-03-27,118.74,118.74,105.9,106.58,14860
2023-03-28,106.75,108.26,100.0,101.13,48020
2023-03-29,102.39,107.0,102.39,104.76,14236
2023-03-31,106.69,114.93,106.69,112.55,26372
2023-04-03,116.25,126.39,114.05,121.44,24856
2023-04-05,123.26,127.36,123.24,126.15,7224
2023-04-06,128.74,128.74,124.04,127.08,15048
2023-04-10,127.08,132.09,126.46,127.89,32496
2023-04-11,128.18,129.59,123.29,124.03,14544
2023-04-12,123.75,127.74,122.73,123.53,12712
2023-04-13,124.14,126.78,119.11,119.86,5528
2023-04-17,119.15,119.5,115.65,117.19,23128
2023-04-18,117.8,121.25,117.8,119.59,14180
2023-04-19,122.13,122.13,116.63,116.85,2056
2023-04-20,118.48,119.5,118.48,119.19,1324
2023-04-21,118.51,118.79,113.26,114.51,14672
2023-04-24,114.69,119.66,114.69,116.98,5308
2023-04-25,117.95,119.46,115.65,117.49,2852
2023-04-26,115.76,118.84,115.75,118.43,7192
2023-04-27,118.35,118.83,115.21,116.4,10940
2023-04-28,115.06,119.5,115.06,116.05,10740
2023-05-02,113.95,131.25,113.95,122.21,30636
2023-05-03,119.01,125.99,119.01,123.98,12128
2023-05-04,116.39,129.25,116.39,124.86,12784
2023-05-05,121.3,126.86,120.58,123.96,6252
2023-05-08,126.93,127.06,124.96,125.06,1360
2023-05-09,123.28,126.34,123.28,125.58,1840
2023-05-10,126.09,126.09,121.81,123.49,8988
2023-05-11,129.75,131.25,121.0,121.55,3708
2023-05-12,123.63,123.88,112.38,113.5,27932
2023-05-15,112.51,115.99,110.84,113.56,45824
2023-05-16,111.08,117.9,111.08,115.58,3640
2023-05-17,116.34,118.2,114.44,116.33,4992
2023-05-18,117.78,118.11,115.13,116.0,3508
2023-05-19,116.46,121.25,112.89,115.65,16116
2023-05-22,113.16,117.9,113.16,115.81,12292
2023-05-23,116.79,117.34,115.11,115.75,1164
2023-05-24,113.36,116.6,113.36,115.85,6736
2023-05-25,113.61,116.11,113.61,114.88,2364
2023-05-26,116.43,117.5,112.96,115.25,25872
2023-05-29,113.26,116.84,113.26,114.1,3660
2023-05-30,115.16,115.46,114.5,114.7,2396
2023-05-31,115.21,115.61,114.01,114.7,1936
2023-06-01,116.24,116.5,113.2,114.26,10456
2023-06-02,115.14,116.94,112.56,112.9,42020
2023-06-05,115.56,117.26,113.04,115.35,28348
2023-06-06,116.49,117.41,114.93,116.26,19572
2023-06-07,120.75,120.75,116.5,116.94,3192
2023-06-08,117.05,118.0,115.34,116.19,10936
2023-06-09,115.25,116.35,113.98,115.64,25468
2023-06-12,115.51,116.5,113.26,115.06,12928
2023-06-13,117.49,117.49,115.0,115.39,8480
2023-06-14,115.38,117.2,115.38,116.54,7520
2023-06-15,115.01,117.06,114.05,114.56,17576
2023-06-16,115.43,117.26,115.3,116.25,1992
2023-06-19,116.01,116.59,113.7,114.59,11248
2023-06-20,116.25,116.25,114.15,114.53,10368
2023-06-21,115.29,115.29,114.0,114.06,1068
2023-06-22,114.71,115.19,113.26,114.18,14004
2023-06-23,117.16,117.16,113.16,114.41,12384
2023-06-26,114.5,115.63,113.75,114.19,16120
2023-06-27,115.5,115.5,113.43,114.4,13260
2023-06-28,114.78,115.5,113.75,114.65,15524
2023-06-30,115.0,115.53,114.41,114.79,10164
2023-07-03,116.25,117.5,115.29,116.44,19252
2023-07-04,117.63,118.0,114.25,115.95,17468
2023-07-05,116.66,118.0,116.01,117.99,9508
2023-07-06,118.53,130.55,118.34,128.9,59616
2023-07-07,128.63,129.36,123.5,127.25,53748
2023-07-10,138.74,138.74,124.04,125.29,17188
2023-07-11,125.5,127.15,124.51,125.88,15360
2023-07-12,128.29,128.4,125.25,126.2,3844
2023-07-13,126.51,127.43,121.24,121.7,16196
2023-07-14,120.25,124.7,120.25,122.86,8728
2023-07-17,121.65,129.11,121.65,124.15,15464
2023-07-18,127.44,127.64,121.31,122.54,7452
2023-07-19,123.21,126.25,122.9,125.34,15668
2023-07-20,125.14,129.78,125.14,127.99,13604
2023-07-21,127.49,127.49,124.01,126.3,16480
2023-07-24,126.4,127.25,121.71,122.91,28080
2023-07-25,120.46,125.09,120.46,122.6,3212
2023-07-26,122.51,124.58,121.38,123.41,19580
2023-07-27,121.95,124.8,120.9,123.16,14484
2023-07-28,120.3,124.35,120.3,122.36,7488
2023-07-31,120.65,127.15,115.0,116.01,137140
2023-08-01,115.01,115.58,112.45,113.46,22348
2023-08-02,112.76,115.5,111.5,113.3,41112
2023-08-03,112.5,114.5,110.81,113.34,24732
2023-08-04,113.95,118.75,112.19,117.79,30848
2023-08-07,118.75,120.0,116.38,119.21,6700
2023-08-08,118.5,119.59,115.89,116.63,2544
2023-08-09,113.13,119.5,113.13,118.51,8972
2023-08-10,116.03,119.13,116.03,119.01,1212
2023-08-11,118.01,119.76,117.49,117.79,8084
2023-08-14,109.5,117.6,109.5,115.85,4604
2023-08-16,116.25,117.91,116.01,116.86,8900
2023-08-17,117.45,119.75,114.44,115.23,17684
2023-08-18,120.0,120.0,115.0,115.6,4480
2023-08-21,115.5,116.5,113.2,113.89,4704
2023-08-22,114.99,116.25,113.5,114.68,4864
2023-08-23,115.0,116.25,113.46,114.34,13452
2023-08-24,115.88,118.2,115.88,117.04,3512
2023-08-25,118.34,119.3,117.0,117.73,4464
2023-08-28,117.73,121.46,117.11,118.74,17508
2023-08-29,119.2,119.2,116.58,118.39,10096
2023-08-30,119.4,120.81,118.75,119.14,3768
2023-08-31,120.24,120.69,119.43,119.88,2964
2023-09-01,121.68,122.04,120.69,121.34,1812
2023-09-04,113.76,123.75,113.76,120.38,25912
2023-09-05,121.46,121.46,117.58,117.84,6292
2023-09-06,118.99,119.49,117.5,118.3,2652
2023-09-07,115.63,121.5,115.63,118.54,22156
2023-09-08,116.3,119.66,116.3,118.43,2416
2023-09-11,116.25,118.75,116.25,118.23,3944
2023-09-12,119.49,119.5,114.9,115.41,18544
2023-09-13,114.76,119.06,113.9,118.46,10552
2023-09-14,118.75,119.24,115.86,117.23,13936
2023-09-15,115.89,120.0,115.89,117.01,3968
2023-09-18,119.36,121.58,118.24,120.53,6968
2023-09-20,121.24,123.0,119.93,121.05,17088
2023-09-21,118.64,120.69,116.34,117.0,2188
2023-09-22,117.5,118.06,116.63,117.4,2216
2023-09-25,117.0,118.28,115.0,115.73,15032
2023-09-26,115.74,118.73,114.75,116.94,7060
2023-09-27,116.25,116.85,115.51,115.95,1700
2023-09-28,114.03,117.33,114.03,114.96,11392
2023-09-29,118.71,118.71,115.0,115.13,1480
2023-10-03,115.13,116.56,113.3,115.81,15504
2023-10-04,115.15,115.65,113.36,114.9,17760
2023-10-05,114.74,116.99,114.74,116.08,6704
2023-10-06,117.56,117.56,113.75,115.43,8580
2023-10-09,113.89,114.86,113.38,114.11,3644
2023-10-10,117.24,117.24,113.38,114.29,7040
2023-10-11,112.55,117.46,112.5,112.73,19588
2023-10-12,114.59,114.59,110.39,111.69,22076
2023-10-13,112.5,112.5,110.4,111.9,9236
2023-10-16,112.5,112.5,111.08,111.53,17168
2023-10-17,111.84,112.68,111.21,112.48,15324
2023-10-18,114.45,114.45,110.0,111.39,28988
2023-10-19,110.08,112.63,110.08,112.48,1364
2023-10-20,114.05,114.05,110.54,111.59,13344
2023-10-23,110.25,110.56,106.71,107.8,10860
2023-10-25,107.54,113.5,105.45,107.69,16344
2023-10-26,107.38,108.93,102.29,107.45,26636
2023-10-27,111.99,112.0,107.31,108.28,10592
2023-10-30,113.14,113.14,107.5,109.61,6960
2023-10-31,109.44,112.31,103.5,104.5,46372
2023-11-01,102.51,105.0,101.25,101.64,44756
2023-11-02,104.99,104.99,100.03,100.38,10744
2023-11-03,102.61,106.25,100.94,102.68,18456
2023-11-06,103.65,103.68,101.08,101.54,3512
2023-11-07,101.54,103.01,100.0,101.01,14224
2023-11-08,103.01,103.19,100.8,102.46,3692
2023-11-09,105.41,105.41,101.63,101.86,6780
2023-11-10,101.51,103.04,100.96,101.7,7088
2023-11-12,101.74,104.9,101.74,103.31,8044
2023-11-13,102.5,104.04,101.59,102.49,10284
2023-11-15,100.76,103.96,100.76,102.41,18416
2023-11-16,105.86,105.86,101.7,103.3,3016
2023-11-17,108.44,108.44,102.51,102.9,9692
2023-11-20,101.76,103.35,101.74,102.51,3856
2023-11-21,102.01,104.98,102.01,104.2,10756
2023-11-22,104.44,104.44,102.25,103.44,10820
2023-11-23,103.41,106.81,102.28,103.21,7192
2023-11-24,103.51,103.75,100.25,102.45,15064
2023-11-28,100.76,105.01,100.76,102.01,22360
2023-11-29,102.74,103.28,100.48,101.49,13616
2023-11-30,102.8,103.3,95.08,102.13,29688
2023-12-01,104.0,104.0,101.7,102.08,16604
2023-12-04,102.5,104.13,102.0,102.21,3764
2023-12-05,104.24,104.24,101.61,103.06,20176
2023-12-06,104.24,105.75,103.86,104.79,8004
2023-12-07,104.76,106.33,103.58,104.71,4716
2023-12-08,106.25,106.71,104.03,104.99,4136
2023-12-11,105.68,105.68,104.0,104.23,2308
2023-12-12,106.31,106.31,103.49,103.98,5516
2023-12-13,103.85,105.06,103.1,104.38,7064
2023-12-14,105.8,105.8,102.93,104.43,41004
2023-12-15,105.5,125.3,105.5,117.01,154604
2023-12-18,117.49,124.64,114.74,119.76,46988
2023-12-19,120.19,120.19,116.69,117.21,21692
2023-12-20,118.34,119.58,109.63,114.04,33544
2023-12-21,110.25,118.71,110.25,117.75,6296
2023-12-22,116.75,118.26,114.38,115.29,25176
2023-12-26,115.25,117.58,113.64,114.21,16060
2023-12-27,115.45,116.25,109.14,111.8,67268
2023-12-28,112.25,114.01,109.76,110.21,31920
2023-12-29,111.53,111.54,108.74,109.65,17204
2024-01-01,112.5,114.99,109.75,113.73,34100
2024-01-02,115.74,115.74,112.0,112.89,9136
2024-01-03,112.76,114.76,110.75,111.65,23840
2024-01-04,110.5,113.04,110.5,111.14,8128
2024-01-05,110.26,112.5,109.13,110.36,15840
2024-01-08,110.14,111.0,109.25,109.89,15404
2024-01-09,110.0,117.25,109.36,110.76,44904
2024-01-10,108.85,111.76,108.85,111.68,2332
2024-01-11,112.25,114.44,111.84,113.98,3912
2024-01-12,114.48,116.5,113.76,114.16,38408
2024-01-15,114.26,118.35,114.09,115.35,41656
2024-01-16,115.26,115.96,111.31,113.15,3376
2024-01-17,112.0,114.41,111.25,113.04,2212
2024-01-18,114.06,114.18,109.13,112.69,24296
2024-01-19,114.95,114.95,112.13,112.54,1752
2024-01-20,112.53,114.73,109.59,111.48,4624
2024-01-23,112.01,112.75,109.63,110.73,19124
2024-01-24,109.25,110.2,103.75,105.69,23432
2024-01-25,105.01,107.5,102.25,103.5,39584
2024-01-29,104.26,106.25,103.73,104.61,16880
2024-01-30,107.86,107.86,103.56,103.83,12468
2024-01-31,105.88,105.88,103.79,104.51,7172
2024-02-01,105.75,105.75,103.75,104.2,2944
2024-02-02,104.0,106.38,103.75,104.61,7208
2024-02-05,103.89,105.25,103.89,104.73,14860
2024-02-06,106.79,106.79,104.73,105.2,6048
2024-02-07,107.99,107.99,103.75,105.01,5936
2024-02-08,108.48,108.48,104.75,105.41,11748
2024-02-09,105.3,105.41,104.74,105.13,2084
2024-02-12,106.25,106.25,104.25,105.34,3132
2024-02-13,105.34,105.54,103.89,105.09,10072
2024-02-14,103.95,106.25,101.99,105.49,29052
2024-02-15,106.75,106.96,104.29,105.38,9568
2024-02-16,105.25,108.94,105.25,106.44,8560
2024-02-19,106.38,107.25,104.59,105.34,18860
2024-02-20,105.11,106.2,104.66,104.9,7808
2024-02-21,105.85,105.85,103.34,103.95,11072
2024-02-22,104.5,105.85,104.04,104.5,2100
2024-02-23,105.79,105.81,103.75,104.06,3956
2024-02-26,105.38,105.38,101.89,102.66,17748
2024-02-27,100.14,104.41,100.14,102.95,21068
2024-02-28,101.33,103.5,101.09,101.74,12232
2024-02-29,100.5,103.38,100.5,101.71,7876
2024-03-01,103.49,103.49,101.23,101.45,20936
2024-03-02,102.23,103.71,100.0,101.51,7480
2024-03-04,101.69,103.06,101.4,101.74,6612
2024-03-05,101.83,102.19,101.25,101.38,6612
2024-03-06,101.75,101.99,98.36,99.15,24896
2024-03-07,99.98,101.86,97.5,98.31,22484
2024-03-11,98.61,101.19,97.03,97.99,5656
2024-03-12,99.14,101.06,96.36,97.85,5876
2024-03-13,97.73,100.33,95.1,95.66,34232
2024-03-14,94.0,96.78,93.64,94.08,25124
2024-03-15,94.01,96.78,93.45,95.49,18008
2024-03-18,95.66,97.83,95.31,96.15,8900
2024-03-19,93.76,97.5,93.76,95.61,3700
2024-03-20,96.0,96.76,95.0,95.23,7348
2024-03-21,96.0,97.7,95.01,95.51,14704
2024-03-22,95.53,96.75,94.44,94.95,11904
2024-03-26,94.13,95.96,94.13,95.3,3096
2024-03-27,95.5,97.0,95.0,95.25,8624
2024-03-28,95.65,95.65,90.75,91.59,28872
2024-04-01,90.51,99.24,90.51,95.78,15192
2024-04-02,96.28,101.03,96.28,99.46,13712
2024-04-03,100.5,103.23,98.1,100.48,16284
2024-04-04,101.25,101.25,99.11,100.54,2260
2024-04-05,101.5,101.5,99.05,100.6,10668
2024-04-08,101.25,101.25,97.75,98.19,3012
2024-04-09,98.03,100.21,97.94,99.93,1712
2024-04-10,100.2,100.2,97.75,98.6,7124
2024-04-12,99.15,102.09,98.75,101.74,1640
2024-04-15,101.5,101.5,96.76,98.45,15116
2024-04-16,98.2,101.3,98.2,100.51,3388
2024-04-18,102.46,102.46,98.53,98.74,8220
2024-04-19,95.51,98.68,95.0,96.13,12276
2024-04-22,98.05,98.05,96.25,96.43,12712
2024-04-23,96.25,97.99,96.25,97.26,7380
2024-04-24,101.74,101.74,96.3,97.08,7832
2024-04-25,96.51,98.84,96.25,97.75,7696
2024-04-26,95.08,98.41,95.08,97.3,8492
2024-04-29,97.3,98.98,97.3,98.06,972
2024-04-30,95.5,98.25,95.5,97.71,8932
2024-05-02,97.5,97.66,95.25,96.48,20376
2024-05-03,96.39,97.55,96.25,96.26,2196
2024-05-06,96.26,96.45,95.0,95.34,1588
2024-05-07,95.04,113.75,95.04,109.08,61980
2024-05-08,109.96,111.76,105.71,106.46,72472
2024-05-09,104.51,108.5,99.26,101.0,89460
2024-05-10,97.25,104.5,97.25,101.0,19880
2024-05-13,104.49,110.29,99.5,104.51,58760
2024-05-14,103.0,106.25,102.0,103.15,41376
2024-05-15,103.21,106.26,103.21,104.33,16588
2024-05-16,104.99,106.0,104.19,104.45,13664
2024-05-17,106.55,106.55,104.68,104.98,7236
2024-05-18,105.0,106.19,105.0,105.53,836
2024-05-21,105.45,106.81,102.5,102.8,26948
2024-05-22,103.66,103.98,101.25,101.56,6356
2024-05-23,102.05,103.2,100.74,101.48,11840
2024-05-24,102.99,102.99,100.5,100.84,3720
2024-05-27,100.0,101.16,99.5,99.85,15248
2024-05-28,98.79,102.23,98.79,100.89,15960
2024-05-29,100.9,102.99,99.74,102.16,10828
2024-05-30,102.16,102.2,100.38,100.65,5052
2024-05-31,101.56,102.38,99.64,99.98,10580
2024-06-03,101.98,102.38,98.88,100.25,5132
2024-06-04,99.5,100.25,94.5,96.78,33864
2024-06-05,97.5,101.19,97.5,100.43,6904
2024-06-06,98.13,108.75,98.13,107.2,56544
2024-06-07,108.0,118.99,107.4,113.71,218680
2024-06-10,113.84,116.0,110.01,110.59,130176
2024-06-11,112.25,112.63,109.61,110.51,12252
2024-06-12,110.41,120.39,110.41,114.93,46408
2024-06-13,117.23,126.74,116.13,123.21,95216
2024-06-14,123.35,127.76,123.35,124.59,125752
2024-06-18,124.76,126.75,117.0,117.81,32440
2024-06-19,117.56,120.0,114.03,114.6,19308
2024-06-20,119.25,119.6,115.51,116.23,11152
2024-06-21,118.75,122.73,118.31,119.08,44472
2024-06-24,120.0,120.0,116.65,117.66,10528
2024-06-25,117.66,118.03,114.19,114.44,10356
2024-06-26,116.7,116.93,114.15,114.88,34748
2024-06-27,115.0,116.34,111.45,112.45,43524
2024-06-28,111.26,114.74,111.26,113.6,4508
2024-07-01,114.99,116.8,112.68,115.84,29220
2024-07-02,117.25,117.48,114.0,115.64,26352
2024-07-03,113.96,116.43,113.48,115.43,26836
2024-07-04,115.28,117.99,115.25,116.9,28508
2024-07-05,118.2,118.38,116.04,118.03,3420
2024-07-08,114.25,116.36,113.55,113.91,28876
2024-07-09,109.2,114.01,109.2,112.63,22812
2024-07-10,112.5,113.39,109.21,110.65,21268
2024-07-11,112.0,112.25,110.89,112.11,1568
2024-07-12,112.5,116.09,111.2,114.96,48240
2024-07-15,111.78,116.93,111.78,113.39,13884
2024-07-16,114.43,114.74,113.5,113.84,5768
2024-07-18,114.63,114.63,110.0,110.94,21768
2024-07-19,107.51,111.61,107.51,109.61,7220
2024-07-22,111.81,115.2,108.34,112.15,34700
2024-07-23,114.99,119.74,108.5,112.09,49580
2024-07-24,112.01,113.59,109.89,110.16,38768
2024-07-25,110.16,111.04,110.0,110.21,2496
2024-07-26,110.29,112.24,109.25,109.74,33716
2024-07-29,107.76,111.25,107.76,109.51,23464
2024-07-30,109.53,110.56,109.26,110.16,4752
2024-07-31,110.16,111.11,109.93,110.19,2740
2024-08-01,110.19,111.85,108.58,109.51,6224
2024-08-02,109.51,109.96,107.5,107.7,12344
2024-08-05,104.06,106.4,101.41,101.86,51968
2024-08-06,105.98,106.23,100.25,101.11,37852
2024-08-07,101.11,103.84,101.11,103.0,2648
2024-08-08,103.0,104.88,102.5,104.28,6132
2024-08-09,105.7,106.2,101.38,103.81,18980
2024-08-12,101.25,106.0,101.25,104.66,23216
2024-08-13,105.13,105.5,101.74,102.36,13212
2024-08-14,102.36,102.99,101.48,101.98,2048
2024-08-16,102.5,105.0,102.5,103.4,16040
2024-08-19,103.98,104.99,103.0,103.11,3072
2024-08-20,104.0,108.0,102.5,104.54,27696
2024-08-21,104.54,107.34,104.54,105.75,8388
2024-08-22,105.08,106.93,104.43,106.74,2404
2024-08-23,106.75,114.31,106.75,112.83,80896
2024-08-26,113.26,117.95,113.26,114.68,74852
2024-08-27,109.25,114.8,109.25,112.63,7688
2024-08-28,112.63,116.15,111.46,114.75,11880
2024-08-29,114.75,125.11,113.75,117.55,236424
2024-08-30,122.1,123.7,115.09,115.84,77044
2024-09-02,115.86,119.06,110.8,111.96,63392
2024-09-03,111.96,112.71,108.99,109.56,5236
2024-09-04,109.5,111.26,108.21,109.66,8920
2024-09-05,108.23,112.74,108.23,112.2,37892
2024-09-06,112.2,112.76,108.99,110.45,5868
2024-09-09,108.11,109.99,105.88,107.04,34084
2024-09-10,111.48,111.48,107.78,108.2,9792
2024-09-11,108.2,108.4,102.93,104.11,36068
2024-09-12,106.6,107.99,104.75,107.19,29056
2024-09-13,106.26,111.36,106.25,110.48,29644
2024-09-16,110.48,112.01,108.64,109.78,3336
2024-09-17,109.78,111.0,107.56,109.88,43440
2024-09-18,109.88,111.08,107.5,107.78,4784
2024-09-19,107.75,110.79,105.01,106.31,15780
2024-09-20,109.93,109.93,105.58,106.08,18764
2024-09-23,106.08,109.03,106.08,107.63,11412
2024-09-24,103.75,108.08,103.75,106.81,9244
2024-09-25,105.43,106.6,105.0,105.63,16256
2024-09-26,105.63,107.38,105.21,106.93,3104
2024-09-27,107.46,108.75,106.11,108.16,14980
2024-09-30,106.34,108.6,105.09,106.26,11624
2024-10-01,109.5,109.5,106.0,107.21,5016
2024-10-03,105.63,106.73,104.75,105.19,16920
2024-10-04,103.8,106.18,103.75,105.06,996
2024-10-07,107.25,107.25,99.79,100.65,40048
2024-10-08,100.65,102.65,99.75,101.49,4048
2024-10-09,106.74,106.74,102.09,102.98,11816
2024-10-10,103.24,105.19,100.33,102.3,14288
2024-10-11,102.3,103.6,101.93,102.84,4356
2024-10-14,99.51,106.53,99.51,104.63,61312
2024-10-15,104.63,105.75,101.98,102.09,7544
2024-10-16,101.5,103.49,100.06,101.26,7852
2024-10-17,101.26,102.78,100.68,102.0,9036
2024-10-18,101.48,101.78,99.24,100.63,4828
2024-10-21,100.25,102.09,97.51,98.31,3388
2024-10-22,98.31,98.89,96.04,97.0,16824
2024-10-23,97.0,98.93,95.88,98.86,10140
2024-10-24,99.75,99.75,95.88,96.34,2812
2024-10-25,99.78,99.78,95.18,95.96,6792
2024-10-28,94.31,110.4,94.31,105.2,87148
2024-10-29,113.49,113.49,105.6,106.16,8668
2024-10-30,106.46,107.34,104.33,105.59,8304
2024-10-31,104.5,106.3,103.93,104.91,11276
2024-11-01,106.24,107.5,104.91,106.26,5504
2024-11-04,105.0,106.35,102.86,104.25,8684
2024-11-05,103.83,111.24,103.76,110.95,6084
2024-11-06,106.73,115.6,106.73,112.64,40488
2024-11-07,112.64,112.64,108.66,109.75,7668
2024-11-08,106.38,112.5,106.38,108.13,9748
2024-11-11,108.13,108.13,105.43,106.8,2408
2024-11-12,106.8,109.5,106.0,106.96,3140
2024-11-13,105.0,108.2,104.74,104.79,9000
2024-11-14,103.75,108.5,103.75,107.34,2052
2024-11-18,106.45,107.68,104.98,106.98,2300
2024-11-19,107.91,111.36,106.5,108.58,14800
2024-11-21,102.76,108.75,102.76,106.39,11804
2024-11-22,108.5,108.74,105.69,106.86,5060
2024-11-25,107.5,110.23,105.68,106.54,5668
2024-11-26,106.54,109.5,106.38,108.3,9332
2024-11-27,108.18,109.49,107.0,108.65,5048
2024-11-28,108.5,111.06,106.06,107.34,12664
2024-11-29,107.34,108.83,105.24,107.1,4764
2024-12-02,107.18,109.25,105.55,108.94,10472
2024-12-03,109.11,109.75,107.83,108.59,10700
2024-12-04,108.59,116.4,108.59,112.24,6464
2024-12-05,112.23,112.98,111.41,111.89,3256
2024-12-06,111.88,112.23,104.0,106.95,13092
2024-12-09,105.75,111.6,105.0,110.21,22028
2024-12-10,112.48,116.75,111.58,114.41,53244
2024-12-11,114.51,117.48,112.79,116.61,11460
2024-12-12,116.61,118.55,114.71,116.39,5208
2024-12-13,116.48,117.83,112.36,114.71,11520
2024-12-16,110.5,117.13,110.5,114.35,7624
2024-12-17,113.68,113.68,109.51,110.25,21344
2024-12-18,110.25,110.33,107.51,108.18,3108
2024-12-19,108.18,108.28,106.63,107.58,6472
2024-12-20,107.58,108.46,105.25,105.4,2180
2024-12-23,106.26,107.53,105.0,105.09,3192
2024-12-24,105.0,105.1,104.08,104.08,364
2024-12-26,104.25,104.95,104.08,104.16,2336
2024-12-27,104.25,106.38,104.16,105.81,200
2024-12-30,104.78,104.83,101.58,102.16,12412
2024-12-31,103.75,104.35,102.46,102.63,1556
2025-01-01,108.2,108.2,104.01,105.04,4464
2025-01-02,105.68,107.5,104.29,105.99,6424
2025-01-03,105.91,110.73,105.59,110.1,9604
2025-01-06,107.84,110.75,107.25,107.58,13264
2025-01-07,105.53,108.65,105.53,108.53,1924
2025-01-08,104.01,109.93,104.01,109.43,956
2025-01-09,106.7,110.0,106.7,108.78,28636
2025-01-10,107.21,108.75,103.73,104.2,12100
2025-01-13,105.34,105.34,96.4,98.38,7648
2025-01-14,99.83,102.04,97.94,100.74,4752
2025-01-15,102.34,102.75,99.84,101.95,1348
2025-01-16,97.78,103.75,97.78,102.31,1992
2025-01-17,102.25,102.25,101.0,101.24,2364
2025-01-20,102.0,104.2,101.24,102.48,4112
2025-01-21,100.54,105.5,100.54,102.71,1368
2025-01-22,100.88,102.25,100.11,101.4,3504
2025-01-23,100.36,102.75,100.36,102.45,3376
2025-01-24,103.9,103.9,99.46,100.75,6168
2025-01-27,100.91,101.45,95.49,96.43,14096
2025-01-28,93.0,100.0,77.15,78.6,77520
2025-01-29,80.43,85.75,79.79,83.83,20700
2025-01-30,85.21,86.1,84.0,85.54,16828
2025-01-31,85.53,89.25,85.53,88.83,13988
2025-02-01,93.0,93.0,88.5,90.25,1828
2025-02-03,88.03,89.33,82.75,84.3,14584
2025-02-04,85.0,86.66,84.0,85.45,13588
2025-02-05,88.08,88.36,86.98,88.19,728
2025-02-06,88.25,90.25,87.31,88.04,8800
2025-02-07,87.25,87.91,87.13,87.91,1124
2025-02-10,90.65,90.65,85.15,85.76,4368
2025-02-11,87.08,87.08,84.0,85.2,2268
2025-02-12,83.08,86.25,82.26,84.11,9456
2025-02-13,83.98,87.0,83.98,85.01,4160
2025-02-14,83.75,85.64,81.58,83.73,10188
2025-02-17,84.11,84.54,81.54,83.69,2840
2025-02-18,84.03,90.08,84.0,85.73,10708
2025-02-19,87.21,87.26,84.8,85.51,1088
2025-02-20,85.38,87.25,84.75,85.45,4012
2025-02-21,82.51,86.59,82.51,85.45,6468
2025-02-24,85.4,85.45,82.58,83.83,3268
2025-02-25,83.58,83.58,81.0,81.83,1004
2025-02-27,80.9,82.11,78.89,79.8,3108
2025-02-28,77.75,79.06,76.5,78.46,10668
2025-03-03,78.0,79.83,75.0,76.5,20132
2025-03-04,75.0,77.31,73.91,75.09,4896
2025-03-05,77.64,79.25,75.44,79.05,4868
2025-03-06,80.25,81.61,78.04,80.74,10144
2025-03-07,82.0,82.5,79.14,79.54,13568
2025-03-10,81.69,81.69,77.31,79.29,69344
2025-03-11,81.2,81.2,75.85,76.89,26988
2025-03-12,79.58,79.6,77.08,77.33,81536
2025-03-13,77.03,79.45,76.74,77.85,4184
2025-03-17,78.2,79.26,76.5,77.05,98312
2025-03-18,77.75,79.29,76.68,78.21,12768
2025-03-19,79.06,79.11,77.97,78.88,972
2025-03-20,78.88,79.16,77.99,78.16,16140
2025-03-21,79.99,79.99,77.88,78.79,3836
2025-03-24,80.0,80.0,76.93,78.05,21128
2025-03-25,78.81,78.94,77.5,78.49,9608
2025-03-26,78.13,78.49,75.75,76.13,15860
2025-03-27,75.28,77.25,72.5,74.76,50564
2025-03-28,79.99,79.99,72.2,73.09,9928
2025-04-01,73.09,75.25,72.83,74.03,6284
2025-04-02,74.18,77.24,74.18,74.95,100
2025-04-03,74.79,76.0,74.5,75.61,1168
2025-04-04,75.09,75.09,71.66,73.31,19396
2025-04-07,70.26,70.76,67.49,69.76,23912
2025-04-08,79.93,79.93,70.49,72.01,3128
2025-04-09,73.76,73.76,70.0,70.3,2432
2025-04-11,71.66,73.14,71.66,72.99,1360
2025-04-15,73.86,84.75,72.99,74.47,228
2025-04-16,75.0,76.25,74.47,75.56,11232
2025-04-17,75.56,76.11,75.53,75.53,352
2025-04-21,75.0,75.95,75.0,75.64,3336
2025-04-22,75.56,76.4,75.36,76.2,804
2025-04-23,76.44,77.06,75.49,76.58,6708
2025-04-24,76.58,77.25,75.71,76.3,5572
2025-04-25,76.26,76.26,74.11,76.21,468
2025-04-28,75.26,76.3,74.5,76.06,2588
2025-04-29,76.0,77.13,74.89,76.33,4736
2025-04-30,77.55,77.55,74.68,75.51,6000
2025-05-02,75.51,80.0,74.75,76.25,19908
2025-05-05,78.09,78.25,76.11,76.49,13752
2025-05-06,76.38,77.75,76.18,76.35,2464
2025-05-07,75.96,76.35,74.46,74.88,6704
2025-05-08,75.0,76.38,73.75,73.75,2532
2025-05-09,73.8,77.65,72.96,76.0,2704
2025-05-12,77.75,77.75,75.75,76.08,5684
2025-05-13,79.13,91.29,78.43,88.14,85352
2025-05-14,88.76,92.5,87.05,91.6,31092
2025-05-15,92.5,92.58,89.2,89.55,14224
2025-05-16,91.79,98.8,91.79,94.34,18168
2025-05-19,97.45,97.45,93.05,95.35,14304
2025-05-20,96.63,96.63,94.0,94.2,5332
2025-05-21,94.86,96.23,94.75,95.98,2668
2025-05-22,95.44,96.25,92.3,95.53,24524
2025-05-23,96.5,96.74,93.98,95.8,11756
2025-05-26,97.21,98.5,95.23,97.24,50656
2025-05-27,94.96,96.25,92.01,93.6,28704
2025-05-28,93.9,93.9,90.83,91.8,1096
2025-05-29,91.5,91.5,88.75,89.91,5000
2025-05-30,90.3,90.5,88.66,89.51,9904
2025-06-02,90.01,91.73,88.39,91.66,10304
2025-06-03,88.26,92.25,88.26,89.59,19264
2025-06-04,90.7,95.4,90.68,94.75,2292
2025-06-05,93.06,96.01,93.06,95.58,13632
2025-06-06,93.89,95.25,92.55,93.11,3992
2025-06-09,96.43,108.78,96.43,99.99,126812
2025-06-10,100.7,101.25,98.14,99.43,8824
2025-06-11,103.49,103.49,97.63,98.1,13200
2025-06-12,95.26,96.75,95.15,95.48,24792
2025-06-13,94.24,100.39,93.75,98.11,39652
2025-06-16,99.98,99.98,95.39,97.1,22088
2025-06-17,97.64,99.99,95.93,96.49,24904
2025-06-18,96.45,97.8,95.01,95.26,5808
2025-06-19,95.29,96.0,92.5,92.8,5440
2025-06-20,92.24,94.6,92.0,94.2,5332
2025-06-23,93.85,94.64,92.41,93.65,1696
2025-06-24,94.43,95.65,93.5,94.13,2492
2025-06-25,95.4,97.33,95.4,96.2,2344
2025-06-26,95.96,96.1,92.74,94.03,20888
2025-06-27,94.51,95.26,94.04,94.31,7764
2025-06-30,94.64,94.88,94.25,94.43,1152
2025-07-01,95.5,95.5,94.41,94.76,116
2025-07-02,94.74,95.45,93.83,95.19,932
2025-07-03,98.69,98.69,94.18,95.19,10040
2025-07-04,93.75,96.5,93.75,96.15,2008
2025-07-07,93.06,96.3,93.06,95.39,5504
2025-07-08,95.25,95.68,92.13,93.16,21636
2025-07-09,90.25,95.0,90.25,94.06,1216
2025-07-10,90.13,94.71,90.13,91.79,12296
2025-07-11,89.26,94.54,89.26,93.74,2060
2025-07-14,92.06,95.0,90.74,91.85,10100
2025-07-15,94.48,94.5,92.03,94.5,2328
2025-07-16,94.0,97.43,94.0,96.35,15568
2025-07-17,97.65,99.39,97.65,98.59,2684
2025-07-18,105.0,108.68,99.25,106.01,100268
2025-07-21,107.5,110.5,106.75,109.64,58044
2025-07-22,109.76,116.09,106.23,112.69,70492
2025-07-23,131.23,135.23,127.0,135.23,1534852
2025-07-24,142.76,148.74,135.2,148.74,863652
2025-07-25,148.0,149.66,135.05,141.25,257768
2025-07-28,141.1,144.75,134.13,142.19,166824
2025-07-29,144.98,156.4,143.75,156.4,323876
2025-07-30,158.01,158.5,150.05,152.59,85664
2025-07-31,152.11,152.11,140.6,149.11,85792
2025-08-01,149.11,149.11,134.5,137.29,80908
2025-08-04,132.51,140.16,130.13,138.32,75448
2025-08-05,125.01,138.96,125.01,133.41,69940
2025-08-06,135.96,146.75,131.6,139.89,64500
2025-08-07,139.89,143.75,135.01,142.65,78136
2025-08-08,143.26,146.25,137.5,140.81,108728
2025-08-11,137.7,140.53,134.51,136.73,36512
2025-08-12,139.49,147.93,136.59,145.31,136660
2025-08-13,151.98,159.84,144.07,159.84,55848
2025-08-14,162.26,167.71,154.25,157.11,74440
2025-08-18,158.3,161.48,154.81,159.88,46996
2025-08-19,162.34,166.79,159.38,164.3,44600
2025-08-20,166.46,173.0,160.66,168.8,83724
2025-08-21,171.5,171.5,158.18,160.16,26392
2025-08-22,160.16,176.18,160.16,169.43,80088
2025-08-25,174.5,181.99,170.13,172.03,80748
2025-08-26,172.5,172.5,156.51,157.8,113168
2025-08-28,161.95,165.4,151.25,160.45,105020
2025-08-29,159.99,159.99,152.5,153.44,15144
2025-09-01,158.19,158.19,150.09,151.96,34320
2025-09-02,152.0,160.99,150.91,155.86,47572
2025-09-03,150.3,155.74,150.3,152.49,30608
2025-09-04,155.01,155.01,144.4,149.15,36588
2025-09-05,154.95,154.95,138.07,139.59,51356
2025-09-08,140.46,141.86,132.34,133.54,120452
2025-09-09,130.06,142.19,130.06,135.8,71296
2025-09-10,135.86,141.51,135.55,137.71,58492
2025-09-11,142.49,142.49,133.5,134.31,12508
2025-09-12,136.81,143.5,136.81,140.09,43160
2025-09-15,140.95,140.95,134.18,137.59,22084
2025-09-16,140.35,141.75,137.0,139.54,12652
2025-09-17,131.25,141.35,131.25,140.06,22360
2025-09-18,140.57,146.61,140.06,140.57,22060
2025-09-19,143.25,143.91,140.0,141.43,13840
2025-09-22,139.16,139.16,128.25,128.8,51608
2025-09-23,128.89,134.75,128.89,133.81,34664
2025-09-24,133.26,135.07,129.25,129.68,30136
2025-09-25,129.68,130.5,125.39,126.1,15700
2025-09-26,126.1,128.26,122.06,127.48,18220
2025-09-29,121.56,127.33,121.25,122.05,26308
2025-09-30,122.05,123.93,117.61,118.24,25264
2025-10-01,124.5,124.5,120.26,122.78,16100
2025-10-03,124.75,127.5,123.04,126.86,7136
2025-10-06,131.74,131.74,124.9,129.91,13752
2025-10-07,130.6,134.0,130.03,132.25,2884
2025-10-08,130.68,131.19,127.36,127.66,8788
2025-10-09,126.5,128.41,120.03,126.24,2948
2025-10-10,131.0,131.0,124.64,125.61,11824
2025-10-13,125.75,125.75,116.58,120.19,11412
2025-10-14,120.19,123.71,118.4,120.91,9464
2025-10-15,116.58,122.75,116.58,120.69,2964
2025-10-16,123.44,130.0,123.44,127.08,8096
2025-10-17,125.08,127.09,123.3,124.29,3984
2025-10-20,125.6,126.21,123.54,125.15,1984
2025-10-21,127.99,127.99,124.36,125.49,1808
2025-10-23,126.0,127.39,125.23,126.5,2592
2025-10-24,129.16,134.1,127.71,132.78,21612
2025-10-27,141.21,146.05,134.82,144.19,26496
2025-10-28,145.76,152.39,142.71,146.43,61760
2025-10-29,161.0,161.06,161.0,161.06,59680
2025-10-30,166.23,168.73,153.01,159.81,105280
2025-10-31,161.0,162.36,152.84,154.49,8732
2025-11-03,153.75,162.2,152.66,157.3,21500
2025-11-04,157.25,157.25,152.0,152.54,12348
2025-11-06,154.25,154.8,146.84,148.36,16980
2025-11-07,149.7,155.0,142.85,154.15,10784
2025-11-10,153.63,155.48,147.63,151.14,4676
2025-11-11,151.41,154.14,150.0,153.35,3564
2025-11-12,151.44,161.0,151.44,154.9,3884
2025-11-13,158.2,158.2,148.75,151.73,4636
2025-11-14,152.54,153.86,151.78,153.63,3888
2025-11-17,152.73,156.93,151.43,152.54,9296
2025-11-18,151.84,152.39,146.25,146.85,7440
2025-11-19,147.96,149.01,140.03,142.34,18332
2025-11-20,140.06,148.34,138.36,141.45,10044
2025-11-21,147.24,147.24,137.38,137.68,11196
2025-11-24,137.65,138.09,132.36,133.18,2976
2025-11-25,132.5,139.82,132.5,139.82,3784
2025-11-26,140.25,146.81,140.25,146.81,10824
2025-11-27,154.15,154.15,145.0,151.79,50332
2025-11-28,150.01,151.25,147.84,149.7,11256
2025-12-01,152.16,152.16,148.29,150.32,3152
2025-12-02,148.03,149.53,147.6,149.18,464
2025-12-03,145.55,147.5,143.75,145.05,2024
2025-12-04,146.48,152.3,146.26,150.88,9372
2025-12-05,155.98,177.34,155.98,171.73,188624
2025-12-08,171.75,171.75,157.51,160.04,39368
2025-12-09,158.9,168.29,154.2,159.1,25460
2025-12-10,155.6,166.39,155.6,157.68,18620
2025-12-11,157.68,167.68,156.88,162.73,29744
2025-12-12,162.73,181.25,161.53,173.41,56576
2025-12-15,173.5,193.75,173.5,188.96,76256
2025-12-16,191.25,197.15,183.25,195.11,56576
2025-12-17,199.96,199.96,183.05,184.74,18432
2025-12-18,180.75,192.75,180.75,188.86,31184
2025-12-19,188.78,195.0,187.7,191.05,13328
2025-12-22,193.99,213.0,190.14,201.26,108492
2025-12-23,203.99,204.5,197.23,199.7,33696
2025-12-24,199.04,199.7,187.89,188.99,43660
2025-12-26,189.23,197.49,182.18,195.34,56368
2025-12-29,199.96,199.98,188.9,197.73,42988
2025-12-30,205.6,205.6,194.13,198.58,21792
2025-12-31,202.0,209.2,202.0,205.9,51676
2026-01-01,204.91,206.08,201.05,202.9,20668
2026-01-02,204.96,230.5,203.5,226.35,373016
2026-01-05,224.0,229.7,214.15,215.94,84444
2026-01-06,216.26,240.21,214.81,235.48,265364
2026-01-07,234.49,257.5,230.5,250.93,242872
2026-01-08,245.0,248.05,231.5,236.38,143964
2026-01-09,234.84,241.0,222.75,223.89,109132
2026-01-12,231.79,232.75,214.85,224.34,139580
2026-01-13,228.71,229.46,208.98,213.03,38488
2026-01-14,210.45,218.53,200.6,203.76,92464
2026-01-16,203.78,209.95,195.13,196.84,72744
2026-01-19,196.31,203.5,191.05,200.41,61448
2026-01-20,205.0,219.73,199.18,215.19,209480
2026-01-21,214.9,216.0,204.45,210.73,97636
2026-01-22,214.99,235.11,213.39,223.44,216860
2026-01-23,230.01,230.01,200.75,205.89,116064
2026-01-27,202.5,203.63,182.33,185.19,105796
2026-01-28,185.76,222.23,185.76,222.23,410236
2026-01-29,225.98,229.5,203.98,212.88,361256
2026-01-30,223.74,223.74,200.35,201.34,48772
2026-02-01,201.75,225.0,193.75,213.4,336236
2026-02-02,213.24,218.88,203.25,211.49,106936
2026-02-03,218.8,233.5,217.6,228.04,134096
2026-02-04,226.03,231.63,208.34,216.75,131764
2026-02-05,217.93,217.93,207.5,210.03,33864
2026-02-06,209.74,216.04,202.74,206.16,116720
2026-02-09,206.29,214.75,205.75,210.41,38108
2026-02-10,217.7,239.18,212.3,226.69,362024
2026-02-11,227.79,235.48,218.85,220.73,172616
2026-02-12,220.55,226.45,216.0,223.61,67604
2026-02-13,225.96,230.63,213.85,216.28,173232
2026-02-16,216.44,222.5,211.36,215.98,83024
2026-02-17,216.75,241.54,216.56,231.34,200844
2026-02-18,231.31,236.44,223.09,225.2,81428
2026-02-19,225.01,227.56,215.5,217.18,75540
2026-02-20,217.18,225.19,211.86,222.35,88252
2026-02-23,224.38,225.0,219.15,221.56,35092
2026-02-24,220.25,222.25,205.75,207.46,47012
2026-02-25,208.76,214.75,197.83,200.44,64044
2026-02-26,201.5,208.84,199.18,199.9,70064
2026-02-27,202.85,217.75,200.05,206.85,42268
2026-03-02,197.95,198.3,175.35,178.3,62811
2026-03-04,171.05,180.0,167.1,175.2,54884
2026-03-05,174.55,178.95,157.0,160.25,83526
2026-03-06,161.55,166.85,153.7,155.0,66621
2026-03-09,151.0,151.45,143.0,144.25,44136
2026-03-10,145.85,148.5,140.7,144.35,19143
2026-03-11,144.0,148.3,133.5,135.3,28591
2026-03-12,129.5,142.65,127.6,128.45,64563
2026-03-13,129.0,129.5,120.45,123.95,33829
2026-03-16,119.05,136.3,119.05,133.8,91478
2026-03-17,135.0,135.0,129.5,132.35,28206
2026-03-18,130.0,144.0,130.0,141.35,37424
2026-03-19,133.0,151.6,133.0,136.35,53788
2026-03-20,137.25,140.95,136.3,139.5,25028
2026-03-23,137.3,137.3,129.6,131.75,30747
2026-03-24,132.45,137.55,130.65,136.4,26730
2026-03-25,139.5,140.9,136.45,138.2,32127
2026-03-27,131.0,135.95,131.0,132.15,24105
2026-03-30,129.5,131.8,122.85,123.75,31848
2026-04-01,133.75,136.1,128.45,136.1,22787
2026-04-02,134.95,144.15,131.5,141.7,68849
2026-04-06,141.7,145.45,137.1,144.75,27774
2026-04-07,147.0,147.0,139.55,141.35,27985
2026-04-08,151.05,160.65,147.65,152.65,71611
2026-04-09,158.2,162.0,151.85,157.6,33335
2026-04-10,160.25,189.1,160.25,187.6,281352
2026-04-13,184.25,184.7,175.7,177.0,84238
2026-04-15,184.75,184.75,171.1,173.35,48459
2026-04-16,175.05,182.8,174.4,181.05,104733
2026-04-17,186.6,195.0,180.3,190.0,64763
2026-04-20,188.05,191.15,180.0,181.75,49804
2026-04-21,181.0,181.75,174.65,176.3,28940
2026-04-22,174.8,183.85,174.8,182.2,22807
2026-04-23,182.25,184.25,171.55,173.85,24261
2026-04-24,174.5,175.7,165.05,168.0,34087
2026-04-27,171.0,191.15,169.55,183.85,70156
2026-04-28,187.55,206.05,180.5,199.3,124497
2026-04-29,199.25,199.25,174.35,178.75,131867
2026-04-30,181.9,184.95,176.0,179.95,48703
2026-05-04,183.7,183.7,173.0,177.6,36306
2026-05-05,177.55,178.4,170.15,172.0,37100
2026-05-06,174.0,177.7,167.55,169.0,24991
2026-05-07,169.5,175.3,168.0,174.0,18103
2026-05-08,172.25,174.45,170.55,172.4,11344
