Datetime,Open,High,Low,Close,Volume
2019-05-28,25.25,26.0,25.14,25.47,91915
2019-05-29,25.48,26.0,25.4,25.54,121215
2019-05-30,25.7,25.79,25.46,25.56,135025
2019-06-03,25.86,26.0,25.66,25.9,21945
2019-06-10,25.66,25.8,24.0,24.3,75710
2019-06-11,24.5,25.4,23.94,24.1,47635
2019-06-12,24.1,24.2,23.4,24.1,246765
2019-06-13,24.3,24.31,23.56,23.98,153240
2019-06-14,24.02,24.19,23.86,23.98,89975
2019-06-17,24.0,24.0,23.46,23.92,73205
2019-06-18,23.92,23.99,23.2,23.22,57525
2019-06-19,23.92,23.94,22.86,23.31,55395
2019-06-20,23.31,24.99,23.31,23.72,39700
2019-06-21,23.72,24.0,23.46,23.67,30110
2019-06-24,23.67,25.0,23.26,23.94,588805
2019-06-25,23.94,24.6,23.56,24.56,191935
2019-06-26,24.85,25.34,24.2,24.97,294735
2019-06-27,25.18,25.44,24.58,24.99,312705
2019-06-28,25.22,25.99,24.64,24.95,219605
2019-07-01,25.1,25.56,24.7,24.98,80730
2019-07-02,25.0,25.23,24.92,24.98,39540
2019-07-03,25.1,25.8,24.8,24.97,97385
2019-07-04,25.2,25.22,24.06,24.69,90635
2019-07-05,24.9,24.9,24.69,24.73,5575
2019-07-08,25.3,25.31,24.58,24.91,15085
2019-07-09,24.91,25.05,24.34,24.5,82440
2019-07-10,24.7,24.72,23.95,24.0,8320
2019-07-11,24.0,24.0,21.4,23.06,63505
2019-07-12,23.06,24.04,21.14,23.34,75800
2019-07-15,23.45,24.0,23.2,23.54,30225
2019-07-16,23.54,23.79,18.84,19.04,112105
2019-07-17,18.98,20.99,17.01,20.48,104440
2019-07-18,20.7,21.5,20.0,20.68,55760
2019-07-19,21.06,21.56,19.9,20.1,35560
2019-07-22,20.3,20.31,19.6,19.96,14415
2019-07-23,19.9,20.01,17.7,18.61,52220
2019-07-24,19.2,19.22,18.0,18.49,28715
2019-07-25,18.65,18.65,17.05,17.64,7890
2019-07-26,17.7,20.0,16.49,19.97,9965
2019-07-29,20.2,20.81,19.97,19.98,23635
2019-07-30,20.2,20.23,19.54,19.81,6300
2019-07-31,19.8,19.91,17.6,18.32,20685
2019-08-01,18.32,18.32,15.64,17.0,20580
2019-08-02,18.35,18.35,14.99,15.68,23820
2019-08-05,15.99,16.39,15.1,16.35,151715
2019-08-06,16.39,17.0,16.39,17.0,245
2019-08-07,15.22,17.6,15.22,16.56,2700
2019-08-08,16.54,17.99,16.0,17.74,2315
2019-08-09,17.74,19.58,16.6,17.72,6295
2019-08-13,18.0,18.6,16.4,18.55,1350
2019-08-14,18.6,21.0,17.6,18.76,7135
2019-08-16,19.38,19.4,18.0,19.3,690
2019-08-19,18.88,19.5,18.6,19.1,2410
2019-08-20,19.0,19.02,17.0,17.71,18770
2019-08-21,17.6,17.62,15.0,16.33,69575
2019-08-22,16.2,17.98,15.6,17.98,15240
2019-08-23,17.9,19.6,17.05,18.52,1050
2019-08-26,22.18,22.18,15.8,19.0,2005
2019-08-27,19.2,20.6,18.0,20.6,6365
2019-08-28,20.6,20.6,19.72,20.45,1390
2019-08-29,20.1,20.1,17.49,17.86,4360
2019-08-30,18.0,20.0,18.0,18.98,905
2019-09-03,17.8,18.6,16.07,16.36,6850
2019-09-04,16.4,18.6,16.37,18.46,27435
2019-09-05,20.3,20.3,17.93,19.04,16280
2019-09-06,19.5,19.5,17.01,17.96,6040
2019-09-11,19.75,20.18,19.2,19.94,13950
2019-09-12,20.4,20.45,19.32,20.0,8360
2019-09-13,20.4,20.4,19.8,20.11,15170
2019-09-16,20.6,21.49,20.4,20.6,10645
2019-09-17,21.1,21.12,20.6,20.6,5530
2019-09-18,20.9,20.93,20.4,20.4,5585
2019-09-19,20.6,20.6,20.3,20.4,18740
2019-09-20,20.85,20.87,19.32,20.47,22600
2019-09-23,20.4,20.4,18.66,19.8,20950
2019-09-24,19.8,20.4,19.56,20.18,13790
2019-09-25,20.18,20.18,19.0,19.93,11860
2019-09-26,20.02,20.39,19.75,19.91,15320
2019-09-27,20.0,20.39,19.91,19.91,5125
2019-09-30,20.01,20.4,19.96,20.04,10715
2019-10-01,20.04,20.1,19.32,19.45,6835
2019-10-03,19.61,20.0,19.0,19.1,83140
2019-10-04,19.22,19.6,18.6,18.63,24590
2019-10-07,18.85,19.4,18.26,18.26,5740
2019-10-09,18.42,19.59,18.0,19.02,20100
2019-10-10,19.23,19.4,17.91,17.96,12480
2019-10-11,18.0,18.0,17.77,17.91,11715
2019-10-14,18.0,18.4,17.54,17.86,20760
2019-10-15,17.92,18.02,17.02,17.27,6415
2019-10-16,17.36,17.59,14.0,16.35,70145
2019-10-17,16.41,16.43,14.8,15.48,9555
2019-10-18,17.3,17.3,13.43,15.01,61105
2019-10-22,15.53,16.47,15.3,16.1,26305
2019-10-23,16.1,17.4,15.02,16.24,18040
2019-10-24,16.8,17.6,16.32,17.57,47785
2019-10-25,17.63,18.0,17.06,17.44,134035
2019-10-29,17.61,18.0,17.2,17.62,17040
2019-10-30,18.0,18.01,16.8,17.6,70520
2019-10-31,17.6,18.0,16.3,17.22,20425
2019-11-01,17.42,17.99,16.85,17.5,20720
2019-11-04,17.5,17.5,15.3,16.04,15495
2019-11-05,16.0,16.7,15.65,16.56,14775
2019-11-06,17.9,17.9,16.49,17.0,5570
2019-11-07,17.4,17.43,17.0,17.39,5100
2019-11-08,17.5,17.53,16.4,16.73,5720
2019-11-13,16.65,17.4,16.05,16.32,7440
2019-11-14,16.32,17.58,15.85,17.22,14765
2019-11-15,17.3,17.31,16.14,16.37,8280
2019-11-18,16.61,16.64,15.85,15.85,5555
2019-11-19,16.02,17.0,15.62,16.48,15970
2019-11-20,16.48,16.49,15.7,16.05,19650
2019-11-21,16.4,16.6,16.05,16.45,10155
2019-11-22,16.6,16.78,16.11,16.12,10845
2019-11-25,16.65,17.0,16.4,16.71,25795
2019-11-26,17.0,17.03,15.8,16.0,8815
2019-11-27,16.3,17.5,16.3,16.8,5650
2019-11-28,17.3,17.6,16.27,16.64,16395
2019-11-29,16.8,16.84,16.29,16.31,10460
2019-12-02,16.42,16.5,16.2,16.39,5625
2019-12-03,16.5,16.8,16.38,16.8,5595
2019-12-04,16.8,16.8,15.04,15.62,8920
2019-12-05,16.0,16.01,15.2,15.67,12175
2019-12-06,16.4,16.4,15.42,16.02,6700
2019-12-09,16.8,16.8,16.0,16.31,107280
2019-12-10,16.5,16.78,16.14,16.49,87865
2019-12-11,16.48,16.48,16.05,16.14,53080
2019-12-12,16.14,16.14,15.9,16.0,10440
2019-12-13,16.0,16.0,15.43,15.9,12000
2019-12-16,15.95,15.99,15.45,15.92,45585
2019-12-17,15.92,15.95,14.8,14.98,40985
2019-12-18,15.0,15.6,15.0,15.1,19580
2019-12-19,15.3,15.5,15.3,15.45,10075
2019-12-20,15.4,15.4,14.8,15.1,13425
2019-12-23,15.25,16.0,15.11,15.38,51645
2019-12-24,15.39,16.79,15.39,16.58,46855
2019-12-26,16.74,17.0,16.0,16.4,6025
2019-12-27,16.8,17.4,15.83,16.27,53425
2019-12-30,16.7,16.7,15.97,15.98,42835
2019-12-31,15.99,17.1,15.62,16.0,50670
2020-01-01,16.4,17.38,16.4,17.3,24140
2020-01-02,17.6,18.06,16.6,17.37,49655
2020-01-03,18.0,19.1,17.4,17.75,42260
2020-01-06,17.75,18.0,17.04,17.23,10670
2020-01-07,17.6,18.2,16.26,18.15,84980
2020-01-08,18.1,18.1,16.67,16.99,90570
2020-01-09,17.8,17.8,16.45,16.95,11280
2020-01-10,17.05,19.06,16.6,18.77,24800
2020-01-13,18.77,18.8,17.66,18.35,18915
2020-01-14,18.35,18.8,18.02,18.69,22095
2020-01-15,18.8,19.2,18.42,18.7,11410
2020-01-16,18.9,18.96,17.62,18.74,147040
2020-01-17,19.0,19.8,17.62,18.75,189785
2020-01-20,18.75,19.8,18.49,18.55,77680
2020-01-21,18.7,21.0,18.2,18.68,48915
2020-01-22,19.0,19.01,17.5,18.31,22065
2020-01-23,18.5,19.47,18.02,18.94,71850
2020-01-24,19.0,19.2,18.01,18.91,14150
2020-01-27,19.2,19.6,18.09,18.52,111270
2020-01-28,18.65,19.8,18.65,19.39,10545
2020-01-29,19.7,20.0,19.3,20.0,12455
2020-01-30,20.0,20.0,19.65,19.65,8435
2020-01-31,19.65,20.36,18.82,19.34,11790
2020-02-01,19.5,19.63,19.3,19.38,25005
2020-02-03,19.39,19.62,18.6,18.64,6610
2020-02-04,18.66,19.8,17.8,18.65,74605
2020-02-05,18.81,19.6,18.6,19.38,11865
2020-02-06,19.35,19.8,19.27,19.43,25940
2020-02-07,19.6,19.65,19.22,19.43,15955
2020-02-10,19.8,19.82,18.1,19.24,23625
2020-02-11,19.24,19.79,19.02,19.38,15665
2020-02-12,19.5,19.7,18.6,19.34,16970
2020-02-13,19.34,19.52,18.65,19.17,13995
2020-02-14,19.32,19.34,18.82,19.1,5210
2020-02-17,19.4,21.0,19.12,19.72,218730
2020-02-18,19.92,20.6,19.82,20.44,129070
2020-02-19,20.58,21.11,19.8,20.33,117145
2020-02-20,20.33,20.6,19.8,20.18,80295
2020-02-24,20.4,20.51,19.0,19.83,86325
2020-02-25,20.2,20.4,19.24,19.9,36525
2020-02-26,20.05,20.07,19.2,19.37,36800
2020-02-27,19.5,19.7,18.22,18.82,27890
2020-02-28,19.1,19.59,15.46,17.31,43055
2020-03-02,17.5,18.58,16.01,17.19,26130
2020-03-03,17.5,17.96,16.82,17.25,12090
2020-03-04,17.5,18.3,16.4,16.99,11600
2020-03-05,17.2,19.85,16.0,18.94,27025
2020-03-06,17.99,18.4,17.2,18.31,13490
2020-03-09,18.32,18.32,14.83,16.56,258875
2020-03-11,17.65,17.65,15.2,15.38,8315
2020-03-12,15.3,15.98,13.0,14.52,19645
2020-03-13,15.0,17.4,14.0,15.01,180010
2020-03-16,15.1,15.1,14.6,14.61,6830
2020-03-17,14.6,14.94,13.8,14.86,14915
2020-03-18,15.3,16.53,12.9,13.62,34830
2020-03-19,13.6,13.97,13.0,13.53,7410
2020-03-20,14.4,14.4,12.43,13.65,36560
2020-03-23,13.65,13.65,11.32,13.6,89760
2020-03-24,14.0,14.0,12.0,12.75,174380
2020-03-25,13.89,13.89,12.0,13.55,10605
2020-03-26,14.38,14.38,12.44,13.54,12135
2020-03-27,13.2,14.39,12.4,13.74,8855
2020-03-30,13.74,13.99,11.8,12.04,556785
2020-03-31,13.1,13.1,12.0,12.2,709835
2020-04-01,12.3,12.89,11.8,12.07,549040
2020-04-03,12.6,12.77,11.78,12.05,637165
2020-04-07,13.14,13.18,12.0,12.37,669605
2020-04-08,12.58,12.62,11.99,12.03,715295
2020-04-09,12.5,12.59,12.04,12.15,673410
2020-04-13,12.1,12.3,11.93,11.97,601595
2020-04-15,12.2,12.6,11.93,11.99,598795
2020-04-16,12.0,12.32,11.87,12.01,515890
2020-04-17,12.18,12.19,12.0,12.06,529175
2020-04-20,12.07,12.38,11.99,12.0,941030
2020-04-21,12.0,12.38,12.0,12.22,988150
2020-04-22,12.38,12.51,12.01,12.5,536060
2020-04-23,12.6,12.99,12.0,12.03,348390
2020-04-24,12.38,14.4,12.03,13.01,278035
2020-04-27,13.38,14.38,12.2,13.11,363350
2020-04-28,13.11,13.81,13.11,13.74,56830
2020-04-29,13.6,13.84,13.56,13.66,30190
2020-04-30,13.73,14.06,13.73,14.02,45970
2020-05-04,14.0,14.02,13.74,13.76,35595
2020-05-05,14.38,14.38,13.78,13.8,59450
2020-05-06,13.8,14.0,13.74,13.89,29770
2020-05-07,13.9,14.18,13.4,13.68,40830
2020-05-08,13.7,14.3,13.49,13.73,33770
2020-05-11,13.8,13.98,13.62,13.81,39240
2020-05-12,13.85,14.0,13.6,13.82,36810
2020-05-13,14.2,14.22,13.62,13.9,41835
2020-05-14,13.9,14.01,13.73,13.77,30460
2020-05-15,13.8,14.1,13.61,14.0,56035
2020-05-18,14.1,14.1,13.61,13.61,22935
2020-05-19,15.0,15.0,13.4,13.48,48365
2020-05-20,13.6,14.0,13.6,13.62,31300
2020-05-21,13.65,14.0,13.61,13.78,30815
2020-05-22,13.88,13.99,13.55,13.58,31425
2020-05-26,13.6,14.6,13.56,14.47,53625
2020-05-27,14.5,14.52,14.36,14.4,31150
2020-05-28,14.5,14.6,14.24,14.47,44400
2020-05-29,14.7,15.19,14.5,15.07,50415
2020-06-01,15.16,15.3,14.7,15.25,43375
2020-06-02,15.36,16.03,15.1,15.46,60550
2020-06-03,15.53,15.6,15.39,15.52,54235
2020-06-04,15.5,15.56,15.33,15.43,46660
2020-06-05,15.25,15.6,15.25,15.52,129560
2020-06-08,15.5,15.6,15.4,15.49,44160
2020-06-09,15.53,15.85,15.48,15.67,45665
2020-06-10,15.7,16.01,15.48,15.75,43480
2020-06-11,15.8,16.01,15.77,15.94,43950
2020-06-12,15.89,15.99,15.69,15.88,36125
2020-06-15,16.01,16.01,15.48,15.95,39295
2020-06-16,16.1,16.9,16.0,16.67,57560
2020-06-17,16.2,17.5,16.2,16.58,50795
2020-06-18,16.4,16.8,16.0,16.77,39925
2020-06-19,16.79,17.0,16.77,16.86,55865
2020-06-22,16.9,17.2,16.7,16.94,55845
2020-06-23,16.94,17.25,16.94,17.24,25325
2020-06-24,17.2,17.4,16.81,17.16,39285
2020-06-25,17.3,17.4,17.17,17.18,25200
2020-06-26,17.2,17.36,16.9,17.05,40800
2020-06-29,17.08,17.52,16.7,17.02,34690
2020-06-30,17.1,17.49,17.0,17.46,32575
2020-07-01,17.4,17.65,17.0,17.6,31985
2020-07-02,17.6,17.6,16.99,17.18,29555
2020-07-03,18.0,18.0,17.42,17.99,76560
2020-07-06,19.0,19.6,18.05,18.71,156640
2020-07-07,19.8,19.8,18.76,18.91,79080
2020-07-08,18.97,19.4,18.7,19.09,107080
2020-07-09,19.2,19.4,19.0,19.37,63195
2020-07-10,19.3,21.6,19.25,21.08,231715
2020-07-13,21.0,21.22,19.6,19.71,73465
2020-07-14,19.72,20.4,18.72,18.89,56895
2020-07-15,19.0,19.6,17.0,18.91,93910
2020-07-16,19.0,19.0,17.9,18.25,69505
2020-07-17,18.2,18.8,17.6,18.41,55095
2020-07-20,18.6,18.77,17.89,18.16,57235
2020-07-21,18.5,18.54,16.42,17.68,62505
2020-07-22,17.8,18.28,16.76,17.74,46750
2020-07-23,17.8,17.85,17.5,17.63,32720
2020-07-24,17.75,18.0,17.58,17.92,31395
2020-07-27,17.94,18.35,17.2,17.85,68395
2020-07-28,17.87,18.25,17.0,18.22,62765
2020-07-29,18.4,18.6,16.6,17.72,841765
2020-07-30,17.76,18.0,16.6,16.7,449090
2020-07-31,17.2,19.4,16.9,18.81,84640
2020-08-03,19.38,19.38,17.22,18.47,50180
2020-08-04,19.4,19.4,18.28,18.55,207330
2020-08-05,18.88,19.4,17.83,18.22,34595
2020-08-06,18.55,18.61,17.8,18.05,34710
2020-08-07,18.2,18.3,17.5,17.78,23235
2020-08-10,18.9,18.9,17.86,17.96,29405
2020-08-11,18.1,18.14,17.27,17.72,28755
2020-08-12,18.0,18.01,16.83,17.51,45780
2020-08-13,17.6,18.56,16.6,17.56,534995
2020-08-14,17.6,18.56,17.1,18.15,60725
2020-08-17,18.15,18.4,17.38,18.07,78555
2020-08-18,18.1,18.38,17.6,17.99,28730
2020-08-19,18.03,18.4,17.9,18.33,83225
2020-08-20,18.4,19.6,18.4,19.16,70360
2020-08-21,19.6,19.87,19.16,19.36,114060
2020-08-24,18.9,19.95,18.84,19.56,47335
2020-08-25,19.56,19.7,18.85,19.14,126610
2020-08-26,19.0,19.76,18.21,19.63,92235
2020-08-27,19.65,19.99,19.1,19.68,36545
2020-08-28,19.68,20.0,18.81,19.69,67625
2020-08-31,19.6,20.82,18.8,20.55,93195
2020-09-01,20.4,20.4,19.88,20.0,24190
2020-09-02,20.56,20.6,19.8,20.45,38170
2020-09-03,20.6,20.6,19.56,19.59,98305
2020-09-04,19.86,19.86,18.64,19.62,65975
2020-09-07,20.0,20.76,19.79,20.36,64040
2020-09-08,20.4,20.44,19.91,20.28,29665
2020-09-09,20.28,20.28,19.68,19.81,28675
2020-09-10,20.2,20.4,19.35,19.4,40620
2020-09-11,19.7,20.4,18.25,18.98,115015
2020-09-14,19.08,19.57,18.41,19.04,98550
2020-09-15,19.2,19.21,17.7,18.72,43505
2020-09-16,19.07,19.1,18.42,18.84,31985
2020-09-17,19.34,19.34,18.07,18.74,25265
2020-09-18,19.5,19.51,17.01,17.34,168575
2020-09-21,17.9,17.92,15.8,16.75,58430
2020-09-22,16.9,17.2,16.1,16.9,28670
2020-09-23,16.91,17.2,16.4,16.78,22505
2020-09-24,16.78,17.0,16.42,16.83,29145
2020-09-25,17.1,17.28,16.23,16.69,42740
2020-09-28,17.0,17.4,16.81,17.35,20455
2020-09-29,17.77,17.77,16.51,17.32,32190
2020-09-30,17.3,18.8,16.22,18.41,136860
2020-10-01,18.68,19.4,17.03,17.34,26145
2020-10-05,17.6,18.2,17.02,17.43,10985
2020-10-06,17.6,17.61,16.6,17.01,30170
2020-10-07,17.8,17.8,16.6,16.72,32980
2020-10-08,17.0,17.49,16.6,17.25,18930
2020-10-09,17.28,17.33,17.02,17.13,21140
2020-10-12,17.4,18.0,17.2,17.33,16750
2020-10-13,18.36,18.36,17.6,17.67,15080
2020-10-14,17.67,18.0,17.2,17.87,23700
2020-10-15,17.7,17.8,17.1,17.5,23770
2020-10-16,17.6,17.7,16.13,17.13,37320
2020-10-19,17.13,17.8,16.6,17.44,13535
2020-10-20,17.44,17.5,17.1,17.21,12355
2020-10-21,16.4,18.2,16.4,17.83,48255
2020-10-22,17.7,18.16,16.8,17.91,24830
2020-10-23,18.1,18.56,17.02,18.26,21910
2020-10-26,18.4,18.79,17.33,18.4,403585
2020-10-27,18.52,18.8,17.8,18.6,412515
2020-10-28,18.6,18.96,18.3,18.38,342160
2020-10-29,18.5,18.96,18.33,18.8,343980
2020-10-30,18.8,19.6,18.69,19.4,93805
2020-11-02,19.6,19.66,18.7,19.0,21585
2020-11-03,19.01,20.39,18.8,19.98,109115
2020-11-04,19.92,20.93,19.8,20.63,154760
2020-11-05,21.0,21.76,20.46,20.96,123580
2020-11-06,20.9,21.76,20.61,21.47,124535
2020-11-09,21.98,22.31,21.75,21.82,86220
2020-11-10,21.82,23.08,21.68,22.69,358525
2020-11-11,23.8,23.8,21.4,21.68,145080
2020-11-12,22.0,22.14,19.4,20.65,113585
2020-11-13,20.65,22.78,20.65,21.64,101455
2020-11-14,22.0,22.0,20.8,21.47,29000
2020-11-17,21.8,21.8,20.4,21.02,142920
2020-11-18,21.2,21.29,20.6,21.01,62530
2020-11-19,21.2,21.35,20.75,20.8,54225
2020-11-20,21.05,21.19,20.11,20.75,70165
2020-11-23,21.1,21.28,20.2,20.78,56045
2020-11-24,20.77,20.8,20.2,20.49,29850
2020-11-25,20.66,20.79,19.78,20.08,29580
2020-11-26,20.4,20.44,20.36,20.38,10060
2020-11-27,20.5,20.65,19.6,20.35,15405
2020-12-01,20.6,20.62,19.5,20.1,16975
2020-12-02,20.4,20.46,19.68,19.85,16970
2020-12-03,20.2,20.24,19.1,19.5,15035
2020-12-04,19.8,19.83,19.38,19.52,30120
2020-12-07,20.0,20.33,19.4,19.6,16220
2020-12-08,20.0,20.01,18.84,19.03,41155
2020-12-09,19.3,19.48,18.6,19.08,25985
2020-12-10,19.5,19.6,18.84,19.58,11050
2020-12-11,19.58,19.58,18.61,18.92,74250
2020-12-14,19.79,19.79,18.5,18.78,70100
2020-12-15,18.85,18.87,18.54,18.78,11345
2020-12-16,18.78,18.78,18.4,18.6,36395
2020-12-17,18.61,18.83,18.32,18.49,17675
2020-12-18,18.7,19.37,18.12,18.51,42170
2020-12-21,18.55,18.59,17.0,17.99,15140
2020-12-22,18.4,18.45,17.64,18.28,23800
2020-12-23,18.4,18.41,17.4,17.88,10530
2020-12-24,18.1,18.28,17.4,17.95,14355
2020-12-28,17.95,18.0,17.4,17.84,5800
2020-12-29,17.96,18.0,17.0,17.78,21630
2020-12-30,17.78,18.2,17.13,18.2,10820
2020-12-31,18.2,18.8,17.9,18.67,17660
2021-01-01,19.0,19.0,17.6,18.27,6090
2021-01-04,19.2,19.45,18.42,18.73,6370
2021-01-05,18.73,18.73,17.43,17.82,8660
2021-01-06,18.89,18.89,17.6,17.63,6305
2021-01-07,17.63,18.0,17.63,17.94,485
2021-01-08,18.0,18.0,17.6,17.82,8880
2021-01-11,18.0,18.0,17.85,18.0,1005
2021-01-12,18.0,18.0,17.0,17.44,6440
2021-01-13,17.6,18.1,17.6,17.97,965
2021-01-14,17.97,18.0,17.51,18.0,4960
2021-01-15,18.0,18.0,17.0,17.23,7350
2021-01-18,18.09,18.1,16.9,17.79,1180
2021-01-19,18.0,18.0,16.84,17.33,7375
2021-01-20,17.99,17.99,17.01,17.61,14245
2021-01-21,17.85,17.85,16.9,17.33,25610
2021-01-22,17.33,18.2,16.8,17.42,79445
2021-01-25,17.7,17.72,16.91,17.09,10930
2021-01-27,17.4,17.47,16.76,17.02,7485
2021-01-28,17.4,17.45,16.44,16.9,13450
2021-01-29,17.3,18.18,16.78,17.07,16945
2021-02-01,17.5,17.55,16.61,17.3,8205
2021-02-02,17.6,20.0,17.59,17.64,88985
2021-02-03,19.98,19.98,18.0,18.55,78410
2021-02-04,19.6,19.6,18.8,19.58,89800
2021-02-05,20.6,20.6,18.91,19.16,73670
2021-02-08,19.2,19.98,19.16,19.87,164620
2021-02-09,20.02,20.96,20.02,20.4,110600
2021-02-10,20.8,20.88,19.94,20.49,87745
2021-02-11,20.85,20.85,19.81,20.48,97415
2021-02-12,20.88,21.4,19.81,19.89,263160
2021-02-15,20.79,20.79,18.0,19.06,46230
2021-02-16,19.06,19.58,18.52,19.18,37880
2021-02-17,19.4,19.8,19.18,19.57,21970
2021-02-18,19.87,19.87,19.11,19.35,20105
2021-02-19,19.35,19.63,18.83,19.29,34500
2021-02-22,19.4,19.42,18.6,19.14,26380
2021-02-23,19.14,19.14,18.91,18.93,11085
2021-02-24,18.95,19.6,18.41,18.51,14365
2021-02-25,18.51,19.0,18.4,19.0,9045
2021-02-26,18.88,19.16,18.22,18.67,114925
2021-03-01,19.1,19.36,18.57,19.04,10955
2021-03-02,19.4,19.43,18.4,18.66,74705
2021-03-03,18.72,18.75,18.4,18.57,22750
2021-03-04,18.65,19.09,18.45,18.69,36435
2021-03-05,19.59,19.59,18.69,19.02,22200
2021-03-08,19.02,19.16,18.6,18.62,11400
2021-03-09,18.85,18.87,18.01,18.13,37795
2021-03-10,18.34,18.79,18.32,18.51,36345
2021-03-12,18.62,18.65,18.2,18.2,19985
2021-03-15,18.2,18.57,17.51,17.88,26400
2021-03-16,18.1,18.13,17.34,17.49,22905
2021-03-17,17.7,18.4,17.42,18.38,13720
2021-03-18,18.24,18.24,17.8,18.08,9045
2021-03-19,18.3,18.58,17.62,18.24,482450
2021-03-22,18.2,18.51,17.74,18.1,17900
2021-03-23,18.0,18.36,18.0,18.28,20900
2021-03-24,18.28,18.28,17.61,17.78,26260
2021-03-25,18.39,18.39,17.22,17.84,57095
2021-03-26,18.02,18.05,17.01,17.19,17855
2021-03-30,18.79,18.79,17.07,17.42,27245
2021-03-31,17.77,18.0,17.4,17.53,46415
2021-04-01,17.99,19.93,17.44,19.62,243430
2021-04-05,20.0,21.38,20.0,20.38,390330
2021-04-06,21.15,21.15,19.0,19.23,273440
2021-04-07,19.7,19.7,18.34,18.74,165425
2021-04-08,19.12,19.6,18.63,19.18,415825
2021-04-09,19.5,19.8,18.0,18.4,123379
2021-04-12,18.4,18.4,16.2,16.75,32037
2021-04-13,17.1,17.5,16.4,16.6,25091
2021-04-15,16.0,17.1,15.8,16.75,33496
2021-04-16,16.9,16.9,16.0,16.75,34380
2021-04-19,15.5,16.0,14.1,14.65,79492
2021-04-20,15.2,15.65,14.35,14.75,38194
2021-04-22,14.2,15.75,14.2,15.1,25302
2021-04-23,15.45,15.45,14.4,14.65,27097
2021-04-26,15.35,15.35,14.5,14.9,20428
2021-04-27,14.7,15.5,14.5,14.95,11813
2021-04-28,15.0,15.4,14.65,15.05,24464
2021-04-29,15.5,15.5,12.1,14.8,20536
2021-04-30,14.85,15.0,14.0,14.7,20271
2021-05-03,14.95,14.95,14.1,14.32,13944
2021-05-04,15.39,15.39,14.15,14.48,21448
2021-05-05,14.5,15.12,14.1,14.49,20238
2021-05-06,14.59,14.59,14.22,14.36,25926
2021-05-07,14.6,14.9,14.1,14.17,24746
2021-05-10,14.99,14.99,13.9,14.2,35124
2021-05-11,14.5,14.95,14.1,14.5,27276
2021-05-12,14.8,15.67,14.5,14.98,29885
2021-05-14,15.4,15.4,14.8,15.27,12576
2021-05-17,15.98,15.98,13.01,15.24,36925
2021-05-18,15.24,15.95,14.79,14.89,13721
2021-05-19,15.6,15.6,14.5,14.72,12184
2021-05-20,15.35,15.44,14.5,15.16,44211
2021-05-21,15.83,15.84,14.8,15.59,29432
2021-05-24,15.89,15.89,15.11,15.4,91766
2021-05-25,15.89,15.89,15.0,15.63,118980
2021-05-26,15.81,15.81,15.21,15.7,133080
2021-05-27,15.4,17.99,15.13,17.54,294761
2021-05-28,18.0,18.94,17.54,17.91,211822
2021-05-31,18.0,18.49,17.1,17.49,131982
2021-06-01,17.85,17.9,16.2,16.5,129862
2021-06-02,16.85,17.2,16.2,16.65,134160
2021-06-03,17.4,17.45,16.1,17.3,139449
2021-06-04,17.95,19.95,17.9,19.15,267950
2021-06-07,19.8,21.0,16.25,20.55,495619
2021-06-08,21.35,21.5,19.15,19.9,177308
2021-06-09,20.4,20.45,18.2,18.55,204901
2021-06-10,19.45,19.6,18.2,19.2,207730
2021-06-11,20.0,20.0,18.3,18.9,121592
2021-06-14,20.0,20.0,17.75,17.85,187899
2021-06-15,18.9,18.9,17.7,17.85,218059
2021-06-16,18.05,18.2,17.45,17.75,138170
2021-06-17,20.45,21.3,19.2,20.15,1303801
2021-06-18,20.95,21.3,19.2,20.2,527764
2021-06-21,20.5,21.0,19.6,19.95,259664
2021-06-22,20.0,21.0,19.85,20.05,353615
2021-06-23,19.75,20.35,19.35,19.45,270375
2021-06-24,19.9,19.9,18.4,18.55,222689
2021-06-25,19.0,20.7,18.8,19.5,493192
2021-06-28,21.0,23.4,20.95,21.5,840078
2021-06-29,22.45,22.45,19.9,20.05,627334
2021-06-30,20.8,21.0,19.7,19.8,428927
2021-07-01,20.0,20.2,19.3,19.85,278015
2021-07-02,19.85,20.9,19.2,19.45,443510
2021-07-05,19.45,20.6,19.4,20.05,789554
2021-07-06,20.9,20.9,19.9,20.4,544731
2021-07-07,20.05,20.45,19.7,20.4,193562
2021-07-08,20.3,20.55,19.8,20.1,387758
2021-07-09,20.0,20.5,19.8,20.1,268277
2021-07-12,20.1,20.45,19.8,20.0,173915
2021-07-13,20.0,20.15,19.7,19.8,129118
2021-07-14,19.6,20.0,19.4,19.65,150239
2021-07-15,19.85,19.95,19.5,19.5,146458
2021-07-16,19.85,19.9,19.05,19.2,133322
2021-07-19,19.25,19.85,18.95,19.15,145486
2021-07-20,19.45,19.45,18.6,18.95,91578
2021-07-22,19.0,19.25,18.5,18.7,75356
2021-07-23,19.15,19.15,18.45,18.5,61536
2021-07-26,18.5,20.6,18.25,20.1,346845
2021-07-27,20.6,20.65,19.25,19.55,180406
2021-07-28,19.7,19.7,15.65,18.6,466652
2021-07-29,18.7,19.5,18.5,19.0,143094
2021-07-30,18.6,19.25,18.1,18.6,101828
2021-08-02,18.6,19.35,18.6,19.15,191040
2021-08-03,19.0,19.4,18.7,19.0,130872
2021-08-04,19.2,19.4,18.3,18.95,168552
2021-08-05,19.0,19.5,18.1,19.0,115388
2021-08-06,19.0,19.9,18.6,18.9,138249
2021-08-09,18.5,19.4,18.5,19.05,343441
2021-08-10,19.75,19.75,17.75,18.25,231048
2021-08-11,18.65,18.95,16.5,18.35,179657
2021-08-12,18.25,18.75,17.7,18.1,79104
2021-08-13,18.3,18.6,17.45,17.85,60128
2021-08-16,18.0,20.0,18.0,18.75,340506
2021-08-17,19.45,19.45,18.5,18.65,76649
2021-08-18,18.5,18.8,18.35,18.55,38340
2021-08-20,18.0,18.2,17.5,17.95,64862
2021-08-23,17.95,18.3,16.95,17.05,66854
2021-08-24,17.25,17.85,16.45,16.75,116536
2021-08-25,17.25,17.7,17.0,17.65,40068
2021-08-26,17.5,17.65,17.05,17.35,60523
2021-08-27,17.35,17.6,16.95,17.1,33211
2021-08-30,17.25,20.5,16.5,20.05,1071990
2021-08-31,20.1,21.8,18.65,19.05,500977
2021-09-01,19.2,20.3,19.15,19.35,111167
2021-09-02,20.0,20.0,18.85,19.25,88072
2021-09-03,19.3,19.65,18.4,18.8,110887
2021-09-06,18.75,19.25,18.4,18.75,156060
2021-09-07,18.75,18.9,17.6,18.4,92472
2021-09-08,18.85,18.85,18.05,18.2,121799
2021-09-09,18.5,18.5,18.0,18.25,57460
2021-09-13,18.25,18.5,18.15,18.3,42471
2021-09-14,18.9,18.9,18.05,18.15,118044
2021-09-15,18.2,18.2,16.8,17.55,319736
2021-09-16,17.5,17.8,17.15,17.35,115803
2021-09-17,17.55,17.55,16.6,17.2,149780
2021-09-20,17.3,17.45,16.95,17.0,51418
2021-09-21,17.0,17.3,16.15,17.2,148578
2021-09-22,17.85,17.9,16.85,17.7,67773
2021-09-23,17.85,18.15,17.55,17.9,78987
2021-09-24,17.95,18.05,16.8,17.2,96713
2021-09-27,17.65,18.2,17.05,17.45,46423
2021-09-28,17.65,18.05,17.3,17.5,29492
2021-09-29,17.25,17.5,17.1,17.35,20685
2021-09-30,17.5,18.3,17.3,17.65,71552
2021-10-01,17.6,17.8,17.35,17.7,12103
2021-10-04,17.5,17.75,16.65,17.45,139653
2021-10-05,17.6,17.65,17.2,17.25,29890
2021-10-06,17.5,18.25,17.25,17.55,153057
2021-10-07,17.85,18.05,17.5,17.9,50225
2021-10-08,17.6,19.95,17.6,19.2,81358
2021-10-11,19.8,19.8,18.5,18.55,67349
2021-10-12,19.4,19.4,18.15,18.3,32889
2021-10-13,19.0,19.1,18.05,18.35,55272
2021-10-14,18.7,18.95,18.1,18.5,32108
2021-10-18,18.8,18.85,18.3,18.5,32997
2021-10-19,18.65,18.85,18.1,18.35,47123
2021-10-20,18.4,18.4,17.65,17.9,41891
2021-10-21,17.9,18.45,17.5,17.8,24611
2021-10-22,18.7,18.7,17.5,17.65,27741
2021-10-25,17.65,17.9,17.1,17.65,28012
2021-10-26,17.45,17.9,17.45,17.65,14285
2021-10-27,17.3,18.1,17.3,17.85,23314
2021-10-28,18.1,18.15,17.55,17.7,19745
2021-10-29,17.75,17.75,17.3,17.5,16178
2021-11-01,18.25,18.25,17.3,17.45,16623
2021-11-02,17.5,17.85,17.2,17.55,17330
2021-11-03,17.8,18.5,17.45,18.5,15945
2021-11-04,19.0,19.0,17.9,18.55,18656
2021-11-08,18.0,19.0,18.0,18.95,56205
2021-11-09,18.35,19.2,18.35,19.05,69413
2021-11-10,19.05,19.15,18.5,19.05,21475
2021-11-11,19.35,19.35,18.75,18.8,37580
2021-11-12,18.8,19.05,18.5,18.5,33927
2021-11-15,18.2,18.75,17.85,18.0,33754
2021-11-16,18.1,18.5,17.85,18.35,17578
2021-11-17,18.05,18.45,17.55,17.7,18290
2021-11-18,17.75,18.0,17.1,17.65,40054
2021-11-22,18.95,18.95,17.0,17.2,30054
2021-11-23,17.65,17.85,17.05,17.4,29012
2021-11-24,17.35,17.8,17.1,17.25,28358
2021-11-25,17.55,17.8,17.3,17.4,8199
2021-11-26,17.2,17.5,17.2,17.25,21620
2021-11-29,17.05,17.45,16.6,16.7,36618
2021-11-30,16.35,17.55,16.35,16.8,44274
2021-12-01,17.2,17.4,16.55,17.15,7974
2021-12-02,17.15,17.5,16.8,17.15,6556
2021-12-03,17.3,17.4,17.05,17.2,10839
2021-12-06,16.4,17.3,16.4,17.0,24764
2021-12-07,17.0,18.05,16.95,17.1,30258
2021-12-08,17.3,17.55,16.55,17.1,11190
2021-12-09,17.8,17.8,16.95,17.05,9677
2021-12-10,17.35,17.95,17.1,17.7,37128
2021-12-13,19.0,20.5,17.55,19.95,317048
2021-12-14,20.2,21.05,19.7,20.35,191058
2021-12-15,20.35,20.95,19.2,19.5,138221
2021-12-16,20.8,20.8,18.1,18.65,95868
2021-12-17,18.4,19.25,18.25,18.75,24907
2021-12-20,20.0,20.0,17.4,17.9,48289
2021-12-21,18.0,18.7,17.9,18.05,41597
2021-12-22,18.5,18.7,18.0,18.1,17290
2021-12-23,18.95,18.95,18.1,18.15,9553
2021-12-24,18.3,20.1,18.2,18.85,100430
2021-12-27,19.5,19.65,18.85,19.0,46327
2021-12-28,19.0,19.4,18.6,18.8,54803
2021-12-29,19.9,19.9,18.85,19.25,39881
2021-12-30,19.65,19.95,18.7,19.4,66892
2021-12-31,20.0,22.25,19.4,19.65,576080
2022-01-03,20.95,20.95,19.4,19.6,129168
2022-01-04,20.95,20.95,18.9,19.1,73745
2022-01-05,19.1,19.6,18.8,18.9,34791
2022-01-06,18.9,19.5,18.65,18.9,90300
2022-01-07,19.85,20.3,18.95,19.05,174323
2022-01-10,19.8,19.8,18.95,19.05,210250
2022-01-11,19.7,19.7,18.95,19.1,128693
2022-01-12,19.7,19.7,18.9,19.0,175841
2022-01-13,18.95,19.25,18.85,19.0,82894
2022-01-14,19.35,19.5,18.7,19.15,142718
2022-01-17,19.7,20.25,19.0,19.7,368045
2022-01-18,20.2,21.45,19.3,19.6,540029
2022-01-19,19.75,20.3,19.3,19.7,101959
2022-01-20,19.8,20.1,19.45,19.8,81687
2022-01-21,19.5,19.85,18.65,18.85,95531
2022-01-24,18.7,18.85,17.6,17.85,143489
2022-01-25,17.8,18.65,17.05,18.45,67386
2022-01-27,18.45,18.45,17.6,18.2,100470
2022-01-28,18.9,19.0,17.8,18.4,54205
2022-01-31,18.6,18.8,17.95,18.05,48851
2022-02-01,18.25,18.45,17.85,18.05,51977
2022-02-02,18.0,18.4,18.0,18.05,26216
2022-02-03,18.1,18.4,17.95,18.1,30948
2022-02-04,18.45,18.45,17.9,18.15,29002
2022-02-07,18.75,18.75,18.0,18.25,41080
2022-02-08,18.0,18.3,17.55,18.15,54291
2022-02-09,18.25,18.35,17.9,18.0,28770
2022-02-10,18.05,18.1,17.9,17.95,34249
2022-02-11,18.0,18.05,17.75,17.85,4452
2022-02-14,17.8,17.8,16.8,17.0,71779
2022-02-15,16.25,17.3,16.25,17.15,29422
2022-02-16,17.2,17.75,17.0,17.05,29304
2022-02-17,17.5,17.5,17.0,17.05,19283
2022-02-18,17.1,17.3,16.95,17.0,50985
2022-02-21,17.05,17.9,16.2,16.45,63262
2022-02-22,16.2,16.85,14.3,15.55,90899
2022-02-23,15.3,16.8,15.3,15.9,38802
2022-02-24,14.55,15.85,14.55,14.75,79406
2022-02-25,15.05,16.2,15.05,15.95,17551
2022-02-28,16.6,16.6,15.15,15.9,15118
2022-03-02,16.2,16.95,15.5,16.8,60822
2022-03-03,16.8,17.3,16.1,16.3,22313
2022-03-04,17.45,17.5,15.25,15.4,19552
2022-03-07,15.9,15.9,15.05,15.65,25569
2022-03-08,16.0,16.05,15.25,15.8,21299
2022-03-09,17.85,17.85,15.55,16.15,32641
2022-03-10,16.2,17.5,16.2,16.85,22263
2022-03-11,17.5,17.5,16.6,16.9,24441
2022-03-14,17.5,17.5,16.45,16.75,15019
2022-03-15,16.6,17.2,16.0,16.1,47789
2022-03-16,16.55,16.7,16.1,16.2,6867
2022-03-17,16.5,16.75,16.05,16.3,8402
2022-03-21,16.75,16.8,16.2,16.4,19522
2022-03-22,16.65,16.85,16.05,16.15,24543
2022-03-23,16.25,16.45,15.7,15.8,76147
2022-03-24,15.5,16.8,15.5,15.85,28202
2022-03-25,15.75,15.9,15.2,15.5,45320
2022-03-28,15.25,15.65,14.75,15.0,60711
2022-03-29,15.0,15.25,14.25,14.4,92727
2022-03-30,14.6,15.05,14.25,14.7,89198
2022-03-31,14.4,15.6,14.4,14.95,49756
2022-04-01,14.65,15.32,14.5,15.08,56493
2022-04-04,16.35,16.42,15.3,16.19,64949
2022-04-05,17.0,17.0,16.4,16.49,44322
2022-04-06,16.95,16.97,16.25,16.76,21916
2022-04-07,17.08,17.08,16.5,16.87,53073
2022-04-08,17.4,18.5,16.55,17.71,250489
2022-04-11,17.0,18.0,16.8,16.95,83885
2022-04-12,16.95,16.98,16.48,16.8,31756
2022-04-13,17.25,17.5,16.38,17.33,78366
2022-04-18,17.9,17.9,16.8,17.08,33275
2022-04-19,17.28,17.28,16.8,16.8,22301
2022-04-20,16.8,17.17,16.45,16.76,31168
2022-04-21,17.35,17.35,16.1,16.59,57782
2022-04-22,16.55,17.0,16.31,16.45,19920
2022-04-25,16.33,16.74,16.12,16.14,10865
2022-04-26,16.72,16.84,16.2,16.4,16449
2022-04-27,16.18,16.22,16.0,16.0,11689
2022-04-28,16.8,16.95,15.85,16.39,25926
2022-04-29,16.42,17.29,16.19,16.63,52585
2022-05-02,16.5,16.75,16.0,16.25,57304
2022-05-04,16.45,16.55,15.95,16.05,28702
2022-05-05,16.3,16.5,15.8,16.0,29777
2022-05-06,15.55,15.6,15.05,15.5,33509
2022-05-09,15.5,15.9,14.55,15.35,49371
2022-05-10,15.45,15.45,14.55,14.7,28654
2022-05-11,16.2,16.2,13.8,14.55,33750
2022-05-12,14.5,14.75,14.0,14.3,18831
2022-05-13,14.85,15.15,14.15,14.8,34702
2022-05-16,15.9,15.9,14.8,14.9,19365
2022-05-17,15.0,15.25,14.9,15.15,2505
2022-05-18,16.0,16.0,14.4,14.6,39070
2022-05-19,14.4,14.85,13.9,14.35,32298
2022-05-20,15.5,15.5,14.0,14.25,18985
2022-05-23,15.5,15.5,14.1,14.45,11380
2022-05-24,15.0,15.0,13.85,13.95,25571
2022-05-25,14.5,14.5,13.45,13.6,45896
2022-05-26,14.0,14.0,13.2,13.75,22736
2022-05-27,15.0,15.0,12.95,13.8,17303
2022-05-30,14.15,14.3,13.9,14.05,14106
2022-05-31,14.15,14.15,13.95,14.1,4354
2022-06-01,15.0,15.0,14.03,14.07,25081
2022-06-02,15.0,15.0,14.25,14.26,20938
2022-06-03,13.9,14.45,13.9,14.01,9697
2022-06-06,14.98,14.98,14.0,14.15,30825
2022-06-07,14.5,14.5,13.85,14.19,18678
2022-06-08,14.27,15.15,13.98,14.81,24648
2022-06-09,14.98,15.17,14.58,14.69,91095
2022-06-10,14.5,15.15,14.11,14.76,21847
2022-06-13,14.7,16.0,14.4,15.65,120506
2022-06-14,15.0,16.37,15.0,15.56,58569
2022-06-15,16.0,16.0,14.22,14.53,38463
2022-06-16,14.5,14.98,14.2,14.37,34853
2022-06-17,14.95,14.95,14.01,14.2,28319
2022-06-20,15.0,15.0,14.05,14.23,22711
2022-06-21,15.0,15.0,13.51,13.96,19343
2022-06-22,14.4,14.4,14.0,14.14,3322
2022-06-23,13.5,14.1,13.5,13.83,94717
2022-06-24,14.0,14.3,13.85,13.99,5232
2022-06-27,15.0,15.0,14.0,14.08,8789
2022-06-28,15.0,15.0,14.0,14.2,13663
2022-06-29,15.0,15.0,14.0,14.35,1713
2022-06-30,14.72,14.72,14.03,14.08,8237
2022-07-01,15.0,15.0,13.9,14.02,7647
2022-07-04,14.02,14.22,13.7,13.9,8452
2022-07-05,13.9,14.27,13.9,13.97,3814
2022-07-06,14.99,14.99,13.6,13.96,8882
2022-07-07,14.92,14.92,13.59,14.0,13831
2022-07-08,14.17,14.21,13.8,13.95,15350
2022-07-11,14.95,14.95,13.48,14.11,14893
2022-07-12,14.22,14.22,13.65,13.94,7563
2022-07-13,14.89,14.89,13.73,13.97,28916
2022-07-14,14.25,14.25,13.78,13.92,9653
2022-07-15,14.99,14.99,13.75,13.8,2633
2022-07-18,14.5,14.5,13.9,13.93,12955
2022-07-19,14.39,15.75,13.81,15.53,50991
2022-07-20,16.25,17.3,15.53,15.86,122016
2022-07-21,16.6,16.6,15.0,15.37,85517
2022-07-22,15.79,16.1,15.6,15.91,18461
2022-07-25,16.4,16.4,15.4,15.5,56296
2022-07-26,16.0,16.0,12.4,12.63,1975802
2022-07-27,12.9,13.86,10.51,13.34,1599084
2022-07-28,13.9,15.3,12.68,14.74,578038
2022-07-29,15.0,15.09,14.1,14.29,108878
2022-08-01,14.74,14.75,13.81,14.25,229511
2022-08-02,14.34,14.34,13.68,13.83,68201
2022-08-03,14.0,14.0,13.31,13.44,185083
2022-08-04,13.9,13.9,13.35,13.48,24390
2022-08-05,14.0,14.0,13.25,13.37,37006
2022-08-08,14.35,14.35,13.31,13.39,21838
2022-08-10,13.64,13.89,13.03,13.07,60050
2022-08-11,13.39,13.39,12.99,13.33,39119
2022-08-12,13.25,13.4,12.9,13.04,50927
2022-08-16,12.76,14.44,12.7,13.84,161676
2022-08-17,14.21,15.1,14.11,14.9,103157
2022-08-18,15.1,15.74,14.9,15.02,82522
2022-08-19,15.44,15.5,14.35,14.59,37589
2022-08-22,14.89,14.89,13.5,14.22,105429
2022-08-23,13.71,15.2,13.71,14.85,59899
2022-08-24,14.95,15.1,14.61,14.96,66611
2022-08-25,15.0,15.5,15.0,15.11,83580
2022-08-26,15.08,15.9,15.08,15.56,166260
2022-08-29,15.2,17.0,14.99,16.18,139341
2022-08-30,16.31,16.85,16.26,16.55,144293
2022-09-01,16.51,19.43,16.51,19.2,295484
2022-09-02,19.7,20.8,18.6,19.75,652709
2022-09-05,18.6,20.75,17.85,18.7,168738
2022-09-06,19.05,19.55,18.0,18.2,127274
2022-09-07,18.45,19.1,17.55,18.45,177555
2022-09-08,19.4,19.9,18.8,19.7,323539
2022-09-09,20.0,20.15,19.1,19.35,189441
2022-09-12,19.15,20.05,18.7,18.85,150827
2022-09-13,19.35,19.35,18.45,18.8,154215
2022-09-14,18.95,18.95,17.4,18.0,132410
2022-09-15,18.0,18.7,18.0,18.2,47726
2022-09-16,18.25,18.45,16.8,17.25,162201
2022-09-19,17.85,17.9,16.9,17.15,27291
2022-09-20,17.0,18.25,17.0,17.8,85395
2022-09-21,17.75,18.2,17.2,17.3,41282
2022-09-22,17.4,17.8,16.9,17.3,43781
2022-09-23,17.3,17.4,16.55,16.9,89183
2022-09-26,16.55,16.8,15.6,16.0,147349
2022-09-27,16.5,16.75,15.65,16.0,72575
2022-09-28,15.95,16.75,15.75,16.0,118884
2022-09-29,16.35,16.75,15.15,15.65,95978
2022-09-30,15.9,16.2,15.7,16.0,30232
2022-10-03,15.6,16.75,15.4,16.0,48881
2022-10-04,16.5,16.5,16.0,16.3,26809
2022-10-06,16.4,17.5,16.0,17.1,112590
2022-10-07,17.4,17.95,16.75,17.75,163757
2022-10-10,17.65,18.15,17.15,17.55,85853
2022-10-11,17.65,17.8,16.3,16.7,48563
2022-10-12,17.05,17.5,16.8,17.2,29970
2022-10-13,17.0,17.3,16.0,16.3,37104
2022-10-14,16.6,16.8,16.05,16.2,29429
2022-10-17,16.2,16.5,15.65,16.0,44060
2022-10-18,16.25,16.5,15.5,15.95,56662
2022-10-19,15.95,16.45,15.95,16.1,30756
2022-10-20,15.95,16.3,15.7,15.85,110273
2022-10-21,16.0,16.2,15.65,15.8,36359
2022-10-24,15.85,16.2,15.85,16.0,34672
2022-10-25,15.95,16.4,15.8,15.85,41353
2022-10-27,15.95,17.25,15.95,16.95,72108
2022-10-28,17.05,17.1,16.25,16.5,69161
2022-10-31,16.25,17.45,16.25,17.35,54987
2022-11-01,17.4,17.95,16.75,17.1,67392
2022-11-02,17.2,17.75,17.1,17.2,36051
2022-11-03,17.15,17.6,16.9,16.95,40651
2022-11-04,16.8,17.45,16.2,16.65,98151
2022-11-07,16.6,17.9,16.55,17.6,88501
2022-11-09,18.4,18.4,17.5,17.7,75139
2022-11-10,17.85,17.9,17.1,17.3,15859
2022-11-11,17.7,17.75,17.25,17.4,31297
2022-11-14,17.95,18.1,16.95,17.05,27975
2022-11-15,17.05,17.15,16.5,16.6,50404
2022-11-16,16.65,16.9,16.45,16.7,60633
2022-11-17,17.2,17.2,16.3,16.6,17946
2022-11-18,16.55,17.2,16.25,16.4,46625
2022-11-21,17.05,17.05,16.0,16.1,43296
2022-11-22,16.7,16.7,15.9,15.95,58354
2022-11-23,16.35,17.45,16.05,17.15,67113
2022-11-24,17.75,17.75,16.5,16.75,48889
2022-11-25,17.6,17.6,16.55,16.85,27881
2022-11-28,16.4,17.25,16.4,17.0,41326
2022-11-29,16.75,17.25,16.7,16.75,37032
2022-11-30,16.5,17.2,16.5,17.05,20168
2022-12-01,17.4,17.9,17.05,17.35,93796
2022-12-02,17.3,17.45,16.95,17.05,49047
2022-12-05,17.5,17.55,16.75,16.85,44334
2022-12-06,16.8,16.9,16.6,16.7,26389
2022-12-07,16.8,17.1,16.7,16.8,32870
2022-12-08,16.3,17.0,16.3,16.7,46631
2022-12-09,16.75,16.8,16.2,16.35,41363
2022-12-12,16.35,16.7,16.0,16.4,34367
2022-12-13,16.4,16.9,16.35,16.85,19617
2022-12-14,17.0,17.1,16.1,16.45,72309
2022-12-15,16.15,16.75,16.15,16.45,32980
2022-12-16,16.55,16.55,16.1,16.35,39822
2022-12-19,16.7,16.7,16.0,16.3,33817
2022-12-20,16.1,17.2,16.1,17.15,111183
2022-12-21,17.45,17.95,16.25,16.3,177375
2022-12-22,16.3,16.5,15.0,15.3,141023
2022-12-23,14.8,15.35,14.25,14.3,44807
2022-12-26,15.6,15.75,14.0,15.4,56917
2022-12-27,15.5,16.0,15.1,15.6,30960
2022-12-28,15.95,15.95,15.2,15.7,21386
2022-12-29,16.2,16.2,15.1,15.7,26280
2022-12-30,15.75,16.45,15.75,15.85,19960
2023-01-02,16.35,16.45,15.75,15.85,44468
2023-01-03,16.1,16.35,15.95,16.1,52407
2023-01-04,16.45,16.45,15.6,16.15,49413
2023-01-05,16.35,17.35,15.95,17.1,248901
2023-01-06,17.5,17.75,16.55,16.7,177928
2023-01-09,17.45,17.5,16.7,16.75,32238
2023-01-10,16.9,16.9,16.3,16.45,91544
2023-01-11,16.6,16.9,16.35,16.8,35266
2023-01-12,17.0,17.0,16.5,16.7,7512
2023-01-13,16.85,17.35,16.5,16.55,22863
2023-01-16,17.3,18.25,16.9,17.6,181864
2023-01-17,17.9,17.95,16.7,16.95,99510
2023-01-18,17.45,17.95,16.6,17.45,82472
2023-01-19,17.75,17.85,17.1,17.5,94632
2023-01-20,17.85,17.85,17.0,17.05,76543
2023-01-23,17.2,17.4,17.0,17.1,37848
2023-01-24,17.1,17.55,16.4,16.6,66022
2023-01-25,16.75,17.35,16.6,16.95,88087
2023-01-27,20.3,20.3,19.25,19.8,1133104
2023-01-30,19.8,19.8,18.6,19.05,256652
2023-01-31,18.2,18.65,17.3,17.65,204643
2023-02-01,17.9,19.4,17.35,18.1,305674
2023-02-02,18.4,19.1,17.65,18.4,106171
2023-02-03,18.6,19.0,17.7,17.85,108661
2023-02-06,17.55,18.65,17.5,18.25,92971
2023-02-07,18.5,18.5,17.4,17.5,72645
2023-02-08,17.1,17.85,17.1,17.5,72847
2023-02-09,17.55,17.7,17.0,17.5,40882
2023-02-10,17.45,17.65,16.8,17.05,36252
2023-02-13,17.5,17.5,16.5,16.6,41198
2023-02-14,16.95,16.95,16.3,16.55,53166
2023-02-15,16.55,16.7,16.5,16.55,11824
2023-02-16,16.4,17.0,16.1,16.75,22233
2023-02-17,16.45,16.95,16.45,16.85,26564
2023-02-20,16.9,16.9,16.3,16.4,30210
2023-02-21,16.4,16.5,15.85,16.1,34088
2023-02-22,16.0,16.1,15.55,15.7,62334
2023-02-23,15.75,16.4,15.15,16.1,30651
2023-02-24,16.25,16.3,15.6,16.05,12961
2023-02-27,16.05,16.15,15.35,15.7,29418
2023-02-28,15.55,15.95,15.3,15.7,8402
2023-03-01,16.6,16.6,15.4,15.94,34265
2023-03-02,16.15,16.15,15.7,16.1,13105
2023-03-03,15.9,16.25,15.88,16.13,17546
2023-03-06,16.5,16.5,15.77,15.78,22255
2023-03-08,15.66,16.8,15.66,16.5,21461
2023-03-09,16.56,16.92,16.5,16.52,20103
2023-03-10,16.5,16.5,15.85,16.0,42058
2023-03-13,16.2,16.2,15.0,15.07,30359
2023-03-14,14.96,15.79,14.82,15.32,43745
2023-03-15,15.55,15.73,15.2,15.23,9226
2023-03-16,15.17,15.51,14.56,15.2,68143
2023-03-17,15.45,15.45,14.76,14.9,32202
2023-03-20,14.9,15.1,14.3,14.47,71403
2023-03-21,15.05,15.05,14.52,14.97,26086
2023-03-22,14.97,15.0,14.3,14.44,35642
2023-03-23,14.63,15.0,14.1,14.53,168074
2023-03-24,14.65,14.65,14.01,14.21,35407
2023-03-27,14.01,14.28,13.7,13.75,70079
2023-03-28,13.82,13.94,13.1,13.6,111306
2023-03-29,14.15,14.45,13.65,14.1,47660
2023-03-31,14.89,14.89,13.65,13.96,44573
2023-04-03,14.19,15.1,14.15,14.86,37278
2023-04-05,15.01,15.55,15.01,15.32,24832
2023-04-06,15.15,15.69,15.15,15.53,14103
2023-04-10,15.91,16.04,15.71,15.89,14092
2023-04-11,15.31,16.2,15.31,15.91,34738
2023-04-12,15.8,16.0,15.53,15.65,17624
2023-04-13,16.0,16.0,15.36,15.52,16241
2023-04-17,15.27,15.73,15.27,15.73,11969
2023-04-18,15.88,16.25,15.16,15.79,24537
2023-04-19,15.4,16.4,15.35,15.98,68232
2023-04-20,15.99,16.05,15.35,15.82,37470
2023-04-21,15.88,15.95,15.57,15.66,8251
2023-04-24,15.5,15.94,15.36,15.54,13530
2023-04-25,15.46,15.88,15.4,15.61,5811
2023-04-26,15.98,17.22,15.57,16.16,56774
2023-04-27,15.94,16.29,15.94,16.16,21758
2023-04-28,16.01,16.5,16.01,16.36,21120
2023-05-02,16.45,16.8,16.25,16.49,33315
2023-05-03,17.0,17.0,16.0,16.16,37776
2023-05-04,16.98,16.98,16.21,16.22,9989
2023-05-05,16.45,16.5,15.9,16.29,14072
2023-05-08,16.5,16.5,16.0,16.01,11550
2023-05-09,16.1,16.17,15.7,15.9,30295
2023-05-10,15.97,16.03,15.51,15.85,13196
2023-05-11,15.93,15.93,15.62,15.7,7490
2023-05-12,15.7,15.8,15.36,15.71,27851
2023-05-15,16.5,16.5,15.6,15.64,34713
2023-05-16,15.7,15.9,15.42,15.65,5551
2023-05-17,15.65,16.75,15.65,16.65,115316
2023-05-18,16.98,18.0,16.92,17.27,48128
2023-05-19,17.65,17.65,16.85,17.07,59609
2023-05-22,17.0,17.0,16.21,16.25,46159
2023-05-23,16.95,16.98,16.27,16.5,27450
2023-05-24,16.11,16.77,16.11,16.61,13072
2023-05-25,16.88,16.89,16.47,16.59,25486
2023-05-26,16.48,16.7,16.35,16.5,28551
2023-05-29,16.15,16.74,16.15,16.6,8188
2023-05-30,16.27,17.3,16.27,16.61,65587
2023-05-31,16.74,17.04,16.63,16.91,45701
2023-06-01,17.0,17.23,16.85,16.94,31542
2023-06-02,17.12,17.18,16.91,17.02,18450
2023-06-05,17.25,17.4,17.2,17.25,63920
2023-06-06,17.44,17.99,17.3,17.42,108635
2023-06-07,17.67,17.69,17.1,17.33,67146
2023-06-08,17.4,17.68,17.1,17.16,38466
2023-06-09,17.06,17.45,17.06,17.36,54077
2023-06-12,17.55,17.75,17.29,17.45,90711
2023-06-13,17.5,17.82,17.5,17.62,72008
2023-06-14,17.75,17.79,17.4,17.48,18606
2023-06-15,17.6,18.55,17.55,18.35,89354
2023-06-16,18.35,18.88,17.4,17.68,50682
2023-06-19,17.41,18.34,17.41,17.74,79523
2023-06-20,17.47,17.88,17.24,17.34,11752
2023-06-21,17.8,17.9,16.2,16.5,52781
2023-06-22,16.5,16.77,16.21,16.56,21894
2023-06-23,16.41,16.79,16.16,16.49,56917
2023-06-26,16.17,17.13,16.17,16.54,49711
2023-06-27,16.62,16.85,16.3,16.51,36023
2023-06-28,16.58,16.99,16.3,16.46,28079
2023-06-30,16.79,18.13,16.56,17.53,74965
2023-07-03,17.69,18.2,17.21,17.51,129511
2023-07-04,17.9,17.9,17.13,17.37,31284
2023-07-05,17.01,17.8,17.01,17.53,69438
2023-07-06,17.25,18.03,17.25,17.79,48539
2023-07-07,17.85,18.0,17.21,17.65,52639
2023-07-10,17.9,17.9,17.16,17.22,67687
2023-07-11,17.06,17.32,16.8,16.95,94369
2023-07-12,17.1,17.34,17.0,17.11,14734
2023-07-13,17.03,17.24,16.8,16.85,62232
2023-07-14,16.7,16.99,16.66,16.81,20954
2023-07-17,17.0,17.04,16.72,16.83,34550
2023-07-18,16.6,16.98,16.5,16.69,43023
2023-07-19,16.69,16.91,16.69,16.89,8808
2023-07-20,17.15,17.15,16.8,16.82,22164
2023-07-21,16.8,16.89,16.65,16.71,8475
2023-07-24,17.3,17.3,16.51,16.56,11851
2023-07-25,16.8,16.99,16.6,16.66,31055
2023-07-26,16.55,16.84,16.3,16.59,26521
2023-07-27,16.59,16.74,16.42,16.5,35456
2023-07-28,16.75,16.75,16.2,16.31,34440
2023-07-31,16.74,16.74,16.36,16.55,42479
2023-08-01,16.56,17.69,16.56,17.58,177039
2023-08-02,17.7,19.02,17.58,18.29,229161
2023-08-03,18.45,18.55,17.75,17.98,106431
2023-08-04,18.37,18.8,18.1,18.25,162408
2023-08-07,18.51,19.27,18.51,18.91,127401
2023-08-08,19.16,22.69,19.16,22.47,962279
2023-08-09,21.8,23.65,20.61,22.68,674100
2023-08-10,23.12,26.19,22.78,24.17,999762
2023-08-11,24.31,25.67,23.56,23.8,457890
2023-08-14,24.69,24.69,21.65,23.1,530575
2023-08-16,23.05,23.05,21.95,21.95,76568
2023-08-17,22.95,22.95,20.86,21.51,188132
2023-08-18,20.44,22.0,20.44,21.54,394833
2023-08-21,21.4,22.1,21.05,21.54,74477
2023-08-22,22.0,22.61,21.55,22.61,88164
2023-08-23,23.6,23.6,22.6,23.08,63929
2023-08-24,23.08,23.65,21.93,21.99,67606
2023-08-25,22.74,22.74,21.5,22.02,26734
2023-08-28,22.02,22.95,21.0,21.67,91967
2023-08-29,22.0,22.0,20.95,21.24,78604
2023-08-30,21.45,21.84,20.95,21.13,40621
2023-08-31,21.2,22.14,21.2,21.57,57819
2023-09-01,21.9,21.9,21.1,21.18,63239
2023-09-04,21.4,21.55,21.05,21.24,38796
2023-09-05,21.25,22.3,21.15,22.18,55824
2023-09-06,22.45,23.28,22.3,22.97,100833
2023-09-07,23.0,24.11,23.0,24.11,389442
2023-09-08,24.85,24.85,24.0,24.6,176165
2023-09-11,24.6,25.0,24.0,24.27,66872
2023-09-12,23.79,23.79,23.79,23.79,11789
2023-09-13,23.32,23.32,23.32,23.32,6086
2023-09-14,22.86,22.86,22.86,22.86,14091
2023-09-15,22.41,22.41,22.41,22.41,11887
2023-09-18,21.97,21.97,21.97,21.97,11123
2023-09-20,21.54,21.54,21.54,21.54,5666
2023-09-21,21.11,21.11,21.11,21.11,5765
2023-09-22,20.69,20.69,20.69,20.69,5909
2023-09-25,20.28,20.28,20.28,20.28,7338
2023-09-26,19.88,19.88,19.88,19.88,31363
2023-09-27,19.49,19.6,19.49,19.5,165574
2023-09-28,19.2,19.2,19.11,19.11,34742
2023-09-29,18.73,18.73,18.73,18.73,22815
2023-10-03,18.36,18.36,18.36,18.36,43338
2023-10-04,18.0,18.13,18.0,18.13,55134
2023-10-05,18.22,18.49,18.22,18.49,36153
2023-10-06,18.85,18.85,18.85,18.85,13890
2023-10-09,18.48,18.65,18.48,18.65,50908
2023-10-10,19.02,19.02,19.0,19.02,57055
2023-10-11,19.4,19.4,19.4,19.4,14944
2023-10-12,19.78,19.78,19.78,19.78,47615
2023-10-13,20.0,20.17,20.0,20.17,90369
2023-10-16,21.17,21.17,21.17,21.17,44936
2023-10-17,22.22,22.22,22.22,22.22,47751
2023-10-18,23.33,23.33,21.2,22.84,300055
2023-10-19,21.7,22.85,21.7,21.9,85622
2023-10-20,21.7,22.3,21.11,22.0,71080
2023-10-23,22.0,22.5,20.9,20.9,31837
2023-10-25,19.95,20.9,19.86,19.86,27148
2023-10-26,19.02,19.9,18.87,19.42,74562
2023-10-27,19.16,20.39,19.16,20.3,14383
2023-10-30,21.1,21.31,19.35,21.18,77449
2023-10-31,22.2,22.23,22.2,22.23,124041
2023-11-01,23.14,23.24,21.7,21.84,85587
2023-11-02,22.5,22.5,21.35,21.54,29201
2023-11-03,22.2,22.25,21.3,21.39,20569
2023-11-06,22.19,22.19,21.76,21.99,46031
2023-11-07,21.65,22.2,21.65,21.96,42819
2023-11-08,22.2,22.6,20.87,21.03,56502
2023-11-09,20.95,20.99,19.98,20.72,79501
2023-11-10,20.98,21.7,20.1,21.7,28151
2023-11-12,22.14,22.5,21.05,22.01,60086
2023-11-13,23.05,23.11,21.6,21.94,32375
2023-11-15,21.7,22.57,21.7,22.0,47353
2023-11-16,22.2,22.2,21.01,22.0,331032
2023-11-17,21.98,23.1,21.7,23.1,176481
2023-11-20,24.27,27.72,24.27,27.64,1998356
2023-11-21,28.42,31.7,27.91,29.73,1827604
2023-11-22,30.52,31.6,28.66,30.06,516503
2023-11-23,30.43,30.88,28.2,29.12,467510
2023-11-24,29.06,30.0,28.13,28.39,282516
2023-11-28,28.96,29.02,28.18,28.53,274777
2023-11-29,27.96,29.19,27.96,28.2,126452
2023-11-30,28.87,28.87,26.99,27.55,183463
2023-12-01,27.16,28.24,27.0,27.27,175235
2023-12-04,28.44,29.85,27.05,29.58,445540
2023-12-05,29.68,32.8,29.68,30.77,472935
2023-12-06,31.45,32.5,31.07,32.14,474894
2023-12-07,32.78,34.62,32.58,33.79,424925
2023-12-08,34.47,36.02,33.87,34.78,306991
2023-12-11,36.01,38.75,36.01,38.27,397825
2023-12-12,39.04,39.64,35.6,36.29,345246
2023-12-13,36.69,37.58,34.62,34.89,302822
2023-12-14,35.49,35.5,32.86,33.81,269227
2023-12-15,34.48,35.05,32.65,33.25,78597
2023-12-18,33.06,34.78,33.0,33.82,60923
2023-12-19,34.19,34.65,32.9,33.17,66745
2023-12-20,33.77,34.55,31.0,31.35,106153
2023-12-21,30.04,33.49,29.6,33.18,301546
2023-12-22,33.88,33.97,32.25,33.13,64553
2023-12-26,33.79,33.79,32.15,32.53,171207
2023-12-27,32.86,33.4,32.36,32.59,109042
2023-12-28,32.99,33.35,32.28,32.86,54540
2023-12-29,33.99,33.99,32.36,32.41,46232
2024-01-01,32.55,34.14,32.15,33.6,147120
2024-01-02,33.82,34.42,32.6,33.03,157570
2024-01-03,33.25,33.43,32.6,32.87,141123
2024-01-04,33.94,33.94,32.63,32.85,91176
2024-01-05,32.86,34.75,32.75,34.28,212765
2024-01-08,34.89,37.0,34.66,35.41,143598
2024-01-09,36.12,36.21,34.11,34.66,109014
2024-01-10,35.35,35.35,33.4,33.57,145342
2024-01-11,33.31,34.61,33.31,33.87,106665
2024-01-12,34.49,34.49,33.51,33.8,93671
2024-01-15,34.49,34.49,32.8,33.06,133735
2024-01-16,33.2,33.42,32.46,32.95,36856
2024-01-17,32.39,32.8,31.61,32.13,108682
2024-01-18,32.69,34.5,30.4,34.36,331286
2024-01-19,37.01,37.79,36.3,37.79,497504
2024-01-20,41.56,41.56,41.55,41.56,339259
2024-01-23,43.63,43.63,42.36,43.63,1683897
2024-01-24,44.87,44.94,41.45,41.52,968451
2024-01-25,41.0,42.0,39.5,41.26,242515
2024-01-29,42.35,43.32,41.26,43.32,109697
2024-01-30,45.4,45.48,43.9,44.45,170819
2024-01-31,45.0,46.0,44.0,44.37,121197
2024-02-01,44.35,44.8,42.5,42.81,114262
2024-02-02,43.01,44.49,42.5,43.11,93424
2024-02-05,45.0,45.26,44.1,45.26,129650
2024-02-06,46.7,47.52,45.25,47.52,264308
2024-02-07,49.85,49.89,49.85,49.89,240482
2024-02-08,52.38,52.38,47.4,51.75,523805
2024-02-09,54.33,54.33,49.17,51.11,189599
2024-02-12,50.09,50.09,50.09,50.09,29882
2024-02-13,49.09,49.09,49.09,49.09,11099
2024-02-14,48.11,48.11,48.11,48.11,25068
2024-02-15,47.15,47.15,47.15,47.15,32640
2024-02-16,46.21,46.21,46.21,46.21,19778
2024-02-19,45.29,45.29,45.29,45.29,17693
2024-02-20,44.39,44.39,44.39,44.39,17409
2024-02-21,43.51,43.51,43.51,43.51,21287
2024-02-22,42.64,42.64,42.64,42.64,13327
2024-02-23,41.79,41.79,41.79,41.79,46154
2024-02-26,40.96,40.96,40.96,40.96,31177
2024-02-27,40.15,40.15,40.15,40.15,22016
2024-02-28,39.35,39.35,39.35,39.35,17820
2024-02-29,38.57,38.57,38.57,38.57,13682
2024-03-01,38.05,38.05,37.8,37.8,151966
2024-03-02,37.05,37.05,37.05,37.05,2924
2024-03-04,36.31,36.31,36.31,36.31,43844
2024-03-05,35.59,35.59,35.59,35.59,16523
2024-03-06,34.88,34.88,34.88,34.88,19192
2024-03-07,34.19,34.19,34.19,34.19,30114
2024-03-11,33.51,33.51,33.51,33.51,11174
2024-03-12,32.84,32.84,32.84,32.84,15617
2024-03-13,32.19,32.19,32.19,32.19,26666
2024-03-14,31.55,31.55,31.55,31.55,22573
2024-03-15,30.92,30.92,30.92,30.92,11030
2024-03-18,30.2,30.5,29.38,29.38,78064
2024-03-19,27.92,28.2,27.92,27.92,127928
2024-03-20,27.92,29.31,26.7,29.31,153728
2024-03-21,30.77,30.77,30.5,30.77,40696
2024-03-22,32.3,32.3,32.3,32.3,34923
2024-03-26,33.8,33.91,30.69,33.79,112627
2024-03-27,33.95,35.0,32.11,32.11,46039
2024-03-28,31.47,31.47,31.47,31.47,18927
2024-04-01,30.85,30.85,30.85,30.85,24341
2024-04-02,30.24,30.24,30.24,30.24,33984
2024-04-03,30.24,30.24,29.7,29.7,35181
2024-04-04,29.11,29.7,29.11,29.7,43766
2024-04-05,29.6,29.6,29.11,29.11,56925
2024-04-08,29.11,29.11,28.57,28.57,51813
2024-04-09,28.0,28.0,28.0,28.0,75353
2024-04-10,28.0,28.2,28.0,28.15,16092
2024-04-12,28.15,28.71,28.15,28.71,62844
2024-04-15,28.4,28.4,28.14,28.14,46119
2024-04-16,28.0,28.0,27.58,27.6,66426
2024-04-18,28.15,28.15,27.97,27.97,35645
2024-04-19,27.42,27.42,27.42,27.42,29190
2024-04-22,27.42,27.96,27.42,27.96,66982
2024-04-23,28.49,28.51,28.49,28.51,62081
2024-04-24,29.08,29.08,29.08,29.08,39327
2024-04-25,29.66,29.66,29.66,29.66,45638
2024-04-26,29.95,30.25,29.95,30.25,99744
2024-04-29,29.65,29.65,29.65,29.65,68072
2024-04-30,29.55,29.55,29.31,29.31,53952
2024-05-02,29.6,29.6,28.95,28.95,19694
2024-05-03,28.6,28.61,28.38,28.38,73843
2024-05-06,29.2,29.79,28.95,29.79,14090
2024-05-07,31.2,31.27,30.24,31.27,51450
2024-05-08,31.9,32.0,29.71,30.11,128158
2024-05-09,29.71,29.9,28.61,28.75,86329
2024-05-10,28.3,29.44,28.0,28.58,14057
2024-05-13,28.5,29.75,27.16,28.05,59981
2024-05-14,28.05,29.45,27.65,29.45,55764
2024-05-15,30.4,30.8,28.26,30.2,63957
2024-05-16,29.64,30.85,29.07,30.02,44114
2024-05-17,30.0,30.6,29.06,29.67,34076
2024-05-18,29.3,30.0,29.08,29.23,29292
2024-05-21,29.0,30.41,28.4,28.93,24676
2024-05-22,28.06,28.99,28.06,28.85,53010
2024-05-23,28.98,29.56,27.9,28.05,67417
2024-05-24,28.05,28.05,27.25,27.63,43003
2024-05-27,27.4,28.2,26.7,26.96,94026
2024-05-28,27.8,27.8,26.9,27.24,66991
2024-05-29,27.0,28.0,26.5,27.31,55502
2024-05-30,27.6,27.8,26.1,26.36,106640
2024-05-31,26.19,27.48,25.45,25.75,53362
2024-06-03,26.9,26.9,24.55,25.25,190948
2024-06-04,25.3,25.46,23.99,24.23,63484
2024-06-05,24.15,25.25,23.25,24.85,30805
2024-06-06,24.95,26.09,24.95,26.09,50702
2024-06-07,27.25,27.25,25.65,26.3,65523
2024-06-10,26.3,27.35,26.1,26.65,87893
2024-06-11,26.12,27.98,26.12,27.98,41688
2024-06-12,29.0,29.0,27.87,28.51,46333
2024-06-13,28.98,28.98,28.25,28.72,60896
2024-06-14,29.15,29.15,28.02,28.22,47412
2024-06-18,28.25,28.38,27.05,27.55,88679
2024-06-19,27.5,28.77,27.0,28.46,125018
2024-06-20,29.59,29.6,28.56,29.25,103726
2024-06-21,29.25,29.85,28.57,28.78,83248
2024-06-24,29.25,29.77,28.66,28.72,36011
2024-06-25,28.15,29.0,27.8,28.01,75340
2024-06-26,28.38,28.38,27.74,27.82,51302
2024-06-27,28.21,28.21,26.5,27.55,53568
2024-06-28,28.0,28.9,27.55,27.96,86211
2024-07-01,28.38,28.79,27.3,27.44,31132
2024-07-02,26.74,28.24,26.74,27.72,78406
2024-07-03,28.2,28.4,27.37,27.62,96143
2024-07-04,28.09,28.3,27.5,27.99,14975
2024-07-05,28.0,28.33,27.6,27.86,70326
2024-07-08,28.42,28.57,27.0,27.6,45368
2024-07-09,27.6,28.28,26.85,27.61,36120
2024-07-10,27.01,27.96,26.62,26.94,64384
2024-07-11,27.41,27.9,27.39,27.51,34460
2024-07-12,27.55,27.8,26.85,27.06,31689
2024-07-15,26.99,27.12,26.17,26.25,43426
2024-07-16,26.0,26.73,25.85,26.07,27768
2024-07-18,26.01,26.5,25.8,25.91,29824
2024-07-19,25.8,26.13,25.21,25.55,26200
2024-07-22,26.06,26.47,25.25,25.59,64261
2024-07-23,25.66,26.2,24.65,25.44,74657
2024-07-24,25.07,26.31,25.07,25.39,95749
2024-07-25,25.0,26.65,25.0,26.65,103685
2024-07-26,27.62,27.62,25.85,26.28,115722
2024-07-29,27.0,27.06,26.39,26.63,39562
2024-07-30,27.0,27.24,26.7,26.84,42187
2024-07-31,27.47,27.5,26.63,27.02,25379
2024-08-01,26.66,28.37,26.66,28.37,103063
2024-08-02,28.9,29.78,28.37,29.78,171244
2024-08-05,29.9,31.2,28.55,29.53,200063
2024-08-06,31.0,31.0,28.35,28.53,99213
2024-08-07,28.56,29.54,28.25,29.19,93997
2024-08-08,29.85,29.85,28.7,28.87,39921
2024-08-09,29.45,29.45,28.05,28.26,74630
2024-08-12,28.0,28.49,27.05,27.49,44269
2024-08-13,28.8,29.01,26.5,26.63,65835
2024-08-14,27.25,27.49,24.5,24.94,84786
2024-08-16,24.89,26.67,24.34,26.3,143168
2024-08-19,27.69,28.93,26.69,28.93,344702
2024-08-20,30.5,31.82,28.57,29.16,548925
2024-08-21,29.8,31.15,29.13,29.42,229165
2024-08-22,29.01,32.36,29.01,32.36,704371
2024-08-23,33.35,33.97,33.05,33.97,225082
2024-08-26,35.66,35.66,35.66,35.66,668949
2024-08-27,36.68,36.68,33.88,33.88,782118
2024-08-28,32.19,32.25,32.19,32.19,385716
2024-08-29,30.59,30.59,30.59,30.59,43949
2024-08-30,29.07,30.59,29.07,29.07,525337
2024-09-02,28.55,30.52,28.55,30.52,634075
2024-09-03,30.66,32.04,29.62,31.14,447752
2024-09-04,31.15,31.15,30.0,30.08,167939
2024-09-05,30.1,31.58,30.1,31.55,183475
2024-09-06,31.55,31.8,29.98,30.05,113102
2024-09-09,29.98,31.55,29.06,31.0,356200
2024-09-10,31.8,32.45,31.01,31.26,196789
2024-09-11,31.7,32.82,29.85,30.02,510190
2024-09-12,30.74,30.74,29.63,29.8,158380
2024-09-13,29.55,31.16,29.55,30.96,203628
2024-09-16,31.47,31.76,29.5,29.71,199572
2024-09-17,30.2,30.5,29.5,29.63,116349
2024-09-18,30.1,30.3,28.46,28.6,180338
2024-09-19,28.6,30.03,27.81,28.11,87121
2024-09-20,28.3,29.51,28.0,28.43,243566
2024-09-23,28.5,28.87,28.11,28.35,92497
2024-09-24,28.2,28.78,28.1,28.13,74607
2024-09-25,28.4,28.75,27.37,27.88,140573
2024-09-26,28.4,28.7,27.85,28.05,29411
2024-09-27,28.5,28.5,27.8,28.02,37974
2024-09-30,28.0,28.17,26.62,26.68,136975
2024-10-01,26.69,28.01,26.69,27.33,277616
2024-10-03,26.5,27.85,26.26,26.34,128882
2024-10-04,26.68,27.17,25.68,25.89,186801
2024-10-07,26.9,27.15,26.0,26.63,241544
2024-10-08,26.63,26.95,25.6,26.59,179419
2024-10-09,26.65,27.2,26.25,26.31,240387
2024-10-10,26.33,26.87,26.21,26.32,86884
2024-10-11,26.5,26.5,25.8,26.0,289796
2024-10-14,26.0,26.4,25.93,26.2,168730
2024-10-15,26.6,26.6,25.96,26.04,59087
2024-10-16,26.01,26.29,25.8,26.02,51582
2024-10-17,26.1,26.24,25.56,25.72,22817
2024-10-18,25.33,26.22,25.05,25.76,86518
2024-10-21,25.35,25.88,25.02,25.12,69053
2024-10-22,25.44,25.44,23.8,24.08,30103
2024-10-23,24.07,24.81,23.75,24.11,80509
2024-10-24,24.12,25.05,24.0,24.12,15358
2024-10-25,24.7,24.7,23.05,23.47,77333
2024-10-28,23.47,24.24,23.36,23.68,37350
2024-10-29,24.47,24.47,23.26,23.76,58188
2024-10-30,23.0,25.58,23.0,23.96,100037
2024-10-31,24.41,24.52,23.25,23.38,73444
2024-11-01,23.35,25.7,23.35,25.38,137602
2024-11-04,25.69,25.69,24.27,24.45,126449
2024-11-05,24.75,24.95,24.21,24.55,107715
2024-11-06,24.26,25.36,24.26,25.15,87618
2024-11-07,25.3,25.8,24.83,24.95,74680
2024-11-08,25.38,25.77,24.71,24.8,28299
2024-11-11,25.72,25.72,24.6,24.88,83452
2024-11-12,24.99,24.99,24.45,24.57,48806
2024-11-13,25.69,25.69,23.8,23.9,59029
2024-11-14,24.2,25.0,24.05,24.8,95356
2024-11-18,25.0,25.35,24.23,24.69,44500
2024-11-19,25.18,25.18,24.06,24.25,50126
2024-11-21,24.34,24.34,23.17,23.5,139084
2024-11-22,23.5,23.68,22.89,23.2,57118
2024-11-25,23.92,25.51,23.5,24.87,177947
2024-11-26,25.05,27.3,24.74,26.9,231060
2024-11-27,27.2,27.94,26.14,26.65,221897
2024-11-28,27.3,27.64,26.2,26.36,104079
2024-11-29,26.6,26.91,26.09,26.6,88765
2024-12-02,26.93,26.95,26.15,26.41,119373
2024-12-03,26.89,26.89,26.3,26.46,126208
2024-12-04,26.87,28.95,26.5,27.95,769541
2024-12-05,28.43,29.11,27.4,28.83,146927
2024-12-06,29.45,29.52,28.11,28.46,167351
2024-12-09,28.74,28.98,28.31,28.65,69244
2024-12-10,28.4,29.4,28.13,28.39,143853
2024-12-11,28.69,28.85,27.25,27.37,111221
2024-12-12,27.26,27.51,26.45,26.87,109842
2024-12-13,27.0,27.0,25.92,26.13,141392
2024-12-16,26.01,26.68,25.55,25.67,159328
2024-12-17,25.67,26.0,24.99,25.27,89493
2024-12-18,25.59,25.59,24.92,25.09,30505
2024-12-19,24.34,25.3,24.29,24.89,111021
2024-12-20,25.44,25.45,24.5,24.67,37199
2024-12-23,24.05,24.93,24.05,24.78,20403
2024-12-24,24.31,25.11,24.31,24.55,53145
2024-12-26,24.79,25.17,24.66,25.11,27783
2024-12-27,25.4,26.08,25.06,25.3,89868
2024-12-30,25.81,25.81,24.79,24.92,28978
2024-12-31,24.51,24.96,24.4,24.89,30059
2025-01-01,24.8,25.39,24.39,25.24,53941
2025-01-02,25.72,25.72,25.09,25.15,24645
2025-01-03,25.39,25.48,24.96,25.06,57357
2025-01-06,25.48,26.22,23.81,24.16,127131
2025-01-07,24.59,24.66,24.21,24.35,55707
2025-01-08,24.51,24.74,24.0,24.52,35049
2025-01-09,24.6,24.73,24.0,24.07,43779
2025-01-10,24.4,24.4,23.28,23.45,52415
2025-01-13,23.43,23.81,22.01,22.3,69688
2025-01-14,22.02,23.5,22.02,23.15,54270
2025-01-15,23.88,24.0,23.13,23.3,33354
2025-01-16,23.76,24.2,23.5,23.72,29773
2025-01-17,24.39,24.39,23.58,23.79,34895
2025-01-20,24.49,24.49,23.79,23.91,35080
2025-01-21,24.5,25.14,23.64,23.86,111114
2025-01-22,24.23,24.32,23.06,23.33,17200
2025-01-23,23.21,23.85,23.13,23.43,22697
2025-01-24,23.0,23.78,22.55,22.89,39276
2025-01-27,22.78,22.78,21.42,21.56,105633
2025-01-28,21.0,21.97,21.0,21.69,61146
2025-01-29,22.04,22.99,21.85,22.56,36979
2025-01-30,23.4,23.4,21.85,22.06,19521
2025-01-31,21.06,22.59,21.06,21.9,36990
2025-02-01,22.47,22.97,21.86,22.53,11836
2025-02-03,23.16,23.16,21.6,21.75,11093
2025-02-04,22.49,22.49,21.65,21.99,18724
2025-02-05,22.54,22.54,22.0,22.1,15396
2025-02-06,22.39,22.39,22.01,22.17,16934
2025-02-07,22.8,22.8,21.7,21.91,41012
2025-02-10,22.3,22.3,21.17,21.32,19303
2025-02-11,21.75,21.75,20.0,20.46,77819
2025-02-12,20.41,21.0,19.05,20.09,70469
2025-02-13,19.61,20.3,19.61,20.0,38624
2025-02-14,20.1,21.15,18.2,18.8,74493
2025-02-17,18.5,19.0,18.0,18.36,47163
2025-02-18,17.55,18.53,17.5,17.83,40012
2025-02-19,18.2,19.12,18.03,18.92,14766
2025-02-20,18.98,19.86,18.91,19.68,31373
2025-02-21,20.0,22.67,19.79,21.3,118785
2025-02-24,21.64,21.65,20.9,21.1,13753
2025-02-25,21.53,21.53,20.0,20.06,12059
2025-02-27,21.5,21.5,18.7,18.98,54636
2025-02-28,18.6,19.13,18.28,18.96,17493
2025-03-03,18.8,18.85,17.58,18.08,94206
2025-03-04,17.95,18.7,17.22,17.99,37629
2025-03-05,18.35,18.99,18.1,18.87,58236
2025-03-06,19.68,19.68,18.84,18.92,27485
2025-03-07,19.88,19.88,19.21,19.64,46169
2025-03-10,19.8,19.8,18.63,18.86,26511
2025-03-11,18.53,18.54,18.05,18.26,14543
2025-03-12,18.7,18.7,17.75,17.84,17078
2025-03-13,17.2,18.02,16.8,16.98,84041
2025-03-17,16.9,17.11,16.6,16.74,84628
2025-03-18,16.9,17.23,16.6,16.98,73341
2025-03-19,17.3,17.94,17.01,17.71,41034
2025-03-20,17.95,18.25,17.18,17.31,83881
2025-03-21,17.5,18.24,17.49,17.63,57107
2025-03-24,17.11,18.25,17.11,17.87,51871
2025-03-25,18.09,18.09,17.28,17.38,61191
2025-03-26,17.49,17.5,16.3,16.47,149172
2025-03-27,16.25,16.59,15.39,15.53,112982
2025-03-28,15.61,16.66,15.54,15.64,59436
2025-04-01,15.65,16.69,15.65,16.4,54939
2025-04-02,16.25,16.93,15.78,16.73,34429
2025-04-03,16.95,17.07,16.75,16.92,19200
2025-04-04,16.94,16.94,16.1,16.37,11639
2025-04-07,13.36,15.9,13.36,15.42,61364
2025-04-08,16.0,16.18,14.51,15.64,41540
2025-04-09,15.81,15.81,15.13,15.67,8748
2025-04-11,16.5,16.5,15.53,15.77,4676
2025-04-15,15.7,16.51,15.7,16.28,6231
2025-04-16,16.3,16.87,16.3,16.79,8107
2025-04-17,18.0,18.0,16.54,16.96,49400
2025-04-21,16.9,17.42,16.5,16.79,69824
2025-04-22,16.7,17.23,16.63,16.96,62071
2025-04-23,17.3,17.3,16.65,17.0,23343
2025-04-24,17.3,17.52,16.97,17.1,21912
2025-04-25,17.6,17.6,16.11,16.44,28313
2025-04-28,16.51,16.53,16.03,16.07,36701
2025-04-29,16.5,16.51,15.9,16.0,7068
2025-04-30,16.1,16.1,15.5,15.98,8731
2025-05-02,16.1,16.19,15.61,15.73,26647
2025-05-05,16.2,16.2,15.51,15.91,36957
2025-05-06,15.9,16.2,15.36,15.46,29551
2025-05-07,15.4,15.5,15.07,15.45,14211
2025-05-08,15.2,15.8,15.05,15.19,27295
2025-05-09,15.01,15.3,14.4,15.06,37526
2025-05-12,15.3,16.16,15.3,16.03,48078
2025-05-13,15.5,16.8,15.5,16.62,33458
2025-05-14,16.78,17.14,16.65,16.99,47732
2025-05-15,16.2,17.19,16.2,17.04,28228
2025-05-16,17.99,17.99,17.0,17.7,18014
2025-05-19,17.7,18.95,17.41,17.83,148880
2025-05-20,17.97,18.75,17.78,17.91,53323
2025-05-21,18.0,18.0,17.61,17.72,33263
2025-05-22,17.72,18.04,17.6,17.85,19719
2025-05-23,17.8,18.41,17.79,18.08,42941
2025-05-26,18.15,18.51,18.0,18.25,23329
2025-05-27,19.25,19.25,18.07,18.22,18421
2025-05-28,18.2,18.94,17.97,18.5,47498
2025-05-29,18.87,18.87,18.3,18.56,12228
2025-05-30,17.76,19.23,17.76,18.21,26708
2025-06-02,18.57,18.9,18.15,18.3,9330
2025-06-03,18.0,18.57,18.0,18.14,14358
2025-06-04,18.01,18.35,17.93,18.15,19249
2025-06-05,18.18,18.7,18.08,18.14,14191
2025-06-06,17.5,18.4,17.5,18.12,20376
2025-06-09,18.7,18.78,18.3,18.6,18175
2025-06-10,18.94,18.94,18.51,18.56,39409
2025-06-11,18.6,19.51,18.4,19.44,69306
2025-06-12,19.9,19.9,18.8,18.85,66539
2025-06-13,18.01,18.65,17.97,18.25,72465
2025-06-16,18.0,18.12,17.58,17.95,39567
2025-06-17,17.85,18.15,17.69,17.69,8959
2025-06-18,17.85,17.93,17.61,17.73,14373
2025-06-19,17.5,17.93,17.17,17.25,11349
2025-06-20,17.37,17.78,17.14,17.59,23223
2025-06-23,16.68,17.54,16.68,17.22,26586
2025-06-24,16.8,18.11,16.8,17.76,4824
2025-06-25,17.51,18.39,17.51,18.24,34069
2025-06-26,18.84,18.84,17.96,18.13,27501
2025-06-27,19.0,19.0,17.93,18.22,5170
2025-06-30,18.0,19.21,17.78,18.69,41198
2025-07-01,18.77,19.98,18.77,19.83,139450
2025-07-02,20.3,20.4,19.51,20.05,112478
2025-07-03,18.62,20.02,18.62,19.81,6346
2025-07-04,19.11,19.75,19.11,19.39,21634
2025-07-07,19.2,19.45,18.83,18.9,10458
2025-07-08,18.77,19.0,18.39,18.75,22818
2025-07-09,20.38,20.38,18.65,18.82,14336
2025-07-10,18.95,19.2,18.7,19.17,23684
2025-07-11,18.3,19.79,18.3,18.94,28466
2025-07-14,18.8,21.0,18.66,19.97,106107
2025-07-15,20.37,20.46,19.26,19.44,63016
2025-07-16,18.71,19.89,18.71,19.3,51100
2025-07-17,19.0,19.76,18.75,18.91,36329
2025-07-18,18.2,19.18,18.2,18.98,26547
2025-07-21,19.35,19.35,18.61,18.75,29993
2025-07-22,18.33,19.23,18.33,18.65,46671
2025-07-23,19.0,19.0,17.83,18.34,16273
2025-07-24,18.37,18.65,18.16,18.16,10484
2025-07-25,19.75,19.75,17.78,18.0,3875
2025-07-28,17.81,18.12,17.53,17.64,20857
2025-07-29,17.1,18.3,17.1,18.2,29218
2025-07-30,18.2,18.49,17.8,17.88,11947
2025-07-31,17.8,19.32,17.07,18.37,25890
2025-08-01,18.9,18.9,17.45,17.83,4010
2025-08-04,17.54,18.1,17.54,17.89,15685
2025-08-05,20.29,20.29,17.79,18.05,4467
2025-08-06,18.2,18.21,17.51,17.75,7983
2025-08-07,17.08,17.99,17.08,17.65,32041
2025-08-08,18.5,18.5,17.22,17.33,11889
2025-08-11,17.34,18.5,17.1,17.58,109344
2025-08-12,17.5,18.09,17.5,17.91,28181
2025-08-13,17.85,19.45,17.85,18.34,107279
2025-08-14,18.71,19.18,17.5,18.2,55069
2025-08-18,19.8,19.8,18.41,18.64,39743
2025-08-19,18.84,18.85,18.0,18.36,17044
2025-08-20,17.52,20.0,17.52,18.8,437892
2025-08-21,18.83,19.15,18.55,18.92,16908
2025-08-22,19.7,19.75,18.68,18.81,47779
2025-08-25,19.2,19.2,18.47,18.57,31445
2025-08-26,18.57,18.77,18.02,18.04,55399
2025-08-28,18.98,18.98,17.4,17.76,25228
2025-08-29,17.89,17.89,17.22,17.34,40535
2025-09-01,17.07,17.7,17.07,17.32,29237
2025-09-02,17.26,17.97,17.26,17.52,9640
2025-09-03,17.7,17.8,17.4,17.55,25426
2025-09-04,17.95,18.42,17.5,17.69,39413
2025-09-05,18.4,18.4,17.54,17.77,45308
2025-09-08,17.31,18.01,17.31,17.75,20046
2025-09-09,18.05,18.05,17.6,17.7,37445
2025-09-10,17.5,18.28,17.5,17.89,29813
2025-09-11,17.89,18.41,17.86,17.92,60575
2025-09-12,18.26,18.26,17.81,17.94,24026
2025-09-15,18.19,18.28,17.82,17.96,70528
2025-09-16,17.99,18.06,17.62,17.7,73979
2025-09-17,18.15,18.15,17.68,17.7,59716
2025-09-18,17.51,17.98,17.51,17.72,57352
2025-09-19,17.5,17.9,17.43,17.48,92526
2025-09-22,17.31,17.62,17.31,17.45,48183
2025-09-23,17.9,17.9,17.2,17.24,42492
2025-09-24,17.33,17.65,17.2,17.23,11066
2025-09-25,17.37,17.39,16.91,17.22,18262
2025-09-26,17.08,17.39,16.82,16.92,39119
2025-09-29,17.1,17.1,16.92,16.96,7355
2025-09-30,17.04,17.04,16.73,16.76,5752
2025-10-01,16.76,17.24,16.61,17.22,10392
2025-10-03,17.49,17.6,16.96,17.14,10225
2025-10-06,17.7,17.7,16.72,16.99,4190
2025-10-07,17.02,17.1,16.59,16.67,15302
2025-10-08,16.61,16.75,16.5,16.64,5070
2025-10-09,16.4,16.85,16.37,16.54,18266
2025-10-10,17.18,17.52,16.56,17.01,8733
2025-10-13,16.72,16.75,16.3,16.32,12623
2025-10-14,15.99,16.31,15.87,15.99,12291
2025-10-15,15.98,16.2,15.9,15.94,14508
2025-10-16,16.26,16.26,15.89,15.94,4427
2025-10-17,15.82,16.16,15.65,16.0,15891
2025-10-20,18.54,18.54,15.92,15.96,19326
2025-10-21,16.0,16.21,16.0,16.16,6461
2025-10-23,15.5,16.7,15.5,16.03,19315
2025-10-24,15.65,16.14,15.65,15.91,8993
2025-10-27,16.08,16.09,15.65,15.95,11669
2025-10-28,16.4,16.4,15.82,16.16,15554
2025-10-29,15.98,16.2,15.69,15.92,19079
2025-10-30,16.0,16.21,15.75,15.84,5450
2025-10-31,18.45,18.45,15.7,15.82,34265
2025-11-03,15.76,16.05,15.7,15.72,9189
2025-11-04,15.72,15.77,15.4,15.57,7582
2025-11-06,18.0,18.0,15.08,15.3,20010
2025-11-07,15.01,16.09,15.01,15.5,17360
2025-11-10,14.7,15.8,14.7,15.31,4953
2025-11-11,15.3,15.72,15.06,15.41,14177
2025-11-12,15.41,15.5,15.05,15.22,21893
2025-11-13,15.98,15.98,15.03,15.13,6859
2025-11-14,15.03,15.12,14.86,15.01,7369
2025-11-17,15.2,15.2,14.46,15.03,13799
2025-11-18,15.17,15.34,14.92,14.94,12542
2025-11-19,14.98,15.07,14.86,14.86,11557
2025-11-20,15.0,15.6,14.92,15.02,12867
2025-11-21,14.5,15.12,14.5,14.94,9189
2025-11-24,15.05,15.13,14.53,14.8,17674
2025-11-25,14.89,14.9,14.7,14.86,4595
2025-11-26,14.83,15.03,14.83,14.89,4764
2025-11-27,17.73,17.73,14.87,14.92,10492
2025-11-28,16.0,16.0,14.5,14.53,20200
2025-12-01,14.02,15.02,14.02,14.44,8675
2025-12-02,17.21,17.21,14.26,14.29,9995
2025-12-03,14.38,14.53,14.0,14.13,12823
2025-12-04,14.0,14.41,13.89,13.95,14805
2025-12-05,14.15,14.15,13.67,13.81,8075
2025-12-08,15.5,15.5,13.7,13.8,19578
2025-12-09,14.75,14.75,13.61,13.68,17355
2025-12-10,13.45,14.01,13.45,13.63,12562
2025-12-11,13.02,14.05,13.02,13.5,16294
2025-12-12,13.36,13.79,13.35,13.4,21616
2025-12-15,13.4,13.69,13.16,13.22,22360
2025-12-16,13.01,13.48,13.01,13.28,9419
2025-12-17,14.2,14.2,13.08,13.17,14544
2025-12-18,13.99,13.99,13.01,13.04,35456
2025-12-19,14.0,14.0,12.95,13.14,24639
2025-12-22,13.05,13.37,13.03,13.21,15980
2025-12-23,13.22,13.47,13.1,13.21,16344
2025-12-24,12.91,13.42,12.91,13.13,25496
2025-12-26,13.16,14.65,13.16,13.67,60862
2025-12-29,14.2,14.29,13.0,13.1,61362
2025-12-30,12.9,13.67,12.9,13.11,42405
2025-12-31,13.11,13.91,13.11,13.66,38912
2026-01-01,13.65,13.93,13.33,13.77,23187
2026-01-02,13.77,14.51,13.65,14.15,96221
2026-01-05,14.47,14.94,14.4,14.52,58548
2026-01-06,14.53,14.89,14.31,14.51,23426
2026-01-07,14.72,14.96,14.33,14.61,34876
2026-01-08,13.12,14.91,13.12,14.34,22996
2026-01-09,14.45,14.5,13.67,13.85,17379
2026-01-12,14.4,14.89,13.24,14.39,45934
2026-01-13,14.15,14.62,13.31,13.48,19058
2026-01-14,13.5,13.73,13.21,13.29,14527
2026-01-16,13.35,13.53,13.16,13.26,31511
2026-01-19,14.0,14.0,13.09,13.18,7578
2026-01-20,13.26,13.27,12.9,13.0,53165
2026-01-21,13.0,13.21,12.5,12.95,12431
2026-01-22,13.35,13.47,12.9,13.17,12851
2026-01-23,13.02,13.32,12.89,13.13,10052
2026-01-27,13.25,13.6,12.9,13.04,20218
2026-01-28,13.5,13.5,13.1,13.24,9488
2026-01-29,14.25,14.25,12.88,12.99,16000
2026-01-30,15.0,15.0,12.75,13.03,10775
2026-02-01,14.0,14.0,12.99,13.0,8119
2026-02-02,13.15,13.15,12.99,13.05,10407
2026-02-03,14.0,14.4,13.11,13.7,18735
2026-02-04,13.88,14.14,13.82,14.0,10434
2026-02-05,14.0,14.48,13.8,14.11,12836
2026-02-06,13.96,14.19,13.87,13.9,4706
2026-02-09,13.9,14.86,13.87,14.68,41599
2026-02-10,14.6,14.65,14.25,14.41,24465
2026-02-11,14.48,14.76,14.09,14.25,6556
2026-02-12,14.21,14.3,13.92,14.11,15405
2026-02-13,14.29,14.29,13.45,13.63,15623
2026-02-16,13.41,14.54,13.41,14.06,15722
2026-02-17,14.06,14.25,13.66,14.1,16553
2026-02-18,14.0,14.27,13.95,14.27,6990
2026-02-19,14.15,14.15,13.75,13.91,6634
2026-02-20,13.91,13.91,13.5,13.62,19352
2026-02-23,13.67,13.83,13.46,13.83,7050
2026-02-24,13.55,13.71,13.22,13.22,19919
2026-02-25,13.62,13.8,13.3,13.55,18977
2026-02-26,13.62,13.87,13.34,13.48,6132
2026-02-27,13.21,13.6,13.12,13.21,5995
2026-03-02,12.89,12.89,12.32,12.73,17802
2026-03-04,11.31,12.7,11.31,12.24,67011
2026-03-05,12.99,12.99,12.03,12.13,18123
2026-03-06,12.01,12.49,12.01,12.03,8713
2026-03-09,12.0,12.5,11.37,12.2,17947
2026-03-10,13.9,13.9,12.27,12.8,5153
2026-03-11,13.0,13.0,12.31,12.53,21323
2026-03-12,12.53,12.8,11.98,12.36,10585
2026-03-13,12.3,12.35,11.66,11.96,23214
2026-03-16,12.09,12.17,11.45,11.76,18667
2026-03-17,12.9,12.9,11.41,11.75,32617
2026-03-18,11.65,12.35,11.6,11.8,37502
2026-03-19,11.8,12.16,11.75,11.82,8456
2026-03-20,11.95,12.5,11.7,12.26,25088
2026-03-23,11.51,12.45,11.07,11.24,33764
2026-03-24,12.4,12.4,11.03,11.3,20577
2026-03-25,11.11,11.79,11.11,11.62,44070
2026-03-27,11.52,11.52,11.07,11.29,45313
2026-03-30,11.02,11.21,10.32,10.53,43983
2026-04-01,10.7,11.6,10.7,11.5,28235
2026-04-02,11.9,12.0,11.25,11.92,4321
2026-04-06,12.0,12.25,11.82,12.21,11703
2026-04-07,12.47,12.61,12.2,12.27,7660
2026-04-08,12.61,13.24,12.61,12.95,16665
2026-04-09,13.4,13.4,12.83,12.87,7518
2026-04-10,12.87,13.79,12.87,13.71,25304
2026-04-13,14.28,14.28,12.67,13.12,61251
2026-04-15,14.25,14.25,13.27,13.61,19029
2026-04-16,14.0,14.0,13.43,13.61,16306
2026-04-17,13.98,14.0,13.63,13.93,18298
2026-04-20,13.49,13.93,13.4,13.51,27444
2026-04-21,13.05,13.77,13.05,13.59,10881
2026-04-22,13.7,13.98,13.37,13.88,9307
2026-04-23,13.8,13.9,13.57,13.6,8091
2026-04-24,13.95,13.95,12.96,13.01,22165
2026-04-27,13.0,13.59,13.0,13.31,6211
2026-04-28,13.4,13.9,13.26,13.63,28700
2026-04-29,13.46,14.28,13.46,13.74,31129
2026-04-30,14.03,14.03,13.28,13.37,6823
2026-05-04,13.0,13.77,13.0,13.68,5455
2026-05-05,13.05,14.0,13.05,13.67,13621
2026-05-06,14.35,14.35,13.56,13.9,20731
2026-05-07,14.49,14.49,13.77,14.05,74063
2026-05-08,13.66,14.94,13.5,14.72,53063
