Datetime,Open,High,Low,Close,Volume
2011-06-01,40.9,40.9,39.1,40.55,5534
2011-06-02,40.85,40.85,38.3,39.9,2371
2011-06-03,40.9,40.9,39.45,39.65,913
2011-06-06,40.85,40.85,38.1,38.9,2705
2011-06-07,39.9,42.4,38.9,40.55,24280
2011-06-08,41.8,41.8,39.0,40.3,4535
2011-06-09,41.8,41.8,39.2,39.6,1589
2011-06-10,39.1,42.75,38.15,40.6,21931
2011-06-13,41.0,41.0,39.7,39.9,7524
2011-06-14,41.8,41.8,39.25,39.8,3625
2011-06-15,40.9,40.9,39.1,39.35,2656
2011-06-16,40.4,40.4,38.4,39.25,3338
2011-06-17,40.65,40.65,38.5,38.8,3651
2011-06-20,38.1,39.9,37.4,37.45,12807
2011-06-21,39.75,39.75,37.65,38.0,2951
2011-06-22,39.75,39.75,37.45,37.85,6284
2011-06-23,37.1,38.4,37.0,37.0,6817
2011-06-24,37.9,37.9,37.05,37.35,6570
2011-06-27,38.5,38.5,37.1,37.8,7016
2011-06-28,38.5,38.5,37.2,37.45,8935
2011-06-29,37.1,38.3,37.1,38.25,2524
2011-06-30,37.55,39.0,37.55,38.05,2101
2011-07-01,38.5,38.5,37.4,37.85,3798
2011-07-04,38.0,39.8,38.0,39.55,10393
2011-07-05,39.8,40.3,39.05,40.05,5002
2011-07-06,39.4,45.0,39.4,43.25,85439
2011-07-07,43.5,43.6,41.5,41.85,17579
2011-07-08,41.5,42.3,41.0,41.2,6860
2011-07-11,41.25,42.45,41.0,41.35,8104
2011-07-12,41.05,41.25,40.35,40.45,8958
2011-07-13,41.8,41.8,40.65,41.4,8640
2011-07-14,41.9,41.9,40.85,41.4,4565
2011-07-15,42.0,42.0,40.65,41.0,4539
2011-07-18,41.6,42.3,40.9,42.05,14393
2011-07-19,41.6,43.8,41.6,42.55,20854
2011-07-20,43.55,43.55,42.35,42.55,5132
2011-07-21,43.7,43.7,42.1,42.55,7294
2011-07-22,43.0,43.0,41.45,41.7,7077
2011-07-25,42.9,42.9,41.6,41.9,18678
2011-07-26,42.8,43.95,39.5,41.1,52250
2011-07-27,41.5,42.2,40.65,41.4,7866
2011-07-28,41.5,41.7,40.5,41.45,17776
2011-07-29,41.75,41.75,40.25,40.35,2726
2011-08-01,40.1,40.5,39.4,39.9,6309
2011-08-02,40.0,40.0,38.8,38.85,7445
2011-08-03,38.25,39.65,37.7,38.9,5514
2011-08-04,39.95,39.95,38.75,38.9,1364
2011-08-05,38.3,38.9,36.0,37.85,15251
2011-08-08,37.05,37.05,36.0,36.5,16575
2011-08-09,36.2,36.9,35.5,36.3,18419
2011-08-10,37.8,37.8,36.05,36.85,23181
2011-08-11,36.9,36.9,36.0,36.05,5993
2011-08-12,36.95,36.95,36.1,36.15,3812
2011-08-16,36.15,36.35,35.1,35.6,7107
2011-08-17,36.0,37.9,35.5,35.5,1975
2011-08-18,36.5,36.5,33.1,33.35,12225
2011-08-19,32.2,34.95,32.2,33.55,5248
2011-08-22,34.95,35.4,33.25,35.1,13757
2011-08-23,36.0,36.0,34.75,35.25,628
2011-08-24,36.0,36.0,34.4,34.45,3018
2011-08-25,35.9,35.9,33.0,34.0,779
2011-08-26,35.55,35.55,33.0,33.0,5596
2011-08-29,33.1,35.0,32.6,34.2,6657
2011-08-30,35.95,35.95,33.85,34.3,4266
2011-09-02,35.65,35.65,33.6,35.0,7334
2011-09-05,36.9,36.9,34.0,34.6,11243
2011-09-06,35.55,35.55,33.9,34.3,4065
2011-09-07,36.35,36.35,34.6,34.95,2321
2011-09-08,36.45,36.45,35.25,35.45,3482
2011-09-09,36.4,36.4,35.0,35.05,4415
2011-09-12,36.0,36.0,34.1,35.2,2989
2011-09-13,36.9,37.5,35.25,35.4,7128
2011-09-14,36.0,36.0,35.05,35.65,2436
2011-09-15,36.9,36.9,35.0,35.3,2988
2011-09-16,36.5,36.7,34.6,35.75,3280
2011-09-19,36.9,36.9,35.05,35.15,952
2011-09-20,36.85,36.85,35.3,35.8,2580
2011-09-21,36.7,36.7,35.45,35.75,7762
2011-09-22,36.8,36.8,34.1,34.7,7388
2011-09-23,35.0,35.0,34.0,34.6,12268
2011-09-26,35.0,35.25,33.5,34.1,3903
2011-09-27,34.9,34.9,33.1,33.85,8701
2011-09-28,34.1,34.55,33.4,33.7,6169
2011-09-29,34.25,34.7,33.8,34.6,14917
2011-09-30,34.6,34.6,33.65,33.8,5271
2011-10-03,34.45,34.45,33.3,33.35,3002
2011-10-04,36.75,36.75,33.6,33.85,2427
2011-10-05,33.85,34.9,33.35,33.35,3967
2011-10-07,34.0,35.5,33.0,33.35,5462
2011-10-10,34.0,35.35,33.5,34.7,7278
2011-10-11,34.0,36.75,33.75,35.85,3525
2011-10-12,36.8,36.8,34.85,35.0,3368
2011-10-13,36.0,36.0,34.5,34.6,1798
2011-10-14,36.45,36.5,34.05,34.1,1310
2011-10-17,34.05,35.8,34.05,34.45,449
2011-10-18,34.05,35.5,33.1,33.6,3543
2011-10-19,33.6,34.8,33.6,34.4,7925
2011-10-20,33.55,34.35,33.5,34.05,4034
2011-10-21,35.75,35.8,33.3,34.0,2731
2011-10-24,33.65,35.25,33.65,35.0,5829
2011-10-25,34.2,35.05,33.65,34.5,9707
2011-10-26,33.65,35.9,33.05,35.3,1190
2011-10-28,35.2,35.5,35.2,35.4,930
2011-10-31,34.55,36.45,34.55,35.3,15207
2011-11-01,36.0,37.65,36.0,36.95,5718
2011-11-02,36.0,37.25,36.0,36.8,8066
2011-11-03,37.8,37.8,36.15,36.55,2517
2011-11-04,37.8,37.8,36.1,36.85,4605
2011-11-08,36.1,38.4,36.1,37.85,6297
2011-11-09,37.0,38.85,36.25,37.2,3103
2011-11-11,36.15,36.8,35.5,36.05,3441
2011-11-14,37.95,38.0,36.5,36.85,5692
2011-11-15,38.9,38.9,34.6,35.25,7418
2011-11-16,37.4,37.4,34.05,35.1,3448
2011-11-17,36.75,36.75,34.15,34.95,451
2011-11-18,34.9,34.9,33.35,33.55,5227
2011-11-21,36.7,36.7,33.3,33.5,7816
2011-11-22,35.85,35.85,33.2,33.5,2175
2011-11-23,33.0,36.7,32.5,35.0,15289
2011-11-24,36.9,36.9,33.25,35.75,10428
2011-11-25,38.15,41.7,37.9,39.25,203511
2011-11-28,39.5,39.75,38.0,39.35,26244
2011-11-29,39.5,39.9,37.0,37.25,7661
2011-11-30,37.0,38.25,35.45,36.8,11000
2011-12-01,39.85,39.85,36.7,37.55,1163
2011-12-02,37.0,38.5,36.45,38.0,2905
2011-12-05,38.85,38.85,36.55,37.3,1162
2011-12-07,38.8,38.8,36.3,37.85,1084
2011-12-08,38.8,38.8,36.65,36.9,4470
2011-12-09,36.1,38.0,36.1,37.7,7999
2011-12-12,38.4,38.4,36.75,36.75,3198
2011-12-13,38.2,38.2,36.2,36.95,1926
2011-12-14,39.0,39.0,36.65,37.15,1882
2011-12-15,36.8,36.8,36.0,36.45,2912
2011-12-16,38.8,38.8,35.25,35.7,2031
2011-12-19,35.7,35.7,28.6,31.95,30854
2011-12-20,34.85,34.85,32.1,32.55,407
2011-12-21,34.95,34.95,32.0,32.75,1672
2011-12-22,34.25,34.25,31.15,31.8,1560
2011-12-23,34.0,35.95,33.4,34.35,22382
2011-12-26,36.85,36.85,34.6,34.6,11
2011-12-27,35.6,35.6,34.5,34.95,1502
2011-12-28,35.0,35.0,34.1,35.0,728
2011-12-29,35.45,35.45,32.7,33.35,5922
2011-12-30,33.1,35.0,32.2,32.5,6569
2012-01-02,34.95,34.95,32.0,32.05,8004
2012-01-03,31.8,35.75,31.8,34.95,12208
2012-01-04,35.2,35.2,33.5,33.8,144
2012-01-05,34.9,34.9,33.7,34.0,2023
2012-01-06,35.5,35.5,33.5,33.7,1264
2012-01-07,33.55,33.55,33.55,33.55,50
2012-01-09,35.8,35.8,33.1,34.0,1416
2012-01-10,35.8,36.0,34.25,35.55,5782
2012-01-11,36.85,36.85,34.3,35.65,815
2012-01-12,36.8,36.8,35.5,35.5,1225
2012-01-13,36.0,37.4,35.9,36.25,2341
2012-01-16,38.5,38.5,36.2,37.65,3654
2012-01-17,38.75,38.75,36.65,37.1,4367
2012-01-18,38.0,38.0,34.0,35.05,3746
2012-01-19,34.5,36.8,34.05,35.0,2278
2012-01-20,36.9,36.9,33.95,34.05,8845
2012-01-23,35.25,35.25,34.2,35.0,2261
2012-01-24,36.0,36.8,35.45,36.25,3047
2012-01-25,35.2,36.4,34.75,35.95,1141
2012-01-27,36.7,36.7,35.5,35.8,6590
2012-01-30,36.45,39.0,35.7,36.45,10217
2012-01-31,37.0,38.5,36.5,38.35,10420
2012-02-01,39.8,40.85,39.5,40.45,27704
2012-02-02,41.0,41.9,39.15,39.4,8515
2012-02-03,39.0,40.05,38.55,39.5,6999
2012-02-06,41.0,42.5,39.7,40.55,14377
2012-02-07,39.1,41.75,39.1,39.5,11270
2012-02-08,39.5,40.75,39.5,39.95,2937
2012-02-09,41.5,41.5,39.4,39.95,8208
2012-02-10,41.65,41.65,39.2,39.55,4718
2012-02-13,40.9,40.9,37.55,39.0,4952
2012-02-14,39.9,39.9,38.2,39.0,9774
2012-02-15,39.15,39.9,39.0,39.4,11603
2012-02-16,40.5,40.5,38.5,39.1,7023
2012-02-17,41.5,41.5,39.15,39.65,9198
2012-02-21,41.0,41.0,38.6,40.5,29381
2012-02-22,41.45,41.5,38.8,38.8,8155
2012-02-23,39.9,39.9,38.55,38.75,11833
2012-02-24,40.8,40.8,38.75,39.0,6898
2012-02-27,40.25,40.25,37.2,37.85,4210
2012-02-28,39.75,39.75,37.25,38.45,2655
2012-02-29,39.7,39.7,38.15,38.15,2395
2012-03-01,39.15,39.6,37.65,38.85,4100
2012-03-02,39.15,39.7,38.5,39.25,19742
2012-03-03,40.05,40.1,39.1,39.6,8005
2012-03-05,40.5,40.5,38.6,39.5,8001
2012-03-06,40.0,40.0,37.2,37.95,12374
2012-03-07,37.5,38.8,37.4,37.4,2401
2012-03-09,39.65,39.65,37.5,38.35,1133
2012-03-12,38.35,39.75,37.7,38.0,5203
2012-03-13,39.0,39.0,38.0,38.05,5004
2012-03-14,38.8,38.9,38.0,38.4,12555
2012-03-15,39.4,39.4,37.95,38.0,3571
2012-03-16,39.25,39.25,37.75,38.15,3023
2012-03-19,39.0,40.0,38.35,38.35,8057
2012-03-20,38.95,39.15,38.05,38.45,863
2012-03-21,39.7,39.7,38.0,38.8,3541
2012-03-22,39.3,39.3,37.05,37.7,6600
2012-03-23,36.5,39.4,36.5,37.35,3582
2012-03-26,38.7,38.7,36.3,36.8,520
2012-03-27,38.7,38.7,35.2,36.95,2440
2012-03-28,38.1,38.1,36.55,37.1,2318
2012-03-29,38.7,38.7,36.5,36.75,12363
2012-03-30,38.75,38.75,36.7,36.9,3912
2012-04-02,38.9,38.9,37.25,38.25,6895
2012-04-03,39.9,39.9,37.5,38.1,3620
2012-04-04,39.5,39.5,37.3,38.0,4443
2012-04-09,39.45,39.45,38.2,38.6,3005
2012-04-10,39.0,39.8,37.7,38.35,2217
2012-04-11,39.5,39.5,37.8,38.7,472
2012-04-12,39.65,39.65,37.8,37.85,667
2012-04-13,38.9,38.9,36.1,37.9,5110
2012-04-16,39.0,39.9,36.8,39.7,22945
2012-04-17,40.65,40.65,37.6,38.05,14633
2012-04-18,39.3,39.3,38.0,38.2,1482
2012-04-19,39.0,39.45,38.15,39.35,10517
2012-04-20,39.9,40.6,38.15,39.65,11228
2012-04-23,40.3,40.5,39.1,39.8,4226
2012-04-24,38.1,40.5,38.1,39.6,1181
2012-04-25,39.0,40.05,38.9,38.9,2088
2012-04-26,39.85,39.85,38.45,38.65,709
2012-04-27,38.15,38.5,38.15,38.4,1260
2012-04-28,39.9,40.8,38.6,40.4,4335
2012-04-30,40.0,41.0,40.0,40.95,6929
2012-05-02,41.0,42.7,40.95,41.15,26521
2012-05-03,41.85,42.45,40.3,41.8,30303
2012-05-04,41.0,41.45,39.3,39.85,23785
2012-05-07,41.85,41.85,38.5,38.9,16159
2012-05-08,40.45,40.45,38.4,38.8,11586
2012-05-09,37.05,39.7,37.05,39.5,21355
2012-05-10,40.0,40.0,38.2,38.4,7449
2012-05-11,40.35,40.35,37.25,37.55,10530
2012-05-14,37.75,38.25,37.15,38.0,21423
2012-05-15,37.5,38.5,37.5,38.1,1980
2012-05-16,38.0,38.1,37.75,38.1,3072
2012-05-17,38.0,38.45,37.5,37.7,1833
2012-05-18,38.0,38.65,35.95,36.7,14904
2012-05-21,38.25,38.25,36.75,36.8,4271
2012-05-22,37.9,37.9,36.5,36.7,1101
2012-05-23,36.5,37.5,35.25,36.35,6247
2012-05-24,36.3,37.0,36.25,36.7,3891
2012-05-25,36.3,37.8,36.3,37.7,1376
2012-05-28,37.25,37.5,36.5,36.9,790
2012-05-29,37.9,37.9,36.1,37.0,4307
2012-05-30,38.9,38.9,36.55,36.65,1203
2012-05-31,37.4,38.35,37.0,37.35,1416
2012-06-01,36.5,37.95,36.2,36.5,3812
2012-06-04,36.0,37.7,35.0,37.05,13396
2012-06-05,36.5,37.0,36.5,36.7,4352
2012-06-06,36.2,37.8,36.2,37.1,3975
2012-06-07,37.0,38.3,36.5,36.7,16295
2012-06-08,37.15,37.15,36.6,36.7,1384
2012-06-11,37.0,37.35,36.2,36.25,4026
2012-06-12,36.25,36.5,36.1,36.5,154
2012-06-13,37.15,37.2,36.25,36.5,916
2012-06-14,36.5,36.5,36.0,36.2,486
2012-06-15,36.25,36.7,36.0,36.2,1936
2012-06-18,36.2,36.4,35.25,35.8,3443
2012-06-19,36.0,36.45,36.0,36.2,7802
2012-06-20,36.1,37.0,36.0,36.8,10670
2012-06-21,37.3,37.3,36.0,36.2,20936
2012-06-22,37.0,37.0,36.0,36.5,17269
2012-06-25,37.0,37.0,36.15,36.5,11551
2012-06-26,37.4,37.4,36.1,36.25,13998
2012-06-27,37.0,37.3,36.5,36.9,3362
2012-06-28,37.5,37.5,36.7,37.0,3615
2012-06-29,37.1,38.15,37.0,37.85,9430
2012-07-02,38.95,39.8,38.5,39.0,4488
2012-07-03,38.95,40.9,38.65,40.7,8907
2012-07-04,41.8,41.8,40.0,40.55,7637
2012-07-05,40.75,41.7,40.55,41.55,11080
2012-07-06,41.25,43.2,41.25,42.8,19789
2012-07-09,44.0,44.0,41.1,41.5,15527
2012-07-10,42.6,43.25,41.35,42.05,8399
2012-07-11,42.95,43.0,41.25,41.55,5142
2012-07-12,42.0,42.2,40.5,41.05,3602
2012-07-13,41.95,42.0,40.8,41.5,3644
2012-07-16,42.1,42.3,41.7,41.9,1748
2012-07-17,42.0,42.3,40.0,41.3,6036
2012-07-18,42.0,43.0,41.05,42.7,14509
2012-07-19,42.7,43.0,41.7,42.55,14980
2012-07-20,42.05,42.75,41.55,42.0,2668
2012-07-23,41.8,42.75,40.8,41.55,3260
2012-07-24,41.8,41.8,41.0,41.5,1113
2012-07-25,41.8,42.0,41.0,41.95,7433
2012-07-26,40.65,42.0,39.85,41.05,8346
2012-07-27,39.7,41.7,39.7,40.1,2991
2012-07-30,39.7,41.7,39.15,41.4,5547
2012-07-31,42.0,42.55,41.3,41.9,19489
2012-08-01,42.35,42.5,41.0,41.55,13368
2012-08-02,42.0,42.45,41.1,41.2,12998
2012-08-03,41.2,41.5,41.0,41.5,10179
2012-08-06,41.8,42.3,41.5,41.55,7051
2012-08-07,38.0,42.0,38.0,40.5,7285
2012-08-08,42.0,42.0,40.5,40.5,4890
2012-08-09,41.5,42.0,40.5,40.85,2272
2012-08-10,40.65,41.0,40.1,40.1,1876
2012-08-13,41.95,42.0,40.8,41.0,2572
2012-08-14,39.7,41.45,39.7,40.35,4741
2012-08-16,41.65,42.0,41.0,41.3,5062
2012-08-17,42.0,42.25,41.55,41.8,23421
2012-08-21,41.55,44.7,41.55,44.35,35850
2012-08-22,44.8,48.4,44.55,47.15,68086
2012-08-23,47.95,48.9,45.4,45.9,18932
2012-08-24,45.15,47.0,45.0,45.65,11053
2012-08-27,46.9,47.7,46.25,46.75,16631
2012-08-28,46.55,47.0,45.0,45.45,20704
2012-08-29,46.45,46.45,44.0,45.35,10522
2012-08-30,45.05,46.25,44.9,45.0,6410
2012-08-31,45.4,45.7,44.8,44.95,3109
2012-09-03,44.5,45.1,44.2,44.45,6688
2012-09-04,44.5,44.65,43.9,44.2,11575
2012-09-05,44.25,44.9,44.0,44.5,5056
2012-09-06,44.3,47.2,44.3,46.8,19417
2012-09-07,47.05,49.0,46.7,47.8,27952
2012-09-08,48.0,52.5,47.75,51.5,25282
2012-09-10,51.55,52.9,50.0,50.4,19586
2012-09-11,50.05,53.5,48.35,52.3,42234
2012-09-12,53.8,53.8,50.2,51.45,14911
2012-09-13,50.55,54.0,50.55,51.9,51750
2012-09-14,53.0,53.2,51.1,52.85,47288
2012-09-17,53.5,53.5,51.25,51.5,15791
2012-09-18,51.05,51.75,50.55,51.3,12056
2012-09-20,51.45,52.0,50.7,51.4,7434
2012-09-21,51.9,52.8,51.5,51.95,44522
2012-09-24,51.05,52.6,51.05,51.95,26539
2012-09-25,51.7,52.9,51.4,51.95,7920
2012-09-26,51.05,54.75,51.05,54.45,43398
2012-09-27,54.95,59.25,54.95,57.7,63282
2012-09-28,60.0,60.0,57.1,59.05,59918
2012-10-01,60.0,60.95,58.3,60.3,89118
2012-10-03,60.05,61.95,59.95,60.25,41243
2012-10-04,62.0,62.0,57.4,59.0,37392
2012-10-05,60.95,60.95,48.65,56.8,37309
2012-10-08,59.6,59.6,56.5,57.3,32392
2012-10-09,58.8,58.9,57.6,58.55,21653
2012-10-10,58.65,59.05,57.25,58.0,10259
2012-10-11,57.0,58.0,56.3,57.05,10700
2012-10-12,56.05,58.1,56.05,56.9,9393
2012-10-15,62.0,62.0,57.75,59.65,19612
2012-10-16,60.0,61.4,59.05,59.55,20459
2012-10-17,59.0,61.0,58.05,58.95,10893
2012-10-18,58.95,59.95,57.35,59.6,7365
2012-10-19,59.35,60.0,58.5,58.85,18637
2012-10-22,59.9,60.0,58.25,59.35,13203
2012-10-23,59.8,64.4,59.55,63.8,86024
2012-10-25,63.8,66.85,62.75,65.45,103403
2012-10-26,63.3,65.2,61.7,63.8,26994
2012-10-29,64.7,64.9,60.1,60.55,32190
2012-10-30,59.5,59.5,53.5,53.95,70394
2012-10-31,53.15,55.0,53.15,54.2,14171
2012-11-01,54.0,57.6,53.75,56.85,26507
2012-11-02,57.0,59.1,56.3,57.0,56651
2012-11-05,56.3,57.45,55.5,56.0,11265
2012-11-06,56.9,56.9,55.55,56.1,10235
2012-11-07,55.8,57.3,55.6,55.9,11153
2012-11-08,55.8,56.0,55.0,55.4,11401
2012-11-09,56.9,56.9,53.8,54.45,8194
2012-11-12,54.4,55.15,53.85,54.0,9658
2012-11-13,54.0,54.75,53.25,53.9,4812
2012-11-15,53.5,53.5,51.25,53.05,16633
2012-11-16,53.5,54.0,52.2,53.4,11546
2012-11-19,53.0,54.65,52.0,52.45,3122
2012-11-20,52.05,53.75,51.5,52.1,8917
2012-11-21,51.65,51.9,49.45,50.3,9460
2012-11-22,51.65,53.2,49.25,51.6,16016
2012-11-23,51.65,52.95,50.3,51.2,21635
2012-11-26,52.0,52.0,50.2,50.9,7839
2012-11-27,51.05,52.0,50.3,50.55,12104
2012-11-29,50.5,52.0,50.5,51.15,14833
2012-11-30,51.0,54.65,51.0,53.2,30307
2012-12-03,54.8,59.7,54.8,57.0,74124
2012-12-04,56.5,58.45,56.0,56.4,27080
2012-12-05,57.8,58.0,56.2,56.7,21991
2012-12-06,57.0,57.9,56.1,57.1,17027
2012-12-07,57.0,57.6,55.5,56.0,13239
2012-12-10,57.5,57.95,55.1,55.45,8642
2012-12-11,55.9,56.9,54.0,54.6,14220
2012-12-12,55.0,56.3,54.05,54.85,8913
2012-12-13,55.0,55.0,53.35,53.85,15759
2012-12-14,53.25,54.95,53.2,53.65,18227
2012-12-17,53.5,55.95,52.0,55.25,9195
2012-12-18,57.1,58.5,55.05,56.0,40972
2012-12-19,56.35,56.95,54.5,55.45,9249
2012-12-20,55.3,56.85,53.85,54.7,13761
2012-12-21,54.5,54.9,53.2,53.35,11429
2012-12-24,53.6,55.5,53.6,54.3,11008
2012-12-26,55.5,55.5,53.35,54.25,22281
2012-12-27,55.15,55.85,53.85,54.2,7372
2012-12-28,55.2,55.25,53.6,54.0,19135
2012-12-31,54.0,54.5,53.6,54.05,12416
2013-01-01,55.2,55.2,54.15,54.65,17211
2013-01-02,55.5,56.45,54.9,54.95,16765
2013-01-03,54.2,56.5,54.2,55.7,10232
2013-01-04,56.0,56.25,54.95,55.55,15005
2013-01-07,56.1,56.1,55.25,55.3,8547
2013-01-08,55.3,55.5,55.25,55.35,2954
2013-01-09,55.25,55.9,54.75,55.3,9912
2013-01-10,55.6,56.0,54.2,54.5,10662
2013-01-11,55.85,55.85,52.6,53.6,22092
2013-01-14,53.25,54.0,52.7,53.4,4419
2013-01-15,53.5,54.5,53.5,53.8,4688
2013-01-16,53.5,53.65,52.55,53.3,5081
2013-01-17,53.95,54.0,52.6,53.15,4886
2013-01-18,53.15,53.7,52.5,52.75,8219
2013-01-21,52.55,53.8,51.7,52.7,13241
2013-01-22,53.45,53.8,51.55,52.0,10661
2013-01-23,52.9,56.75,52.1,52.1,8121
2013-01-24,52.85,52.85,51.25,51.4,13476
2013-01-25,52.0,52.95,51.35,52.25,10942
2013-01-28,51.0,52.9,51.0,52.4,7231
2013-01-29,52.0,52.25,51.4,51.6,9044
2013-01-30,51.95,53.4,50.7,50.95,24335
2013-01-31,48.5,49.75,45.7,47.75,34753
2013-02-01,47.4,48.4,45.1,45.85,29538
2013-02-04,45.8,47.0,45.8,46.0,11211
2013-02-05,46.0,46.8,45.5,45.95,8202
2013-02-06,46.75,46.75,45.65,46.15,6220
2013-02-07,45.55,47.85,45.2,46.0,11977
2013-02-08,45.85,47.4,45.5,46.4,11772
2013-02-11,46.15,46.5,45.15,45.85,5300
2013-02-12,45.55,46.2,45.05,45.25,3228
2013-02-13,44.9,46.15,44.9,45.5,3040
2013-02-14,45.5,46.0,45.25,45.85,10483
2013-02-15,45.1,45.75,44.75,45.6,3369
2013-02-18,46.0,47.0,41.7,43.85,11155
2013-02-19,44.5,45.0,43.0,44.3,8313
2013-02-20,45.0,46.0,44.5,45.05,7052
2013-02-21,44.1,45.65,44.0,44.45,5151
2013-02-22,44.0,45.3,43.4,44.35,3221
2013-02-25,44.5,46.0,43.5,43.5,2574
2013-02-26,44.0,44.75,42.1,43.05,8429
2013-02-27,42.8,43.55,39.1,40.4,17524
2013-02-28,40.6,41.95,40.1,40.6,5460
2013-03-01,40.8,42.0,40.75,40.95,7108
2013-03-04,41.9,41.9,38.8,39.0,10470
2013-03-05,38.2,39.5,37.4,38.0,12189
2013-03-06,39.2,41.15,38.5,39.85,25539
2013-03-07,40.0,40.0,40.0,40.0,33030
2013-03-08,41.4,41.4,39.35,40.0,4273
2013-03-11,40.0,40.0,37.4,39.1,12562
2013-03-12,40.0,40.0,38.85,39.05,4999
2013-03-13,39.7,39.8,38.35,39.15,4640
2013-03-14,39.0,39.0,38.1,38.75,2092
2013-03-15,38.2,39.5,37.5,38.55,1343
2013-03-18,38.2,39.0,37.55,38.25,3108
2013-03-19,39.1,39.1,36.45,37.1,576
2013-03-20,37.05,37.05,34.85,35.3,6303
2013-03-21,36.9,37.5,34.75,35.5,3864
2013-03-22,36.0,38.95,35.1,35.85,6228
2013-03-25,36.0,36.7,34.9,36.1,5914
2013-03-26,35.55,37.05,35.2,35.45,3331
2013-03-28,35.05,36.4,34.1,35.0,12482
2013-04-01,36.05,38.65,35.2,38.15,2852
2013-04-02,38.0,40.9,37.5,39.95,1889
2013-04-03,40.8,41.75,40.2,40.75,7136
2013-04-04,39.0,40.9,38.45,40.05,4058
2013-04-05,39.0,40.0,38.5,38.8,688
2013-04-08,38.0,40.75,38.0,39.8,2680
2013-04-09,38.4,39.7,36.0,37.1,20205
2013-04-10,37.9,37.9,36.5,37.8,1363
2013-04-11,37.1,38.4,37.1,38.25,2716
2013-04-12,38.25,38.9,37.5,38.8,6436
2013-04-15,39.8,40.0,38.0,38.55,1532
2013-04-16,39.5,39.65,39.15,39.5,1757
2013-04-17,39.05,39.65,38.6,38.9,1083
2013-04-18,39.5,39.5,38.55,39.0,1501
2013-04-22,39.0,39.5,38.55,39.3,7413
2013-04-23,39.45,41.0,39.45,39.7,5551
2013-04-25,40.0,40.0,37.7,37.95,12965
2013-04-26,38.0,39.3,36.75,37.05,5035
2013-04-29,37.0,38.8,37.0,38.1,5709
2013-04-30,38.0,38.85,37.7,37.9,8006
2013-05-02,37.5,39.7,36.9,38.75,4763
2013-05-03,38.3,39.3,37.95,38.5,9781
2013-05-06,39.5,39.5,37.25,37.5,5947
2013-05-07,38.9,39.2,37.65,38.1,4183
2013-05-08,37.65,38.95,36.75,37.4,10517
2013-05-09,38.35,38.35,36.75,37.35,3932
2013-05-10,38.15,38.75,37.5,38.35,5280
2013-05-11,39.2,39.6,37.6,38.15,493
2013-05-13,38.0,39.0,36.95,37.6,3770
2013-05-14,37.7,38.65,37.0,37.25,13990
2013-05-15,37.7,37.85,37.05,37.65,4912
2013-05-16,37.45,39.0,36.65,37.1,17741
2013-05-17,37.35,38.4,36.65,37.0,9411
2013-05-20,37.5,37.85,37.0,37.35,6180
2013-05-21,37.0,37.9,37.0,37.0,6431
2013-05-22,37.4,37.65,36.6,36.7,8337
2013-05-23,36.8,37.2,35.55,36.0,8091
2013-05-24,35.5,36.5,34.55,35.9,6202
2013-05-27,36.4,36.7,35.15,36.6,6437
2013-05-28,37.0,37.0,36.1,36.3,6586
2013-05-29,35.3,36.7,34.75,35.75,14589
2013-05-30,36.15,36.2,35.85,35.85,3436
2013-05-31,35.65,36.35,34.5,34.7,13431
2013-06-03,34.0,35.5,33.85,34.6,5980
2013-06-04,37.0,37.0,34.15,34.6,16711
2013-06-05,35.0,36.0,34.2,34.9,7216
2013-06-06,40.05,40.05,33.8,34.2,12453
2013-06-07,35.0,35.1,34.0,34.4,16327
2013-06-10,35.0,35.7,34.35,34.55,17980
2013-06-11,34.0,34.85,33.8,34.05,6342
2013-06-12,34.0,34.5,33.3,33.45,8643
2013-06-13,33.0,34.0,32.65,33.4,6648
2013-06-14,33.0,34.2,33.0,33.65,8882
2013-06-17,33.95,33.95,33.15,33.75,6682
2013-06-18,34.45,35.0,34.0,34.15,1714
2013-06-19,34.3,34.9,33.8,34.25,8638
2013-06-20,33.8,34.35,33.25,34.05,9377
2013-06-21,34.15,35.0,34.05,34.85,4946
2013-06-24,34.0,34.9,30.6,32.6,12460
2013-06-25,32.0,33.45,32.0,33.05,4779
2013-06-26,32.9,33.55,32.1,32.45,8537
2013-06-27,33.45,33.5,32.0,32.4,5226
2013-06-28,32.1,35.0,32.1,33.25,8902
2013-07-01,33.75,35.65,33.5,34.0,15611
2013-07-02,33.5,35.0,33.05,33.25,9599
2013-07-03,33.4,33.75,32.3,32.45,6723
2013-07-04,32.2,33.9,32.2,33.1,5841
2013-07-05,33.25,33.95,32.4,32.5,5993
2013-07-08,33.45,33.45,31.3,31.5,15559
2013-07-09,31.8,32.55,31.35,31.6,5913
2013-07-10,32.95,32.95,31.85,32.0,10360
2013-07-11,31.9,33.0,31.9,31.9,5572
2013-07-12,31.8,32.55,31.35,32.0,20967
2013-07-15,32.0,32.45,31.5,32.2,4501
2013-07-16,32.2,33.0,31.85,32.95,5141
2013-07-17,33.15,34.5,32.8,33.3,14540
2013-07-18,33.5,33.5,32.7,33.05,5372
2013-07-19,33.85,33.85,32.55,32.85,8579
2013-07-22,32.5,34.0,32.2,33.2,6696
2013-07-23,32.55,33.9,32.55,32.6,8475
2013-07-24,32.6,32.85,30.6,31.1,12477
2013-07-25,31.9,32.0,31.0,31.3,9281
2013-07-26,32.9,32.9,29.2,31.05,6513
2013-07-29,31.0,31.0,29.95,30.0,4986
2013-07-30,30.5,30.5,29.1,29.5,10196
2013-07-31,29.1,30.8,28.15,29.95,16844
2013-08-01,30.9,30.9,29.2,29.5,17463
2013-08-02,33.0,33.0,29.2,29.7,7666
2013-08-05,30.0,30.2,29.7,30.0,5164
2013-08-06,30.0,30.05,29.7,29.95,12342
2013-08-07,29.8,30.95,29.7,30.0,3262
2013-08-08,31.5,31.5,29.85,30.0,12016
2013-08-12,30.05,30.9,30.0,30.15,4672
2013-08-13,30.05,30.8,30.0,30.3,5435
2013-08-14,30.8,31.0,30.4,31.0,6482
2013-08-16,30.5,30.9,30.1,30.5,5966
2013-08-19,30.0,30.6,29.2,29.85,15466
2013-08-20,29.15,30.0,29.05,29.5,5392
2013-08-21,31.5,31.5,29.4,30.0,12949
2013-08-22,29.5,30.8,28.05,30.3,6861
2013-08-23,30.0,31.0,29.1,29.55,8954
2013-08-26,30.75,31.0,29.35,30.4,4977
2013-08-27,30.05,35.4,29.8,30.55,63527
2013-08-28,32.3,32.95,29.6,30.1,21533
2013-08-29,31.95,33.75,29.95,32.3,24757
2013-08-30,31.5,33.0,31.25,31.9,7128
2013-09-02,38.25,38.25,31.1,35.45,15447
2013-09-03,36.0,39.8,34.95,39.15,70572
2013-09-04,41.0,41.0,35.55,36.9,186650
2013-09-05,37.2,37.5,36.0,36.2,6586
2013-09-06,36.5,36.5,34.3,34.7,14002
2013-09-10,34.2,36.45,33.6,36.25,10315
2013-09-11,36.4,37.3,34.5,35.25,7156
2013-09-12,35.05,36.55,35.05,35.7,1690
2013-09-13,36.0,36.0,35.5,35.6,1605
2013-09-16,35.6,38.55,35.6,36.2,15099
2013-09-17,36.05,36.05,33.9,35.25,8904
2013-09-18,35.6,36.9,35.3,35.6,2539
2013-09-19,35.5,36.7,33.45,34.9,19698
2013-09-20,34.5,35.0,34.5,34.9,5217
2013-09-23,34.65,34.8,33.5,34.45,4775
2013-09-24,34.0,35.0,33.0,33.5,5562
2013-09-25,33.8,34.45,32.1,32.75,11089
2013-09-26,33.5,33.9,33.4,33.9,6597
2013-09-27,33.5,33.85,32.2,32.7,8865
2013-09-30,32.75,32.75,31.7,32.45,1103
2013-10-01,32.0,33.0,31.85,32.75,2662
2013-10-03,33.1,33.4,31.0,32.5,10304
2013-10-04,32.55,33.1,32.0,32.75,11333
2013-10-07,33.95,33.95,32.6,32.7,13036
2013-10-08,32.5,33.4,32.5,32.7,8682
2013-10-09,32.0,33.45,31.65,33.1,9073
2013-10-10,32.5,35.5,32.5,34.2,18087
2013-10-11,34.9,35.5,33.75,33.95,11374
2013-10-14,33.9,34.8,33.6,34.6,10551
2013-10-15,34.6,36.15,34.0,35.7,13964
2013-10-17,35.5,36.75,34.0,36.05,10325
2013-10-18,35.5,36.75,34.05,36.2,12515
2013-10-21,35.5,36.9,34.5,36.15,10394
2013-10-22,37.0,37.0,35.7,36.25,8233
2013-10-23,35.5,37.45,35.1,36.95,24863
2013-10-24,37.95,38.0,36.5,37.4,8928
2013-10-25,37.0,37.5,35.65,37.4,4382
2013-10-28,37.0,38.1,36.0,37.1,4150
2013-10-29,36.3,37.2,35.05,36.85,8062
2013-10-30,36.8,37.4,36.1,36.7,4617
2013-10-31,37.0,37.1,36.1,36.2,6030
2013-11-01,37.5,37.5,36.1,36.45,4906
2013-11-03,37.35,37.35,36.6,37.05,1555
2013-11-05,36.4,37.2,35.55,36.15,4055
2013-11-06,36.5,37.15,35.9,36.05,7296
2013-11-07,35.85,36.6,35.55,36.05,6133
2013-11-08,37.15,37.15,35.2,35.35,8792
2013-11-11,36.8,37.15,35.75,36.25,9425
2013-11-12,36.1,36.85,35.8,36.15,2687
2013-11-13,36.5,37.5,35.1,36.8,10415
2013-11-14,38.3,39.25,36.4,38.1,40601
2013-11-18,39.4,41.8,39.4,40.25,52413
2013-11-19,40.0,42.45,40.0,41.95,46841
2013-11-20,42.35,44.4,42.0,43.15,41620
2013-11-21,44.4,44.45,42.7,43.35,17252
2013-11-22,44.5,44.5,43.0,43.2,8007
2013-11-25,43.6,44.15,43.1,43.4,8023
2013-11-26,43.0,44.2,43.0,43.2,3066
2013-11-27,43.4,44.0,40.7,41.8,21489
2013-11-28,43.1,43.1,41.15,42.7,4285
2013-11-29,43.7,43.7,41.15,41.4,7019
2013-12-02,47.4,49.65,45.15,49.65,182100
2013-12-03,50.45,54.8,50.4,52.15,245884
2013-12-04,52.85,53.35,47.5,48.15,80682
2013-12-05,49.8,50.0,45.5,47.1,35208
2013-12-06,47.95,47.95,45.5,46.15,31230
2013-12-09,45.8,48.7,45.8,47.6,22947
2013-12-10,47.6,49.0,46.5,46.95,23105
2013-12-11,46.5,47.0,45.5,46.65,12522
2013-12-12,46.0,48.75,45.0,47.55,12066
2013-12-13,47.0,47.9,46.25,46.7,10296
2013-12-16,50.1,50.1,46.5,47.2,8603
2013-12-17,48.6,49.8,47.05,47.75,10244
2013-12-18,47.0,49.35,45.2,47.4,28939
2013-12-19,47.0,48.4,46.35,46.65,8025
2013-12-20,47.0,49.0,46.15,47.1,8478
2013-12-23,47.55,50.0,47.5,48.8,13135
2013-12-24,49.1,49.1,46.4,47.35,7555
2013-12-26,47.0,49.8,46.6,48.8,7147
2013-12-27,49.9,50.0,47.2,48.65,11468
2013-12-30,48.5,51.0,47.95,50.05,20089
2013-12-31,50.5,51.0,49.05,49.7,29509
2014-01-01,49.7,50.5,49.5,49.9,14705
2014-01-02,50.85,50.85,47.95,49.15,25412
2014-01-03,49.15,50.0,48.0,48.4,27441
2014-01-06,48.9,49.45,47.05,47.35,14424
2014-01-07,48.65,48.8,46.5,48.0,23486
2014-01-08,47.5,48.25,47.05,47.3,8295
2014-01-09,49.0,49.0,45.7,47.3,22171
2014-01-10,46.9,47.15,46.0,46.2,9944
2014-01-13,46.2,47.7,44.5,45.7,36164
2014-01-14,49.2,54.45,48.05,53.05,410395
2014-01-15,51.7,53.3,49.3,50.15,53698
2014-01-16,52.0,52.0,47.5,47.9,23875
2014-01-17,48.05,48.05,46.4,47.05,18442
2014-01-20,45.5,47.8,45.5,47.1,7998
2014-01-21,47.5,48.0,47.05,47.1,3465
2014-01-22,47.05,49.65,47.0,48.0,23182
2014-01-23,48.0,49.65,48.0,49.2,15772
2014-01-24,49.7,50.1,48.0,48.45,21544
2014-01-27,48.0,48.0,46.35,46.55,10305
2014-01-28,48.35,51.0,46.5,49.25,95484
2014-01-29,50.8,50.8,47.7,48.45,25329
2014-01-30,46.0,46.0,38.8,38.9,190893
2014-01-31,40.9,40.9,37.1,40.15,23564
2014-02-03,39.95,40.25,38.5,38.7,10737
2014-02-04,38.55,38.8,37.3,37.7,8689
2014-02-05,37.8,38.7,37.65,38.3,7644
2014-02-06,38.0,40.0,38.0,39.1,9965
2014-02-07,38.9,39.2,38.5,38.95,6135
2014-02-10,38.75,39.95,38.75,39.0,10929
2014-02-11,39.05,39.55,38.5,38.7,7547
2014-02-12,38.4,38.95,38.1,38.3,4016
2014-02-13,38.4,38.9,37.25,38.05,2969
2014-02-14,38.0,39.45,37.0,37.35,5432
2014-02-17,38.5,38.5,35.45,36.25,21493
2014-02-18,37.0,37.8,36.25,36.95,4239
2014-02-19,38.75,39.6,33.8,36.35,26145
2014-02-20,36.0,37.75,35.25,36.05,3657
2014-02-21,36.65,36.95,36.1,36.2,5737
2014-02-24,36.15,37.0,36.1,36.7,4742
2014-02-25,36.55,38.3,36.0,36.8,1600
2014-02-26,36.55,37.15,36.5,36.55,2040
2014-02-28,36.55,37.45,36.1,36.9,5714
2014-03-03,36.9,37.05,35.75,35.85,4506
2014-03-04,36.75,36.75,35.75,36.1,6185
2014-03-05,36.75,37.35,36.75,36.95,5785
2014-03-06,36.95,38.5,36.85,38.1,11423
2014-03-07,38.5,39.1,37.4,38.05,11246
2014-03-10,38.05,39.3,38.0,38.8,5804
2014-03-11,38.5,39.0,38.0,38.65,5205
2014-03-12,38.15,38.9,38.0,38.0,3461
2014-03-13,38.0,38.9,38.0,38.1,5296
2014-03-14,38.95,39.0,37.45,38.4,4710
2014-03-18,38.0,38.0,36.65,36.95,5224
2014-03-19,38.05,38.05,37.0,37.7,1069
2014-03-20,37.5,39.9,37.05,38.9,7033
2014-03-21,39.55,39.65,37.9,39.0,9138
2014-03-22,38.6,38.6,38.0,38.1,626
2014-03-24,39.55,43.5,38.5,41.3,51733
2014-03-25,42.1,44.0,40.7,41.85,17942
2014-03-26,41.5,42.6,40.3,41.2,4169
2014-03-27,40.8,41.5,40.05,40.1,7487
2014-03-28,40.2,41.0,39.2,39.5,4408
2014-03-31,40.8,40.8,39.5,40.25,17153
2014-04-01,40.0,41.75,39.75,40.7,6817
2014-04-02,41.0,42.8,40.6,41.85,18170
2014-04-03,41.5,42.5,41.0,41.45,3227
2014-04-04,42.9,42.9,40.0,40.4,10679
2014-04-07,41.2,42.3,40.0,41.5,10222
2014-04-09,42.75,43.5,41.05,42.6,22911
2014-04-10,44.3,44.3,41.35,42.7,7148
2014-04-11,42.0,44.65,41.35,43.05,16050
2014-04-15,42.6,43.85,42.25,43.35,10590
2014-04-16,44.0,44.0,40.2,40.9,13351
2014-04-17,42.0,42.75,40.35,41.9,6201
2014-04-21,42.0,43.25,41.4,42.75,23160
2014-04-22,42.6,43.15,42.0,42.35,4966
2014-04-23,43.5,43.5,42.5,42.7,5141
2014-04-25,42.4,42.8,41.65,42.4,10612
2014-04-28,42.5,42.5,41.5,42.4,3857
2014-04-29,42.05,43.5,42.05,42.8,10002
2014-04-30,42.4,43.4,40.6,42.0,8405
2014-05-02,41.7,43.45,40.4,41.5,2016
2014-05-05,43.25,44.5,41.0,43.1,30098
2014-05-06,42.7,44.65,42.1,42.75,18730
2014-05-07,44.0,44.0,40.5,41.0,9496
2014-05-08,43.9,49.2,43.9,48.7,439770
2014-05-09,49.0,49.5,45.25,45.55,77920
2014-05-12,46.0,46.95,43.7,43.9,39557
2014-05-13,46.0,46.8,43.5,43.95,13383
2014-05-14,44.0,45.0,43.5,43.75,9902
2014-05-15,43.7,44.8,43.0,43.05,8226
2014-05-16,44.05,44.9,42.2,43.65,21668
2014-05-19,43.5,49.15,43.5,46.0,56596
2014-05-20,47.1,49.9,46.6,48.8,39746
2014-05-21,48.0,49.7,47.2,48.35,36268
2014-05-22,49.4,53.0,48.5,50.6,83175
2014-05-23,51.15,52.0,49.0,49.5,24304
2014-05-26,49.5,51.8,46.0,47.0,35414
2014-05-27,46.15,48.3,46.0,46.5,12973
2014-05-28,48.0,49.1,46.6,47.9,15679
2014-05-29,50.5,50.5,47.25,48.1,6778
2014-05-30,49.0,50.5,41.7,49.35,25964
2014-06-02,53.0,57.7,50.0,55.6,326826
2014-06-03,56.05,60.8,55.1,59.35,375162
2014-06-04,59.0,62.4,58.1,58.75,173809
2014-06-05,60.0,60.0,54.75,57.35,69245
2014-06-06,59.5,59.5,55.3,57.0,42925
2014-06-09,54.4,62.15,54.4,60.25,210901
2014-06-10,59.9,61.8,57.85,60.9,71541
2014-06-11,61.8,63.5,60.3,61.2,131159
2014-06-12,60.5,63.8,57.75,62.8,74023
2014-06-13,64.6,65.0,59.0,59.55,183112
2014-06-16,59.0,60.5,58.65,59.75,37712
2014-06-17,60.4,65.7,60.3,63.4,195801
2014-06-18,64.0,65.95,60.5,61.5,57936
2014-06-19,61.5,63.25,61.0,61.6,28504
2014-06-20,61.0,61.95,58.75,60.8,25850
2014-06-23,61.1,61.8,59.1,59.8,19156
2014-06-24,59.8,63.0,59.8,61.65,27129
2014-06-25,61.0,61.9,60.05,60.75,17366
2014-06-26,60.15,61.85,60.1,60.75,14323
2014-06-27,60.0,61.6,58.55,60.6,26365
2014-06-30,60.5,62.0,60.5,60.85,31483
2014-07-01,62.7,63.9,60.6,63.15,38237
2014-07-02,64.7,73.5,63.5,70.1,527836
2014-07-03,70.1,72.9,66.25,71.4,192944
2014-07-04,71.6,76.9,71.5,73.8,278683
2014-07-07,74.95,75.0,72.05,73.35,65856
2014-07-08,74.0,74.9,67.15,68.1,51487
2014-07-09,67.0,69.0,65.4,67.75,45868
2014-07-10,69.95,70.6,65.5,68.9,55768
2014-07-11,68.25,70.3,66.5,67.4,46461
2014-07-14,66.5,69.6,66.0,68.05,21795
2014-07-15,67.7,70.0,66.75,69.1,21591
2014-07-16,69.1,71.0,68.1,69.3,22790
2014-07-17,68.1,71.8,68.1,71.3,22439
2014-07-18,70.6,72.0,70.15,71.1,12928
2014-07-21,73.0,81.5,72.55,78.9,254188
2014-07-22,80.0,82.9,76.5,77.1,80056
2014-07-23,78.0,79.0,75.2,77.15,32912
2014-07-24,77.2,79.85,75.2,77.25,20703
2014-07-25,77.0,78.25,72.8,74.05,56720
2014-07-28,73.5,76.5,72.05,73.6,30380
2014-07-30,77.1,78.4,68.0,70.75,235732
2014-07-31,70.9,71.7,68.1,68.45,32033
2014-08-01,68.0,70.8,67.4,67.55,31660
2014-08-04,69.3,70.9,67.5,70.2,26762
2014-08-05,70.25,74.7,70.2,73.55,50506
2014-08-06,73.0,75.15,70.65,72.45,33528
2014-08-07,71.0,72.45,70.1,70.7,22831
2014-08-08,70.2,72.9,68.2,70.45,18962
2014-08-11,72.6,73.7,70.05,71.4,16785
2014-08-12,71.2,75.0,70.55,74.05,38262
2014-08-13,74.0,75.9,71.0,74.4,67648
2014-08-14,75.8,78.15,73.05,76.45,76150
2014-08-18,76.45,78.0,75.0,76.0,28620
2014-08-19,75.75,78.0,75.5,76.65,27705
2014-08-20,77.0,80.0,76.1,79.4,99560
2014-08-21,80.0,83.7,80.0,83.0,197271
2014-08-22,84.35,93.9,84.0,87.75,379204
2014-08-25,88.0,90.0,82.6,83.55,71127
2014-08-26,84.65,86.35,82.7,85.8,111931
2014-08-27,86.8,88.35,85.95,87.95,67145
2014-08-28,88.6,92.5,86.1,89.7,102891
2014-09-01,93.7,95.0,90.15,94.0,108324
2014-09-02,97.55,99.25,93.0,96.75,98024
2014-09-03,96.0,98.1,91.0,93.0,70777
2014-09-04,93.0,94.6,90.2,92.5,60193
2014-09-05,93.75,94.5,90.5,91.0,30750
2014-09-08,92.1,94.95,90.45,92.95,48305
2014-09-09,93.9,94.9,90.8,93.05,68753
2014-09-10,93.0,93.0,90.0,90.6,38953
2014-09-11,92.0,93.4,91.1,91.9,30844
2014-09-12,92.0,93.9,90.5,91.7,44977
2014-09-15,91.3,91.65,88.1,90.1,34154
2014-09-16,87.75,91.7,81.7,83.75,44059
2014-09-17,84.0,87.4,82.7,86.3,30841
2014-09-18,89.0,89.0,85.1,87.15,25211
2014-09-19,88.0,89.0,84.55,85.4,22651
2014-09-22,86.4,87.25,83.1,86.3,19139
2014-09-23,85.0,87.0,82.8,84.05,27059
2014-09-24,88.35,88.35,78.35,80.6,26342
2014-09-25,80.5,82.6,73.8,74.8,37258
2014-09-26,74.0,80.25,73.8,78.8,37978
2014-09-29,82.0,83.1,80.3,81.85,24943
2014-09-30,82.85,82.85,77.1,79.0,11698
2014-10-01,82.0,82.0,78.2,78.6,6427
2014-10-07,78.0,78.95,76.35,76.9,11564
2014-10-08,76.1,77.7,75.1,75.6,13962
2014-10-09,78.2,84.9,78.2,83.5,44692
2014-10-10,83.5,87.8,78.5,82.85,63086
2014-10-13,82.0,85.0,80.85,82.55,16777
2014-10-14,82.15,85.0,80.5,81.35,18351
2014-10-16,82.2,82.5,76.65,77.25,32977
2014-10-17,78.7,79.1,76.3,77.6,16977
2014-10-20,80.0,80.75,78.05,78.45,15627
2014-10-21,78.6,79.95,77.35,78.25,7439
2014-10-22,78.0,79.75,77.45,78.3,9766
2014-10-23,80.4,81.7,78.7,79.7,6006
2014-10-27,79.0,80.0,78.2,78.95,9479
2014-10-28,80.95,83.0,78.8,79.05,5846
2014-10-29,81.0,81.0,78.0,78.3,19301
2014-10-30,79.05,80.9,78.7,80.15,15461
2014-10-31,79.85,82.7,79.85,80.85,33551
2014-11-03,80.55,81.5,79.7,79.95,15395
2014-11-05,80.25,82.0,80.05,80.65,16447
2014-11-07,81.0,81.9,80.2,80.95,31584
2014-11-10,81.1,82.0,80.65,80.95,16982
2014-11-11,81.65,82.0,78.9,79.55,20014
2014-11-12,80.05,81.05,77.75,78.45,24354
2014-11-13,80.4,80.4,77.0,78.2,32231
2014-11-14,80.3,81.0,78.0,78.45,27348
2014-11-17,77.25,77.25,74.65,76.05,37037
2014-11-18,76.05,77.65,73.25,74.7,52473
2014-11-19,75.05,76.5,73.7,75.35,13166
2014-11-20,74.6,76.45,73.6,74.85,20759
2014-11-21,74.0,75.65,73.5,73.6,37843
2014-11-24,73.4,76.0,73.4,74.5,19251
2014-11-25,74.0,74.0,71.1,71.3,28900
2014-11-26,70.55,72.6,70.55,71.5,19491
2014-11-27,72.0,73.0,70.1,72.45,40101
2014-11-28,72.55,76.95,72.55,73.2,29493
2014-12-01,72.05,73.55,70.2,71.75,23323
2014-12-02,72.0,75.05,71.7,72.45,23184
2014-12-03,73.0,74.0,70.0,73.5,40526
2014-12-04,73.0,75.0,72.55,74.15,35456
2014-12-05,74.15,77.0,74.05,74.4,25183
2014-12-08,76.9,78.0,74.1,74.45,45201
2014-12-09,74.9,74.95,68.25,71.9,59409
2014-12-10,73.0,73.4,71.25,72.4,14280
2014-12-11,74.75,74.75,70.0,71.05,23226
2014-12-12,72.0,72.6,70.2,70.4,10072
2014-12-15,70.05,71.0,70.0,70.1,16265
2014-12-16,70.0,70.35,68.4,69.25,12723
2014-12-17,68.6,69.95,67.0,67.1,14330
2014-12-18,69.3,74.3,67.15,72.8,34484
2014-12-19,74.5,75.95,70.7,71.0,20776
2014-12-22,70.5,70.55,66.7,69.55,9982
2014-12-23,72.0,72.0,68.85,69.9,12031
2014-12-24,69.45,71.85,68.45,69.95,9189
2014-12-26,69.4,71.75,69.4,71.55,3774
2014-12-29,71.7,72.9,70.05,70.75,8875
2014-12-30,70.8,70.8,69.0,69.75,28841
2014-12-31,71.9,72.0,70.55,70.9,4326
2015-01-01,71.55,72.85,71.1,72.35,2550
2015-01-02,71.65,73.0,70.0,71.6,14123
2015-01-05,72.85,72.85,70.7,71.7,3446
2015-01-06,71.0,72.6,68.95,69.55,12761
2015-01-07,69.0,71.75,68.7,71.45,12399
2015-01-08,73.05,73.1,71.0,71.9,2401
2015-01-09,72.0,72.2,71.0,71.7,5802
2015-01-12,72.2,78.0,71.75,76.85,18308
2015-01-13,76.5,80.5,76.05,78.3,30926
2015-01-14,78.35,80.75,77.0,79.1,9640
2015-01-15,78.5,80.0,78.05,78.85,7003
2015-01-16,78.65,79.0,77.25,77.95,7679
2015-01-19,77.7,78.3,76.5,77.2,10234
2015-01-20,77.45,77.5,75.75,76.2,26909
2015-01-21,76.1,76.1,75.0,75.7,7366
2015-01-22,75.0,76.0,74.75,75.6,11232
2015-01-23,76.05,78.0,76.0,77.35,20810
2015-01-27,78.0,78.75,76.95,77.55,32902
2015-01-28,77.7,81.25,77.7,79.65,27110
2015-01-29,80.5,82.5,78.15,78.8,34398
2015-01-30,78.5,80.7,78.0,78.05,5407
2015-02-02,78.15,80.75,78.0,79.15,5757
2015-02-03,78.75,80.2,78.15,79.9,8349
2015-02-04,79.9,81.4,79.4,80.4,17733
2015-02-05,81.0,81.7,78.4,80.25,10959
2015-02-06,79.7,80.2,75.7,77.8,13610
2015-02-09,77.0,79.15,75.25,75.6,15481
2015-02-10,75.0,76.8,72.75,73.9,7464
2015-02-11,73.85,77.8,73.8,76.55,7066
2015-02-12,76.75,79.55,76.75,79.0,15925
2015-02-13,78.8,79.45,78.6,78.9,12235
2015-02-16,76.0,80.7,75.1,79.15,62988
2015-02-18,79.5,83.8,78.15,82.5,33777
2015-02-19,82.55,84.0,82.2,82.75,14123
2015-02-20,83.0,83.5,79.1,81.05,18383
2015-02-23,80.55,81.95,79.65,79.75,5348
2015-02-24,81.7,81.75,79.0,79.9,9473
2015-02-25,81.5,81.5,78.75,79.2,12765
2015-02-26,78.65,79.65,76.35,78.15,10380
2015-02-27,77.85,79.2,77.0,77.65,5282
2015-02-28,79.95,80.0,77.35,78.2,7566
2015-03-02,77.0,79.5,75.4,79.15,9439
2015-03-03,78.7,80.5,78.0,80.15,9971
2015-03-04,80.0,80.75,79.75,80.2,27716
2015-03-05,79.5,82.45,77.4,81.6,36633
2015-03-09,81.0,81.45,76.1,77.8,19292
2015-03-10,79.5,81.2,79.25,80.75,21270
2015-03-11,80.0,80.95,79.0,80.0,9890
2015-03-12,80.5,82.0,80.5,81.45,10338
2015-03-13,83.85,85.2,80.15,84.7,81272
2015-03-16,85.5,87.0,85.5,86.55,31638
2015-03-17,87.0,87.5,85.55,86.8,18742
2015-03-18,88.0,89.2,87.05,88.35,30684
2015-03-19,88.35,89.55,85.5,86.2,37950
2015-03-20,87.85,87.85,81.0,81.85,55775
2015-03-23,82.9,82.9,78.5,79.05,14806
2015-03-24,84.4,84.4,78.5,80.85,9467
2015-03-25,80.05,81.85,78.8,79.95,6245
2015-03-26,79.0,80.1,77.05,78.35,13093
2015-03-27,78.5,80.5,77.2,79.25,16828
2015-03-30,80.5,82.35,79.05,81.6,14769
2015-03-31,81.15,84.0,81.05,82.0,3596
2015-04-01,81.5,83.5,81.5,83.45,6674
2015-04-06,83.0,84.1,81.0,82.55,9572
2015-04-07,82.3,84.5,82.3,83.8,1765
2015-04-08,81.2,84.45,81.2,82.75,10324
2015-04-09,84.0,84.0,82.35,82.6,8555
2015-04-10,82.8,88.2,82.8,87.35,18332
2015-04-13,86.5,100.6,86.5,98.7,162516
2015-04-15,99.1,118.4,99.1,118.4,293569
2015-04-16,119.6,129.0,108.55,112.65,490577
2015-04-17,115.5,120.6,106.25,115.15,88432
2015-04-20,118.6,118.6,111.25,112.85,29875
2015-04-21,116.0,116.0,105.0,107.9,28437
2015-04-22,110.0,112.0,105.2,108.45,22962
2015-04-23,107.0,108.9,102.7,107.15,22320
2015-04-24,106.15,106.15,100.0,101.85,27697
2015-04-27,110.0,110.0,95.5,99.95,18420
2015-04-28,99.0,106.85,97.6,105.75,19410
2015-04-29,104.0,107.0,98.3,105.65,15184
2015-04-30,104.0,105.4,99.0,102.4,24666
2015-05-04,102.4,105.0,100.8,101.45,15424
2015-05-05,101.0,103.4,99.95,100.25,4204
2015-05-06,103.8,103.8,94.0,95.4,10203
2015-05-07,95.1,98.0,93.55,97.05,11832
2015-05-08,96.35,100.0,96.35,99.2,7208
2015-05-11,101.5,101.5,97.0,97.55,5347
2015-05-12,97.0,99.0,96.0,96.5,4353
2015-05-13,96.0,98.0,94.55,96.85,10400
2015-05-14,96.0,104.5,95.3,103.4,22585
2015-05-15,105.0,105.0,102.0,103.85,10728
2015-05-18,104.9,114.4,102.5,104.65,9279
2015-05-19,105.0,107.3,102.8,105.3,13950
2015-05-20,105.5,105.5,101.9,104.3,15608
2015-05-21,106.7,125.0,106.0,121.5,620116
2015-05-22,122.75,122.75,112.6,115.65,89472
2015-05-25,115.7,116.9,111.0,114.45,32572
2015-05-26,116.0,116.0,111.15,114.4,35777
2015-05-27,113.0,115.8,111.45,113.9,29771
2015-05-28,114.95,115.75,111.45,112.05,29823
2015-05-29,111.5,114.95,111.0,112.15,24670
2015-06-01,112.5,115.9,112.2,114.25,33223
2015-06-02,112.0,116.0,112.0,115.1,52723
2015-06-03,114.5,115.0,110.0,110.35,21436
2015-06-04,110.0,115.0,110.0,113.85,14045
2015-06-05,113.0,118.0,112.35,115.25,26389
2015-06-08,114.0,114.0,110.9,111.1,15573
2015-06-09,111.1,114.0,110.0,111.65,20235
2015-06-10,110.5,113.85,110.4,112.0,3829
2015-06-11,111.75,114.0,110.0,110.25,10823
2015-06-12,110.0,113.2,109.3,110.95,7672
2015-06-15,111.2,114.5,111.2,112.25,12874
2015-06-16,111.0,115.3,111.0,114.4,17599
2015-06-17,113.0,114.8,111.3,113.9,11388
2015-06-18,112.15,114.3,112.15,113.2,7843
2015-06-19,113.2,114.0,110.5,113.85,8795
2015-06-22,112.0,118.7,111.75,116.05,31125
2015-06-23,115.15,119.25,115.15,117.15,19797
2015-06-24,117.0,118.0,115.1,116.1,9164
2015-06-25,115.0,117.0,113.2,115.8,5326
2015-06-26,114.65,116.0,114.05,115.3,4436
2015-06-29,114.5,115.8,110.7,115.6,36030
2015-06-30,114.0,116.6,114.0,115.9,12238
2015-07-01,115.1,117.0,113.0,115.6,5851
2015-07-02,115.6,118.5,115.0,116.6,11919
2015-07-03,115.7,117.5,114.8,115.0,4602
2015-07-06,114.0,118.5,111.2,117.55,17988
2015-07-07,116.0,119.8,111.5,115.4,17178
2015-07-08,115.1,117.2,103.9,113.45,49409
2015-07-09,112.2,114.4,110.0,110.55,18491
2015-07-10,114.0,114.45,111.65,113.45,10371
2015-07-13,113.0,113.8,110.65,112.9,6868
2015-07-14,112.0,114.4,110.0,111.05,25238
2015-07-15,110.5,112.2,110.0,110.5,5640
2015-07-16,110.5,111.9,109.8,110.0,31430
2015-07-17,110.0,111.5,110.0,110.2,8484
2015-07-20,110.15,114.0,110.0,113.5,12036
2015-07-21,113.15,114.25,110.5,111.15,9017
2015-07-22,110.65,112.3,110.0,111.0,6945
2015-07-23,110.65,118.0,110.65,116.05,32005
2015-07-24,115.1,117.75,114.35,115.25,10005
2015-07-27,115.5,138.3,115.0,137.05,219614
2015-07-28,139.5,144.0,131.65,133.35,107720
2015-07-29,133.0,136.95,128.0,128.7,65090
2015-07-30,132.4,132.4,125.0,129.5,45223
2015-07-31,130.0,130.1,122.75,127.15,57995
2015-08-03,127.05,142.0,126.95,138.0,135155
2015-08-04,139.4,141.8,135.1,137.95,62581
2015-08-05,139.0,141.0,130.65,133.0,27564
2015-08-06,134.7,143.0,130.0,140.6,108796
2015-08-07,143.0,161.95,140.0,157.8,399776
2015-08-10,158.8,164.0,150.0,152.1,135019
2015-08-11,153.9,153.9,141.25,143.75,63186
2015-08-12,140.3,148.7,135.6,137.85,44126
2015-08-13,141.0,144.05,125.5,129.25,36255
2015-08-14,131.75,144.4,124.2,141.2,61275
2015-08-17,142.0,142.0,136.35,138.9,27239
2015-08-18,139.0,143.8,137.25,140.35,25477
2015-08-19,141.0,146.8,139.95,143.0,36126
2015-08-20,141.5,143.0,136.4,137.6,15922
2015-08-21,139.4,139.4,131.0,135.75,13638
2015-08-24,131.95,131.95,112.1,115.6,32226
2015-08-25,115.7,122.9,109.95,118.4,50258
2015-08-26,117.0,123.5,111.75,122.45,16587
2015-08-27,124.0,134.4,122.15,129.9,22464
2015-08-28,128.7,133.95,124.0,127.0,17614
2015-08-31,130.0,133.6,122.5,128.95,21519
2015-09-01,126.0,129.4,121.0,124.25,22962
2015-09-02,124.6,125.75,120.0,122.85,9272
2015-09-03,124.0,127.95,123.0,126.0,7927
2015-09-04,127.7,127.7,117.3,119.55,13581
2015-09-07,119.4,121.0,115.0,115.5,20396
2015-09-08,114.0,116.95,110.65,113.35,25403
2015-09-09,116.6,119.55,115.0,118.05,5902
2015-09-10,116.0,116.0,112.15,114.5,3322
2015-09-11,118.75,121.75,116.1,117.95,9585
2015-09-14,121.0,121.0,114.1,120.0,12392
2015-09-15,119.0,122.0,116.3,120.65,9381
2015-09-16,121.8,121.8,118.5,119.9,5174
2015-09-18,121.85,124.5,120.1,122.05,11159
2015-09-21,122.05,128.4,117.2,125.05,10658
2015-09-22,124.5,127.0,119.5,119.9,13255
2015-09-23,118.0,133.85,117.0,129.2,46040
2015-09-24,134.0,136.0,126.05,128.45,16752
2015-09-28,127.05,131.8,121.4,122.7,7754
2015-09-29,122.0,130.0,120.15,128.6,12697
2015-09-30,126.9,130.7,125.0,126.35,5586
2015-10-01,129.0,130.95,126.0,127.2,4877
2015-10-05,127.95,140.0,127.95,137.85,45278
2015-10-06,140.0,140.0,127.1,130.75,20459
2015-10-07,132.0,135.7,130.0,131.75,10331
2015-10-08,133.65,133.65,130.4,131.65,3931
2015-10-09,128.3,138.0,128.3,137.05,15305
2015-10-12,136.05,141.9,132.8,140.0,36653
2015-10-13,140.0,141.3,134.2,138.4,30055
2015-10-14,137.0,140.05,135.0,137.85,22120
2015-10-15,138.0,138.9,135.55,135.95,7159
2015-10-16,140.0,140.0,133.0,137.1,16823
2015-10-19,137.0,150.95,137.0,147.85,92649
2015-10-20,144.3,147.7,141.05,142.6,14711
2015-10-21,144.0,145.0,140.0,143.55,9664
2015-10-23,142.0,146.0,138.2,142.25,32299
2015-10-26,141.05,144.5,130.8,131.55,28202
2015-10-27,131.5,134.0,131.2,133.2,6355
2015-10-28,132.0,134.0,129.0,130.95,18428
2015-10-29,133.5,133.5,127.05,130.0,6940
2015-10-30,129.55,133.4,129.0,130.65,9641
2015-11-02,136.9,136.9,130.5,131.95,11133
2015-11-03,131.9,134.0,123.0,126.35,35220
2015-11-04,125.35,133.0,125.35,129.15,7302
2015-11-05,125.1,132.0,121.0,122.45,13948
2015-11-06,123.05,127.25,121.25,125.15,7908
2015-11-09,124.0,127.0,121.0,124.8,4510
2015-11-10,124.0,131.0,122.0,123.2,3177
2015-11-11,131.0,131.0,122.4,126.2,1766
2015-11-13,126.2,128.25,122.0,127.1,3148
2015-11-16,127.5,129.5,123.1,129.0,12672
2015-11-17,130.0,131.7,128.65,130.55,11917
2015-11-18,131.0,131.0,126.0,127.1,12710
2015-11-19,126.5,136.85,126.0,134.4,94322
2015-11-20,137.0,142.0,130.15,140.35,49531
2015-11-23,139.0,143.75,134.3,136.7,18782
2015-11-24,135.0,138.4,134.5,135.05,10821
2015-11-26,135.0,139.9,131.5,133.6,35413
2015-11-27,133.5,139.5,130.0,135.6,14792
2015-11-30,138.0,138.0,131.95,132.55,20956
2015-12-01,133.0,136.25,133.0,134.05,11760
2015-12-02,135.8,146.75,132.65,145.05,128420
2015-12-03,145.05,150.0,139.0,140.3,39678
2015-12-04,139.0,146.6,136.8,141.05,13569
2015-12-07,142.0,145.0,140.1,141.3,9660
2015-12-08,144.4,145.0,139.0,139.85,14179
2015-12-09,139.65,139.65,132.0,132.35,18561
2015-12-10,133.0,138.1,131.0,136.95,8941
2015-12-11,136.75,137.0,130.05,132.0,14258
2015-12-14,131.0,135.0,125.75,130.75,17807
2015-12-15,130.05,142.0,126.5,139.9,22143
2015-12-16,139.0,148.45,138.2,144.9,67349
2015-12-17,148.0,149.0,142.2,148.35,34542
2015-12-18,147.6,147.9,142.0,142.9,10705
2015-12-21,142.8,148.0,140.0,143.3,21901
2015-12-22,146.95,151.9,142.1,147.4,120161
2015-12-23,146.6,150.15,143.2,144.55,19613
2015-12-24,144.5,162.0,144.5,157.9,304546
2015-12-28,160.4,167.9,159.9,162.45,271086
2015-12-29,164.0,164.65,156.5,158.9,69279
2015-12-30,160.0,163.0,157.0,158.7,33525
2015-12-31,163.0,168.0,162.0,163.85,159759
2016-01-01,164.5,165.9,161.25,162.85,32538
2016-01-04,162.8,164.7,156.6,158.05,35108
2016-01-05,156.0,161.95,156.0,159.1,16009
2016-01-06,159.0,162.2,148.0,149.35,88530
2016-01-07,153.0,153.0,137.0,137.9,113492
2016-01-08,142.0,156.3,139.4,154.0,94262
2016-01-11,151.0,151.0,146.5,147.85,46160
2016-01-12,145.2,152.35,144.0,144.9,31416
2016-01-13,145.0,150.0,130.25,140.8,79233
2016-01-14,138.0,145.0,132.8,137.9,32284
2016-01-15,143.0,143.0,134.0,135.35,12736
2016-01-18,134.0,135.9,126.5,127.7,46337
2016-01-19,131.0,133.5,128.0,130.2,20369
2016-01-20,128.0,129.0,123.0,127.55,36557
2016-01-21,127.0,132.0,124.0,126.2,21135
2016-01-22,126.7,134.75,126.7,128.7,29142
2016-01-25,131.5,137.5,129.1,132.65,80995
2016-01-27,132.65,135.4,131.7,133.1,12092
2016-01-28,130.6,134.6,127.0,129.3,4534
2016-01-29,127.05,140.8,127.05,139.65,68441
2016-02-01,150.0,166.2,150.0,164.25,965914
2016-02-02,165.0,165.0,153.2,154.9,126279
2016-02-03,150.65,154.65,148.5,150.5,73931
2016-02-04,153.9,158.1,149.5,149.95,60758
2016-02-05,149.05,150.45,145.0,148.2,37743
2016-02-08,146.25,150.5,143.05,144.0,18264
2016-02-09,141.05,147.0,139.3,140.95,26599
2016-02-10,144.05,146.0,129.0,130.75,61520
2016-02-11,129.0,134.7,124.1,125.3,43811
2016-02-12,127.45,128.2,114.0,123.15,35183
2016-02-15,127.95,140.0,127.95,138.9,46555
2016-02-16,138.05,138.05,128.1,131.4,22718
2016-02-17,130.1,130.1,125.1,128.7,11370
2016-02-18,128.7,137.0,128.7,133.75,22801
2016-02-19,132.0,134.75,127.55,132.7,16048
2016-02-22,131.0,134.6,130.45,132.6,11421
2016-02-23,131.0,133.7,128.15,130.25,82930
2016-02-24,130.25,130.25,128.0,128.75,7501
2016-02-25,128.0,129.9,125.5,128.5,7645
2016-02-26,128.55,132.4,127.05,128.1,6026
2016-02-29,127.0,129.95,126.0,127.85,5089
2016-03-01,127.15,132.3,127.1,131.3,37011
2016-03-02,134.0,136.2,131.5,132.75,20581
2016-03-03,134.05,135.9,132.5,133.55,15038
2016-03-04,132.05,137.7,131.5,136.15,15236
2016-03-08,136.0,142.4,135.2,135.65,15968
2016-03-09,134.1,139.9,134.1,136.7,15365
2016-03-10,139.9,141.5,132.25,134.6,19999
2016-03-11,136.0,137.5,134.0,134.9,18988
2016-03-14,136.95,137.35,132.3,133.5,8108
2016-03-15,134.2,141.6,134.2,137.15,20399
2016-03-16,137.0,139.85,135.0,137.35,19202
2016-03-17,137.0,151.0,135.2,141.6,148903
2016-03-18,141.6,161.8,141.6,156.5,581267
2016-03-21,159.7,165.8,155.0,159.15,296856
2016-03-22,159.15,162.9,154.4,156.2,120916
2016-03-23,158.0,163.3,156.55,159.4,47353
2016-03-28,163.9,180.7,161.15,170.85,696734
2016-03-29,174.5,183.5,171.1,179.3,401268
2016-03-30,180.1,184.8,178.0,179.65,98186
2016-03-31,179.95,181.9,170.7,178.1,59750
2016-04-01,175.65,179.8,174.0,177.3,28424
2016-04-04,178.0,182.0,175.0,175.55,26434
2016-04-05,175.5,196.4,175.5,189.85,502441
2016-04-06,194.7,198.6,190.6,192.85,217078
2016-04-07,191.2,194.0,182.6,184.95,79344
2016-04-08,182.05,191.0,182.0,187.05,52063
2016-04-11,189.5,189.5,184.0,187.1,40445
2016-04-12,188.5,202.0,186.0,197.8,293192
2016-04-13,198.0,199.4,191.45,192.8,58318
2016-04-18,193.0,195.9,186.1,192.65,28791
2016-04-20,193.0,193.0,182.7,186.3,47632
2016-04-21,186.5,190.9,183.0,186.2,25658
2016-04-22,186.0,205.9,185.0,201.2,334863
2016-04-25,204.0,208.7,202.0,203.8,118776
2016-04-26,201.55,205.0,199.25,201.35,31466
2016-04-27,201.15,210.0,201.1,204.85,115069
2016-04-28,205.0,206.9,201.75,204.0,37543
2016-04-29,202.0,206.0,199.55,202.6,28747
2016-05-02,201.05,217.7,197.25,215.75,185188
2016-05-03,215.0,216.95,210.0,211.25,47818
2016-05-04,210.5,210.5,205.0,206.05,18667
2016-05-05,205.1,209.8,200.15,208.25,13696
2016-05-06,215.0,215.0,202.0,203.85,15327
2016-05-09,204.0,209.7,198.35,200.75,34143
2016-05-10,200.75,209.7,196.2,205.7,38937
2016-05-11,203.15,209.9,200.0,202.95,27894
2016-05-12,204.2,206.8,202.0,204.4,15154
2016-05-13,203.05,209.7,195.1,199.35,45955
2016-05-16,201.3,205.0,198.1,203.05,42398
2016-05-17,204.5,205.0,196.3,198.35,18781
2016-05-18,199.6,219.1,197.05,213.95,126607
2016-05-19,215.0,221.7,207.65,209.85,114735
2016-05-20,213.0,220.95,210.0,218.15,166151
2016-05-23,230.0,237.8,225.5,230.35,438603
2016-05-24,231.0,232.5,224.0,228.55,91686
2016-05-25,228.55,236.4,224.35,234.65,126236
2016-05-26,233.0,239.8,225.1,226.65,132049
2016-05-27,226.65,229.0,219.4,221.15,62254
2016-05-30,221.5,226.5,218.15,219.45,69331
2016-05-31,220.85,220.85,213.0,215.35,35493
2016-06-01,219.0,224.5,215.8,219.1,51969
2016-06-02,219.85,222.0,217.2,220.85,13481
2016-06-03,227.0,227.0,216.3,222.35,63286
2016-06-06,223.95,225.85,221.55,223.9,26952
2016-06-07,223.05,249.0,223.0,246.35,234344
2016-06-08,246.45,247.9,237.45,240.2,90382
2016-06-09,240.0,241.2,234.25,237.4,25047
2016-06-10,236.95,242.55,230.4,232.65,115552
2016-06-13,234.9,238.9,230.3,237.6,90998
2016-06-14,239.9,248.0,237.95,242.25,119549
2016-06-15,245.0,247.25,239.0,242.3,45228
2016-06-16,244.9,244.9,238.1,242.6,68015
2016-06-17,241.9,257.5,240.3,249.55,141207
2016-06-20,248.0,256.7,247.8,255.25,83992
2016-06-21,256.0,261.0,253.0,258.7,62865
2016-06-22,260.75,264.0,258.0,260.2,44016
2016-06-23,260.1,262.0,250.3,257.3,48893
2016-06-24,253.0,253.0,236.0,244.85,105090
2016-06-27,247.0,255.0,246.35,250.3,21805
2016-06-28,250.95,257.05,250.95,254.8,36452
2016-06-29,255.0,266.6,255.0,263.75,68821
2016-06-30,265.05,282.5,264.8,277.7,139393
2016-07-01,278.0,288.0,265.0,268.55,440648
2016-07-04,268.05,276.45,268.05,272.15,76316
2016-07-05,274.65,276.6,270.0,274.25,42250
2016-07-07,271.1,276.0,270.0,273.1,32046
2016-07-08,274.85,276.0,270.05,274.4,40362
2016-07-11,277.25,281.0,270.5,277.8,45210
2016-07-12,276.7,280.75,276.0,277.2,29033
2016-07-13,278.1,279.0,273.15,274.95,16864
2016-07-14,272.15,276.95,249.75,262.7,125905
2016-07-15,264.6,268.8,259.15,263.25,29092
2016-07-18,264.55,275.65,264.1,267.35,63690
2016-07-19,268.0,272.0,265.0,269.1,44073
2016-07-20,266.85,271.9,266.85,270.2,16928
2016-07-21,269.95,273.6,265.0,266.7,21084
2016-07-22,272.9,272.9,266.0,267.1,17494
2016-07-25,269.7,276.45,265.65,266.7,42678
2016-07-26,268.8,272.4,267.0,270.35,35032
2016-07-27,270.0,273.0,269.15,272.35,21280
2016-07-28,270.75,284.0,270.75,282.15,52426
2016-07-29,282.15,296.5,280.55,294.4,118938
2016-08-01,310.0,314.0,293.4,299.15,149128
2016-08-02,298.0,304.0,296.0,301.25,36953
2016-08-03,303.8,303.8,291.05,292.9,30953
2016-08-04,299.95,299.95,287.8,290.35,33192
2016-08-05,292.0,298.3,288.5,291.7,21989
2016-08-08,291.45,307.65,291.45,305.95,82615
2016-08-09,306.95,306.95,296.1,299.35,31200
2016-08-10,299.0,301.95,292.6,298.5,25449
2016-08-11,296.85,300.25,296.85,299.8,14816
2016-08-12,299.8,301.95,290.0,293.1,29851
2016-08-16,293.85,299.9,289.1,290.3,21962
2016-08-17,286.0,300.0,286.0,295.15,10054
2016-08-18,295.4,298.95,295.0,296.0,15357
2016-08-19,296.05,298.8,294.0,296.0,12429
2016-08-22,294.05,299.0,289.35,290.6,24767
2016-08-23,286.1,297.9,286.1,295.7,21757
2016-08-24,297.55,300.0,291.1,294.25,15284
2016-08-25,292.0,306.95,292.0,298.3,36626
2016-08-26,299.25,302.05,294.0,298.15,19936
2016-08-29,301.0,304.1,288.1,291.75,20141
2016-08-30,293.0,296.5,286.1,289.6,20854
2016-08-31,290.0,293.05,286.1,287.65,14530
2016-09-01,287.0,292.95,283.0,284.55,15365
2016-09-02,283.15,289.0,281.55,283.75,9310
2016-09-06,282.95,289.0,278.15,284.0,13243
2016-09-07,284.05,291.55,284.0,287.35,51459
2016-09-08,285.45,291.0,285.25,287.15,14609
2016-09-09,285.0,289.95,285.0,288.75,15755
2016-09-12,288.75,288.9,266.0,278.3,24599
2016-09-14,272.0,290.0,272.0,288.1,12217
2016-09-15,288.55,295.0,288.05,290.0,9843
2016-09-16,291.95,300.0,290.2,298.4,50559
2016-09-19,293.3,328.8,293.3,319.7,309972
2016-09-20,320.8,323.8,312.0,315.15,76063
2016-09-21,317.9,322.0,311.5,313.0,32963
2016-09-22,319.0,319.0,314.1,315.5,25231
2016-09-23,319.0,322.8,302.9,313.3,39199
2016-09-26,321.0,321.9,311.9,315.05,13044
2016-09-27,316.1,316.1,309.75,312.8,18020
2016-09-28,313.75,319.9,311.1,317.55,19387
2016-09-29,317.45,319.0,281.0,290.85,51362
2016-09-30,293.8,302.0,287.95,297.45,15433
2016-10-03,297.45,311.9,297.45,310.0,15420
2016-10-04,309.95,317.0,301.0,311.55,19464
2016-10-05,311.5,324.0,311.5,316.55,30001
2016-10-06,317.05,322.0,311.0,313.85,26177
2016-10-07,312.95,320.0,309.05,315.75,7673
2016-10-10,315.5,320.0,310.6,312.3,25628
2016-10-13,308.0,317.7,305.0,307.35,9600
2016-10-14,305.0,310.0,305.0,308.6,7624
2016-10-17,312.0,331.0,310.0,326.4,72962
2016-10-18,331.0,335.95,320.0,322.85,38046
2016-10-19,323.0,333.0,323.0,328.3,21735
2016-10-20,333.05,374.9,333.05,357.05,269972
2016-10-21,357.5,365.0,352.65,358.95,51915
2016-10-24,361.0,372.15,360.95,369.5,74989
2016-10-25,365.0,365.0,309.95,332.0,183833
2016-10-26,338.5,341.0,328.15,330.7,58742
2016-10-27,335.95,335.95,328.75,332.1,28755
2016-10-28,335.4,341.5,328.5,335.75,27628
2016-10-30,336.1,344.8,336.1,339.0,18282
2016-11-01,349.9,349.9,336.1,337.5,43792
2016-11-02,336.1,349.9,328.0,342.0,58098
2016-11-03,344.4,380.05,338.55,354.15,279612
2016-11-04,357.0,363.8,345.0,351.15,62207
2016-11-07,369.0,369.0,340.0,346.2,39626
2016-11-08,346.2,360.0,336.0,338.75,60440
2016-11-09,306.0,332.0,288.0,328.35,66078
2016-11-10,336.6,348.95,334.35,337.3,46481
2016-11-11,340.9,344.4,316.6,319.45,68179
2016-11-15,328.0,328.0,273.1,281.55,156478
2016-11-16,289.0,301.0,282.65,296.5,69122
2016-11-17,305.4,305.4,288.05,294.75,49716
2016-11-18,301.0,301.0,291.1,293.4,49440
2016-11-21,291.05,298.15,275.1,281.95,61728
2016-11-22,281.95,296.0,280.95,291.35,33530
2016-11-23,295.9,305.3,290.2,301.7,51305
2016-11-24,300.0,309.85,296.0,307.8,12927
2016-11-25,302.55,319.0,302.5,312.4,19500
2016-11-28,306.1,321.95,306.1,315.35,11869
2016-11-29,311.05,318.95,308.65,311.15,30498
2016-11-30,318.95,322.0,305.0,316.7,28890
2016-12-01,318.0,318.95,307.0,309.75,9882
2016-12-02,310.0,310.85,298.0,301.25,12833
2016-12-05,297.2,309.35,297.2,304.25,5242
2016-12-06,302.3,315.5,302.3,311.1,15866
2016-12-07,308.15,317.25,305.0,307.0,12114
2016-12-08,307.0,318.85,301.0,313.9,10786
2016-12-09,313.9,325.0,313.9,317.75,19374
2016-12-12,318.8,320.0,311.0,312.9,5267
2016-12-13,312.5,332.0,312.5,325.6,69560
2016-12-14,326.0,338.0,325.0,327.65,25396
2016-12-15,319.75,344.5,319.75,342.25,42548
2016-12-16,341.55,341.9,332.5,336.0,11622
2016-12-19,333.05,338.5,327.8,331.65,8753
2016-12-20,332.0,333.95,321.2,322.1,11002
2016-12-21,329.45,329.45,317.1,320.05,7077
2016-12-22,312.55,320.75,312.55,314.4,7207
2016-12-23,314.4,316.95,310.55,315.1,5158
2016-12-26,322.0,322.4,305.0,306.7,9190
2016-12-27,311.95,318.95,300.0,314.85,13781
2016-12-28,314.85,321.7,312.0,313.1,8332
2016-12-29,312.1,320.0,312.0,315.15,19353
2016-12-30,315.0,322.0,312.6,321.15,25720
2017-01-02,314.8,338.0,314.8,332.9,16639
2017-01-03,327.0,343.8,327.0,341.95,20545
2017-01-04,335.55,350.0,335.55,343.5,12799
2017-01-05,337.0,346.0,337.0,340.55,7049
2017-01-06,340.0,340.7,331.0,332.05,7750
2017-01-09,332.1,334.9,326.55,327.75,6304
2017-01-10,327.0,339.9,327.0,335.75,5555
2017-01-11,336.95,346.0,330.0,344.9,14417
2017-01-12,349.0,352.0,343.05,346.4,10532
2017-01-13,343.25,352.0,341.25,343.65,9693
2017-01-16,345.0,346.8,333.0,340.6,13423
2017-01-17,344.05,344.75,336.0,342.0,9701
2017-01-18,338.0,350.0,338.0,345.0,7255
2017-01-19,344.7,348.95,337.1,343.75,6946
2017-01-20,344.75,345.0,341.0,341.85,7288
2017-01-23,339.8,351.8,339.8,349.9,11935
2017-01-24,349.0,367.3,349.0,362.85,31562
2017-01-25,368.95,368.95,361.3,363.2,9447
2017-01-27,366.0,369.0,355.5,357.95,22777
2017-01-30,358.5,365.15,340.3,343.05,21037
2017-01-31,345.0,356.8,333.0,348.55,39461
2017-02-01,358.95,358.95,337.45,345.35,30265
2017-02-02,351.95,355.5,343.75,354.8,35372
2017-02-03,356.2,359.0,346.95,352.25,35513
2017-02-06,350.55,360.0,350.0,352.5,14847
2017-02-07,379.6,379.6,353.5,357.65,99220
2017-02-08,354.85,366.9,354.85,356.65,9826
2017-02-09,355.05,358.85,347.25,350.7,17332
2017-02-10,351.0,353.95,341.0,342.05,18018
2017-02-13,369.0,369.0,338.0,339.25,16387
2017-02-14,341.3,344.0,336.15,337.75,8182
2017-02-15,338.0,341.0,329.0,331.6,13921
2017-02-16,339.95,340.0,331.6,336.8,8672
2017-02-17,340.0,340.85,332.8,334.15,8447
2017-02-20,332.8,345.0,332.65,334.45,13595
2017-02-21,342.95,345.0,333.35,338.05,63627
2017-02-22,343.0,343.0,329.0,334.45,7268
2017-02-23,331.65,338.8,330.05,336.45,8038
2017-02-27,336.05,336.05,329.5,332.2,19035
2017-02-28,330.7,335.0,330.2,331.2,9378
2017-03-01,331.3,337.45,328.3,331.35,21467
2017-03-02,331.0,336.9,331.0,335.1,10423
2017-03-03,335.15,343.7,331.0,337.0,24328
2017-03-06,339.45,343.0,333.0,333.95,12329
2017-03-07,336.95,337.0,332.0,333.6,8657
2017-03-08,332.85,337.15,332.5,334.05,5532
2017-03-09,331.2,335.8,331.2,333.15,7817
2017-03-10,331.3,336.5,331.3,334.7,9161
2017-03-14,338.55,345.0,335.8,337.6,11672
2017-03-15,340.85,340.9,334.1,335.45,6719
2017-03-16,336.0,339.85,335.85,337.0,9287
2017-03-17,338.05,347.5,338.0,345.0,28463
2017-03-20,340.2,352.0,336.6,341.65,49775
2017-03-21,357.0,368.0,351.65,353.8,210244
2017-03-22,350.0,360.0,342.5,358.2,30194
2017-03-23,360.0,363.9,352.0,354.2,15978
2017-03-24,358.9,358.9,351.55,353.35,15455
2017-03-27,358.0,368.65,350.0,365.65,46757
2017-03-28,368.5,401.8,366.0,379.45,252990
2017-03-29,380.5,399.0,380.5,385.9,52120
2017-03-30,387.8,392.65,380.0,381.75,19340
2017-03-31,384.95,390.0,375.95,378.95,14145
2017-04-03,377.0,382.0,374.0,377.8,25722
2017-04-05,382.0,395.85,377.0,392.4,48672
2017-04-06,392.95,395.9,383.0,394.6,22074
2017-04-07,383.0,394.85,382.0,384.15,25236
2017-04-10,383.75,394.0,375.1,379.65,54368
2017-04-11,388.95,388.95,376.3,377.6,16192
2017-04-12,385.85,385.85,372.0,376.6,12148
2017-04-13,377.9,382.5,371.0,373.0,27780
2017-04-17,370.25,384.0,370.25,373.7,22152
2017-04-18,380.0,395.0,357.0,375.95,32949
2017-04-19,378.1,387.7,373.75,381.15,10530
2017-04-20,387.0,387.0,377.4,382.45,12771
2017-04-21,379.2,391.6,379.2,388.85,41214
2017-04-24,399.0,399.5,392.15,395.2,99120
2017-04-25,397.0,398.0,392.1,393.0,22877
2017-04-26,388.7,395.9,382.85,385.55,25333
2017-04-27,389.7,395.9,385.05,386.65,58068
2017-04-28,389.0,392.8,380.5,387.35,13827
2017-05-02,390.0,393.0,386.05,387.85,21212
2017-05-03,393.0,394.95,388.5,389.5,23324
2017-05-04,389.95,399.8,389.95,395.45,69335
2017-05-05,395.9,399.0,393.15,394.8,42491
2017-05-08,391.15,397.9,387.25,387.9,20865
2017-05-09,393.65,393.7,388.05,390.7,14682
2017-05-10,392.5,397.7,390.0,390.85,25502
2017-05-11,396.0,397.0,386.25,387.65,41976
2017-05-12,375.2,375.55,343.95,359.8,138712
2017-05-15,360.0,368.55,351.45,365.7,36115
2017-05-16,362.5,370.0,361.45,369.2,26854
2017-05-17,370.95,377.0,367.05,376.05,21049
2017-05-18,374.0,374.0,362.5,364.05,18162
2017-05-19,373.85,382.0,368.6,376.25,55199
2017-05-22,379.8,380.65,366.95,370.4,23599
2017-05-23,365.1,373.0,356.75,369.15,14848
2017-05-24,369.0,369.0,344.0,347.5,31675
2017-05-25,355.95,368.0,347.0,363.25,17518
2017-05-26,369.9,369.9,349.8,354.4,8866
2017-05-29,359.45,361.9,345.0,359.9,19954
2017-05-30,352.75,355.9,350.0,351.4,7834
2017-05-31,352.1,357.9,351.8,355.5,4494
2017-06-01,362.8,363.05,351.0,351.2,11770
2017-06-02,352.7,357.25,350.05,351.25,11570
2017-06-05,350.0,350.0,345.2,348.2,12377
2017-06-06,348.2,364.0,346.05,361.6,19456
2017-06-07,355.0,357.65,351.0,351.65,4690
2017-06-08,355.85,355.85,350.0,353.7,5244
2017-06-09,350.5,364.0,350.05,359.35,29487
2017-06-12,350.6,364.0,350.6,358.5,13510
2017-06-13,355.0,358.0,349.0,350.2,8978
2017-06-14,350.7,354.6,346.0,349.3,7546
2017-06-15,352.8,352.8,342.0,343.6,20082
2017-06-16,345.0,348.0,341.05,343.4,48619
2017-06-19,340.0,346.1,336.1,343.1,23381
2017-06-20,344.05,346.5,337.4,341.05,12888
2017-06-21,336.2,343.5,333.2,336.7,60940
2017-06-22,335.1,340.0,331.15,335.2,21064
2017-06-23,335.0,337.0,326.0,327.8,11688
2017-06-27,329.65,333.0,328.0,332.5,16811
2017-06-28,332.1,338.35,325.0,328.8,10296
2017-06-29,333.8,344.0,326.0,337.6,19456
2017-06-30,340.65,340.65,331.0,337.25,19064
2017-07-03,333.4,339.0,331.5,335.5,28648
2017-07-04,338.4,338.45,332.1,337.55,14965
2017-07-05,341.95,346.9,333.0,337.4,26811
2017-07-06,346.0,358.0,337.8,353.1,50187
2017-07-07,374.0,382.25,355.55,358.15,312625
2017-07-10,375.0,375.0,360.0,368.35,18362
2017-07-11,368.35,372.9,358.1,361.45,41798
2017-07-12,362.0,365.0,357.35,358.65,29902
2017-07-13,358.65,365.5,358.65,363.85,25913
2017-07-14,367.0,367.0,355.9,358.9,23454
2017-07-17,359.0,370.0,357.05,362.85,31527
2017-07-18,364.05,364.05,357.1,361.5,20468
2017-07-19,358.3,360.9,339.8,355.9,20056
2017-07-20,357.65,358.15,353.0,354.6,11268
2017-07-21,354.75,359.0,349.05,351.65,22208
2017-07-24,357.5,358.0,350.0,350.5,26549
2017-07-25,354.8,354.8,347.1,348.4,12875
2017-07-26,351.75,351.75,341.25,343.3,27899
2017-07-27,349.5,349.5,330.0,333.3,40483
2017-07-28,326.7,340.0,313.0,332.35,31700
2017-07-31,334.95,345.0,328.25,330.8,26520
2017-08-01,336.0,336.0,326.55,330.7,15009
2017-08-02,330.0,330.0,321.0,322.95,22142
2017-08-03,321.0,324.95,317.05,318.6,22205
2017-08-04,318.65,323.0,317.6,320.75,16221
2017-08-07,321.95,332.0,318.0,329.15,22836
2017-08-08,335.0,335.05,325.0,329.25,126402
2017-08-09,330.05,330.25,320.0,320.55,17351
2017-08-10,320.6,323.3,294.0,302.85,34629
2017-08-11,304.0,309.0,294.0,306.0,49059
2017-08-14,305.0,318.8,305.0,312.85,9023
2017-08-16,312.9,318.7,309.4,312.75,14237
2017-08-17,318.0,318.0,310.0,312.1,13275
2017-08-18,309.0,314.95,308.05,312.9,7682
2017-08-21,313.0,315.0,311.75,313.0,8673
2017-08-22,314.1,314.1,310.1,311.05,7000
2017-08-23,309.4,313.65,308.55,310.5,13247
2017-08-24,311.0,315.2,310.25,311.3,7695
2017-08-28,310.3,316.0,310.1,311.65,18308
2017-08-29,310.15,312.0,308.05,309.1,8812
2017-08-30,311.45,316.0,308.2,309.1,15413
2017-08-31,309.6,327.5,309.6,324.3,23405
2017-09-01,323.8,342.95,323.8,339.4,41161
2017-09-04,336.05,362.45,336.05,341.7,37854
2017-09-05,343.1,347.4,335.1,338.15,15853
2017-09-06,337.2,343.95,337.15,342.4,12426
2017-09-07,343.0,344.8,336.05,340.95,18232
2017-09-08,340.15,346.65,336.0,337.1,13936
2017-09-11,343.65,343.65,330.25,338.15,15737
2017-09-12,335.3,350.0,333.9,346.0,16893
2017-09-13,343.5,346.8,336.0,339.3,8275
2017-09-14,338.0,367.9,333.1,358.9,54805
2017-09-15,356.95,385.0,350.0,383.3,132618
2017-09-18,383.0,391.95,376.0,378.25,53752
2017-09-19,376.3,376.3,368.0,371.7,16362
2017-09-20,371.5,374.0,368.1,369.15,8223
2017-09-21,368.0,375.15,362.0,372.0,12940
2017-09-22,372.0,372.0,349.7,352.5,11465
2017-09-25,356.45,356.5,331.4,340.1,16607
2017-09-26,344.85,344.85,334.5,341.45,17335
2017-09-27,343.0,346.8,328.0,334.55,18231
2017-09-28,334.55,339.5,328.55,332.15,11902
2017-09-29,338.75,347.0,332.1,339.25,25570
2017-10-03,339.25,347.0,333.3,339.25,7950
2017-10-04,344.0,356.6,339.0,351.85,30646
2017-10-05,351.85,380.8,351.85,375.25,59681
2017-10-06,377.0,382.9,371.5,376.65,22131
2017-10-09,374.0,419.0,371.2,389.6,223584
2017-10-10,390.0,395.95,382.85,387.35,57016
2017-10-11,387.35,398.35,377.5,384.1,81175
2017-10-12,381.1,409.0,381.1,401.3,141334
2017-10-13,400.0,438.0,400.0,418.65,422220
2017-10-16,426.7,432.05,406.5,413.4,100888
2017-10-17,411.4,423.4,407.0,410.9,113928
2017-10-18,413.9,418.0,411.0,412.3,31800
2017-10-19,415.8,415.95,409.1,411.4,12343
2017-10-23,408.0,419.5,408.0,417.25,37921
2017-10-24,419.95,429.9,413.25,421.5,41143
2017-10-25,422.15,427.0,417.0,420.6,22312
2017-10-26,418.0,424.0,409.0,422.6,26524
2017-10-27,422.6,429.85,412.0,413.4,20376
2017-10-30,413.4,444.8,413.4,441.9,100203
2017-10-31,478.0,530.25,465.3,518.85,1629312
2017-11-01,523.7,537.3,496.1,509.0,475110
2017-11-02,512.45,523.0,502.55,508.8,141568
2017-11-03,504.05,525.0,497.0,515.15,259845
2017-11-06,515.0,577.7,512.1,568.55,674412
2017-11-07,575.0,579.9,525.35,569.9,240124
2017-11-08,576.0,599.3,543.55,555.2,296946
2017-11-09,565.75,579.0,553.5,563.5,247569
2017-11-10,563.5,577.3,555.0,571.75,106731
2017-11-13,571.2,598.0,559.1,576.75,290773
2017-11-14,579.55,584.95,565.0,570.6,110680
2017-11-15,571.55,572.5,539.95,547.25,93462
2017-11-16,552.9,556.5,537.0,539.7,102516
2017-11-17,562.0,635.9,550.1,613.1,1329489
2017-11-20,620.0,622.85,594.45,607.6,183227
2017-11-21,607.0,624.4,605.05,607.95,276268
2017-11-22,611.0,613.2,596.3,601.3,90552
2017-11-23,606.75,667.7,605.0,648.65,667597
2017-11-24,651.2,654.2,629.65,638.2,170605
2017-11-27,641.0,650.0,631.0,637.35,113872
2017-11-28,640.0,643.75,627.0,632.1,59035
2017-11-29,636.0,638.95,611.1,621.25,46292
2017-11-30,621.25,628.0,606.0,617.15,53683
2017-12-01,620.6,624.5,586.0,597.95,69424
2017-12-04,587.15,659.8,587.15,630.2,267032
2017-12-05,638.9,674.5,637.05,642.8,673519
2017-12-06,645.0,651.95,611.2,616.1,123992
2017-12-07,623.0,645.05,617.0,629.3,96303
2017-12-08,632.0,655.0,630.1,639.0,108041
2017-12-11,644.0,659.0,642.0,650.1,123800
2017-12-12,650.0,675.0,641.25,655.45,111490
2017-12-13,656.45,659.95,619.0,627.85,75407
2017-12-14,630.05,644.0,623.45,627.9,53500
2017-12-15,637.0,644.35,632.0,635.75,36595
2017-12-18,640.0,663.9,590.0,640.05,98435
2017-12-19,647.0,657.6,641.0,647.75,25382
2017-12-20,651.95,660.0,638.2,648.0,65570
2017-12-21,651.9,659.8,646.0,657.05,34863
2017-12-22,657.0,666.6,630.8,663.8,65530
2017-12-26,665.0,674.0,653.05,655.9,42213
2017-12-27,658.0,658.6,632.0,641.55,37434
2017-12-28,647.9,647.9,633.2,635.25,34404
2017-12-29,640.0,649.9,632.85,637.35,28055
2018-01-01,640.1,646.8,631.0,634.4,20595
2018-01-02,640.0,640.0,623.1,625.85,23832
2018-01-03,626.0,637.0,619.25,627.35,30180
2018-01-04,628.0,636.0,610.6,616.65,68045
2018-01-05,616.0,668.8,606.0,660.4,274357
2018-01-08,665.9,772.8,660.4,753.7,903860
2018-01-09,754.8,760.75,710.6,721.7,178951
2018-01-10,727.4,732.25,702.6,709.75,97195
2018-01-11,710.0,782.0,702.5,729.25,389559
2018-01-12,731.0,767.0,721.0,735.65,147883
2018-01-15,736.0,757.05,735.1,741.95,64711
2018-01-16,744.65,747.5,711.0,714.65,51774
2018-01-17,715.7,738.95,680.1,712.05,97867
2018-01-18,719.0,738.5,670.0,691.6,97036
2018-01-19,691.0,704.0,677.0,692.75,54855
2018-01-22,692.75,705.0,690.2,700.75,34262
2018-01-23,700.75,735.0,700.75,711.65,68314
2018-01-24,715.05,734.8,703.65,728.7,94083
2018-01-25,737.9,753.3,730.1,747.1,208166
2018-01-29,757.95,760.0,713.0,720.95,84333
2018-01-30,724.0,724.0,677.0,681.85,115025
2018-01-31,674.0,684.45,651.2,656.65,57021
2018-02-01,656.2,685.0,656.2,679.65,74249
2018-02-02,666.0,678.5,612.1,622.55,123273
2018-02-05,580.1,635.0,580.1,624.25,62629
2018-02-06,570.0,603.55,550.0,586.4,93139
2018-02-07,600.1,639.1,587.0,612.25,56734
2018-02-08,617.9,648.9,617.9,641.1,64009
2018-02-09,610.95,655.0,605.2,644.65,56446
2018-02-12,665.0,689.0,657.1,673.05,80022
2018-02-14,677.0,698.0,662.35,669.95,56832
2018-02-15,678.7,687.4,650.0,654.2,30414
2018-02-16,653.0,670.0,641.35,650.15,27813
2018-02-19,656.0,662.05,625.0,633.0,24902
2018-02-20,632.95,672.05,630.1,658.1,54922
2018-02-21,665.9,671.65,648.05,654.75,26550
2018-02-22,650.0,658.9,641.15,652.45,13283
2018-02-23,669.45,678.0,654.5,665.35,62334
2018-02-26,669.5,678.7,661.2,663.55,32228
2018-02-27,668.0,670.0,655.3,661.15,23293
2018-02-28,651.0,651.5,621.5,642.35,26347
2018-03-01,642.25,655.15,625.9,630.8,51648
2018-03-05,630.8,639.8,623.05,627.45,23659
2018-03-06,633.0,635.05,613.0,616.45,25742
2018-03-07,608.25,615.35,585.0,592.95,44422
2018-03-08,594.05,605.05,572.1,595.55,57320
2018-03-09,596.2,607.45,573.0,576.4,33316
2018-03-12,583.0,588.0,567.65,572.65,31048
2018-03-13,574.95,595.0,568.55,580.95,55774
2018-03-14,580.95,613.95,580.95,608.5,158396
2018-03-15,612.3,634.9,610.0,629.05,76139
2018-03-16,622.5,626.1,592.85,600.3,44115
2018-03-19,600.0,607.4,580.1,582.95,41417
2018-03-20,572.5,605.0,572.5,582.75,41746
2018-03-21,586.3,609.75,581.0,583.1,32784
2018-03-22,587.8,590.25,571.3,573.35,30248
2018-03-23,560.0,578.95,560.0,573.95,42750
2018-03-26,565.25,590.0,560.0,574.65,31812
2018-03-27,576.05,589.0,569.85,571.6,29508
2018-03-28,570.0,573.1,556.65,561.05,31449
2018-04-02,563.5,595.0,563.5,590.15,25230
2018-04-03,582.15,594.8,576.1,587.5,20192
2018-04-04,589.95,610.0,586.15,589.8,35891
2018-04-05,601.55,615.0,601.5,604.3,29966
2018-04-06,597.0,632.0,597.0,622.6,37456
2018-04-09,627.95,653.95,625.0,631.8,69059
2018-04-10,637.6,664.85,630.85,650.9,58658
2018-04-11,651.0,662.05,641.75,656.7,44075
2018-04-12,656.7,684.8,650.0,672.2,57511
2018-04-13,674.9,689.0,670.0,672.45,33188
2018-04-16,657.0,677.85,657.0,674.15,29582
2018-04-17,678.1,693.0,670.1,674.9,30730
2018-04-18,682.5,689.0,671.0,676.2,28790
2018-04-19,678.5,685.5,668.85,674.4,12154
2018-04-20,679.9,686.85,668.95,677.05,17070
2018-04-23,676.95,700.0,665.6,680.05,23411
2018-04-24,679.8,689.9,675.0,682.7,24633
2018-04-25,682.0,699.0,666.05,690.15,39647
2018-04-26,690.15,725.0,685.3,709.9,92633
2018-04-27,724.0,730.0,711.0,716.2,54477
2018-04-30,716.25,728.45,702.3,713.6,29299
2018-05-02,711.8,718.85,670.35,680.3,37483
2018-05-03,685.0,685.0,665.25,669.75,27787
2018-05-04,669.2,693.9,650.95,662.35,33005
2018-05-07,663.7,675.15,655.2,661.1,10374
2018-05-08,660.15,681.5,651.0,661.3,35411
2018-05-09,661.6,681.5,634.8,666.6,27186
2018-05-10,667.4,675.0,667.05,670.55,24439
2018-05-11,665.0,674.65,655.0,661.0,22085
2018-05-14,665.0,679.0,647.25,653.9,35030
2018-05-15,655.0,681.0,644.1,647.25,49366
2018-05-16,645.9,645.9,626.25,636.0,21783
2018-05-17,635.85,644.0,629.95,637.45,18123
2018-05-18,636.0,643.45,625.25,633.6,28503
2018-05-21,635.0,636.05,592.8,595.35,29975
2018-05-22,586.0,605.45,580.0,586.8,19761
2018-05-23,590.0,602.65,566.8,570.45,32032
2018-05-24,571.0,595.0,571.0,588.4,13599
2018-05-25,588.0,618.0,588.0,612.85,23782
2018-05-28,618.0,630.9,611.55,627.75,14555
2018-05-29,627.75,630.0,611.3,616.05,7132
2018-05-30,610.0,633.7,601.35,607.8,12269
2018-05-31,604.0,620.95,592.0,595.35,18164
2018-06-01,597.0,605.0,579.95,587.0,17943
2018-06-04,591.95,598.25,560.0,567.25,23171
2018-06-05,567.25,567.25,518.0,522.15,45388
2018-06-06,524.05,565.7,506.85,561.25,51516
2018-06-07,567.7,609.95,566.45,598.0,27468
2018-06-08,598.0,610.9,583.0,595.75,15055
2018-06-11,595.75,620.0,590.0,613.8,16735
2018-06-12,618.0,632.75,611.3,618.9,18150
2018-06-13,615.1,621.9,594.1,598.25,17329
2018-06-14,597.9,618.7,590.4,609.6,24418
2018-06-15,605.15,613.0,593.25,601.7,13183
2018-06-18,595.0,608.0,594.8,599.65,21431
2018-06-19,594.0,595.1,576.0,581.05,15388
2018-06-20,587.0,599.0,585.0,590.8,19637
2018-06-21,600.0,604.95,585.0,590.65,14278
2018-06-22,590.25,598.0,584.95,592.5,5315
2018-06-25,599.15,599.15,581.1,583.7,7231
2018-06-26,580.0,583.0,572.0,574.8,19028
2018-06-27,570.0,575.25,541.3,551.05,34227
2018-06-28,549.95,549.95,526.1,529.6,18060
2018-06-29,529.65,561.7,529.65,551.0,26771
2018-07-02,551.35,565.0,521.0,525.45,24590
2018-07-03,525.45,547.0,511.0,538.85,14222
2018-07-04,538.85,550.85,532.5,535.75,10753
2018-07-05,530.35,542.0,525.0,531.0,5545
2018-07-06,529.9,535.5,521.0,531.2,9934
2018-07-09,535.25,544.65,532.0,539.4,18825
2018-07-10,540.0,546.0,539.0,543.35,17686
2018-07-11,538.5,577.6,535.55,554.6,22556
2018-07-12,561.9,566.25,533.0,536.75,19360
2018-07-13,536.75,546.0,527.6,533.7,9975
2018-07-16,530.0,530.65,497.8,503.2,24144
2018-07-17,504.05,516.5,475.0,492.5,86646
2018-07-18,493.0,514.75,493.0,505.5,17005
2018-07-19,505.5,523.15,496.0,500.3,11209
2018-07-20,499.85,510.0,485.0,497.85,18343
2018-07-23,508.95,528.4,497.1,523.8,31986
2018-07-24,537.1,596.5,537.1,574.95,189762
2018-07-25,580.6,580.65,555.8,567.25,33909
2018-07-26,572.65,572.65,547.5,551.55,20998
2018-07-27,552.6,569.0,551.0,556.9,22893
2018-07-30,567.55,588.0,559.95,580.75,81515
2018-07-31,572.0,591.4,570.05,583.65,31781
2018-08-01,583.75,594.9,573.0,578.1,25528
2018-08-02,578.1,585.0,567.0,569.9,21348
2018-08-03,576.95,583.75,561.05,575.1,35846
2018-08-06,580.6,590.95,567.8,570.95,23205
2018-08-07,571.0,575.45,565.2,570.9,10531
2018-08-08,563.6,573.0,562.0,566.2,20944
2018-08-09,563.0,574.05,553.0,570.0,24691
2018-08-10,574.05,577.45,559.0,561.05,19844
2018-08-13,550.0,557.8,542.65,545.2,13502
2018-08-14,547.0,555.75,545.35,553.6,12868
2018-08-16,556.85,556.85,535.0,537.25,22672
2018-08-17,544.8,553.0,535.0,547.95,28148
2018-08-20,549.65,554.5,540.45,547.75,17906
2018-08-21,554.7,559.5,540.85,554.45,16395
2018-08-23,554.5,561.0,547.45,549.05,31563
2018-08-24,548.6,551.5,535.0,540.7,14713
2018-08-27,541.05,552.0,540.0,546.5,19702
2018-08-28,547.45,565.95,541.0,561.8,73369
2018-08-29,562.0,566.2,551.7,554.2,42477
2018-08-30,558.9,603.0,554.0,583.4,93889
2018-08-31,587.9,598.95,580.0,584.0,44630
2018-09-03,588.7,591.0,571.25,577.0,33265
2018-09-04,585.9,585.9,549.15,556.75,21325
2018-09-05,556.0,562.0,538.1,559.35,27989
2018-09-06,555.05,565.0,545.35,558.55,19401
2018-09-07,563.45,574.95,548.0,568.15,28598
2018-09-10,563.05,568.5,554.45,560.65,16690
2018-09-11,556.0,567.85,529.0,535.1,27136
2018-09-12,540.0,545.05,530.0,539.25,19719
2018-09-14,541.0,551.0,535.9,540.05,20699
2018-09-17,535.45,545.5,530.0,540.9,13721
2018-09-18,537.0,541.75,532.0,534.3,16594
2018-09-19,535.65,540.0,530.0,532.15,10813
2018-09-21,532.0,542.05,502.8,535.95,44882
2018-09-24,530.0,532.95,498.6,512.0,23331
2018-09-25,512.0,512.15,495.1,499.6,20537
2018-09-26,513.9,517.15,503.0,506.95,13464
2018-09-27,507.05,514.0,482.0,489.5,25685
2018-09-28,488.0,505.0,456.75,469.0,28777
2018-10-01,460.0,469.0,435.0,463.7,15943
2018-10-03,463.0,498.55,456.75,481.3,23409
2018-10-04,487.8,487.8,450.05,460.6,23260
2018-10-05,445.3,474.05,440.0,447.05,20071
2018-10-08,436.05,461.75,427.05,442.0,19548
2018-10-09,446.5,475.0,435.0,447.2,15957
2018-10-10,460.0,479.85,451.0,475.15,24914
2018-10-11,460.0,469.9,442.0,458.15,12081
2018-10-12,458.4,481.0,458.35,471.1,13288
2018-10-15,475.0,479.0,466.55,472.9,12413
2018-10-16,474.2,514.0,474.0,497.85,21240
2018-10-17,511.95,518.35,497.75,506.75,21438
2018-10-19,506.75,506.75,474.15,488.75,20338
2018-10-22,485.0,495.0,410.0,437.9,34150
2018-10-23,442.0,442.0,425.0,432.6,18696
2018-10-24,447.0,452.0,435.3,447.2,25054
2018-10-25,441.0,441.0,427.85,436.4,8869
2018-10-26,437.0,444.45,431.45,434.45,7521
2018-10-29,433.25,469.65,427.75,453.85,30156
2018-10-30,453.85,461.85,442.2,452.6,12161
2018-10-31,459.5,472.55,450.0,453.95,17750
2018-11-01,447.0,451.15,429.35,431.6,98676
2018-11-02,433.0,458.0,433.0,440.3,70994
2018-11-05,445.0,452.9,433.2,434.95,30359
2018-11-06,438.45,443.0,434.55,437.8,11977
2018-11-07,439.8,449.7,439.8,445.9,7127
2018-11-09,453.0,453.0,438.0,445.25,59819
2018-11-12,449.9,477.05,445.5,464.15,54571
2018-11-13,466.9,474.7,461.35,470.25,14235
2018-11-14,469.15,489.9,462.0,479.95,24612
2018-11-15,478.9,484.0,468.05,471.55,10068
2018-11-16,465.3,516.0,465.3,489.65,102044
2018-11-19,492.0,514.5,492.0,496.3,65451
2018-11-20,494.5,497.85,480.0,481.25,17711
2018-11-21,478.05,484.7,470.0,479.45,14368
2018-11-22,482.0,486.55,462.5,469.2,19843
2018-11-26,461.0,473.9,459.05,461.35,7937
2018-11-27,459.0,469.0,455.0,465.25,10026
2018-11-28,469.7,469.7,455.4,457.0,11341
2018-11-29,455.0,467.0,455.0,457.9,12169
2018-11-30,460.0,463.9,451.95,461.05,11353
2018-12-03,455.15,462.95,450.05,453.75,6908
2018-12-04,454.0,464.85,454.0,458.0,8673
2018-12-05,454.35,461.7,445.05,452.45,8268
2018-12-06,446.0,452.0,441.7,443.25,8857
2018-12-07,446.0,447.75,440.0,442.65,7598
2018-12-10,438.1,441.5,429.9,430.55,9177
2018-12-11,422.0,442.75,421.95,437.7,12043
2018-12-12,440.0,455.75,439.85,447.3,13726
2018-12-13,447.0,460.75,445.0,446.8,15008
2018-12-14,445.45,452.95,445.45,448.3,7505
2018-12-17,452.65,460.95,445.3,448.05,10037
2018-12-18,445.35,459.0,445.35,457.25,7802
2018-12-19,454.55,475.0,454.55,462.15,15067
2018-12-20,462.2,466.0,450.0,457.75,10414
2018-12-21,461.2,461.45,446.35,452.05,9736
2018-12-24,450.55,455.4,448.0,451.1,3654
2018-12-26,451.1,452.95,440.3,447.55,10133
2018-12-27,449.3,455.0,444.6,447.85,8085
2018-12-28,448.3,459.4,448.0,450.95,16723
2018-12-31,450.0,462.2,450.0,457.45,11621
2019-01-01,460.75,465.8,452.45,458.05,8393
2019-01-02,461.95,461.95,451.1,454.35,6094
2019-01-03,453.75,458.05,451.0,452.85,5210
2019-01-04,453.15,456.55,450.0,452.0,9189
2019-01-07,452.7,459.0,440.45,447.9,17346
2019-01-08,447.0,456.85,446.45,449.85,17316
2019-01-09,449.85,455.0,444.0,447.75,117656
2019-01-10,450.0,463.75,446.0,447.75,10954
2019-01-11,450.75,451.0,440.45,442.7,7070
2019-01-14,444.05,450.95,438.5,440.25,9144
2019-01-15,445.55,448.95,440.0,443.8,10734
2019-01-16,445.05,508.0,442.35,485.05,222292
2019-01-17,485.0,497.0,481.0,482.3,51295
2019-01-18,486.15,486.15,472.5,476.1,9699
2019-01-21,478.0,509.0,475.15,500.4,126117
2019-01-22,506.0,508.95,489.45,499.45,22294
2019-01-23,501.05,503.95,490.0,492.45,8159
2019-01-24,492.6,497.0,476.0,479.85,11498
2019-01-25,480.05,487.0,451.6,460.35,24284
2019-01-28,461.0,469.7,436.6,454.2,19559
2019-01-29,439.95,439.95,420.0,423.45,52079
2019-01-30,424.05,434.9,421.1,425.05,14254
2019-01-31,453.85,453.85,415.0,419.85,15996
2019-02-01,419.0,420.05,401.1,402.45,70430
2019-02-04,400.25,406.05,385.55,396.85,24555
2019-02-05,397.05,399.5,389.9,391.7,46017
2019-02-06,392.15,396.45,388.6,390.7,13900
2019-02-07,391.0,413.0,390.0,409.65,19120
2019-02-08,411.8,411.8,399.0,400.25,4668
2019-02-11,395.0,399.95,387.0,388.75,12272
2019-02-12,385.6,392.0,385.5,389.3,15474
2019-02-13,395.95,399.5,389.0,394.95,34573
2019-02-14,391.65,394.95,389.0,390.1,15432
2019-02-15,389.95,391.4,385.5,387.25,15426
2019-02-18,388.7,388.7,370.2,371.9,47673
2019-02-19,366.1,383.4,366.1,372.5,49456
2019-02-20,376.9,384.8,374.05,376.4,12702
2019-02-21,380.05,392.0,376.65,389.9,10215
2019-02-22,393.6,405.0,387.1,398.15,6363
2019-02-25,398.2,419.35,398.15,415.95,18957
2019-02-26,410.95,424.45,401.0,419.9,17003
2019-02-27,423.8,426.75,408.0,410.6,14189
2019-02-28,411.0,415.65,401.1,405.35,4464
2019-03-01,402.0,424.0,402.0,420.2,9375
2019-03-05,417.05,432.35,417.05,426.85,19799
2019-03-06,429.05,433.0,423.4,430.1,11966
2019-03-07,432.1,434.0,428.05,431.15,13286
2019-03-08,430.05,495.9,428.45,472.7,497309
2019-03-11,476.95,493.7,461.65,472.1,98410
2019-03-12,476.7,509.0,473.15,497.2,220901
2019-03-13,499.0,509.45,489.05,501.35,46312
2019-03-14,503.0,509.0,485.05,489.45,41371
2019-03-15,489.45,497.0,480.0,481.4,18777
2019-03-18,491.0,495.55,480.0,482.35,54158
2019-03-19,482.5,503.15,475.8,479.15,32649
2019-03-20,482.95,482.95,463.25,465.95,26541
2019-03-22,475.0,483.0,460.0,463.05,23222
2019-03-25,460.0,490.0,453.35,467.75,32724
2019-03-26,471.45,476.7,455.0,456.95,17186
2019-03-27,460.0,504.0,460.0,498.9,147387
2019-03-28,498.9,509.0,489.0,494.65,32312
2019-03-29,494.75,507.8,485.0,495.7,55240
2019-04-01,497.05,504.9,489.55,494.3,38899
2019-04-02,498.2,537.6,494.0,520.85,140471
2019-04-03,524.9,529.0,496.0,500.7,50741
2019-04-04,504.0,504.5,480.3,488.9,56846
2019-04-05,489.0,502.0,488.95,491.0,19340
2019-04-08,490.05,495.5,473.55,480.0,31721
2019-04-09,477.05,499.0,475.25,486.15,36411
2019-04-10,486.15,495.5,480.0,481.7,19193
2019-04-11,484.4,495.0,477.4,480.9,17296
2019-04-12,483.95,486.25,478.0,479.35,8755
2019-04-15,482.95,487.5,480.5,481.4,12963
2019-04-16,482.05,485.8,478.35,482.75,26604
2019-04-18,485.5,497.05,476.0,476.95,15061
2019-04-22,474.5,474.5,463.0,464.15,28950
2019-04-23,460.05,469.9,445.9,456.25,47883
2019-04-24,459.0,465.4,446.05,451.25,18235
2019-04-25,452.0,469.0,449.1,451.75,41053
2019-04-26,455.0,459.0,446.0,449.2,10852
2019-04-30,451.0,451.05,430.35,437.0,20889
2019-05-02,435.1,441.7,425.3,427.95,18021
2019-05-03,431.95,436.9,428.0,434.15,16882
2019-05-06,433.0,447.8,430.0,442.05,21299
2019-05-07,442.5,446.0,428.0,430.05,9963
2019-05-08,430.05,442.55,415.5,417.4,17781
2019-05-09,418.0,420.45,409.6,412.75,12727
2019-05-10,412.0,425.0,412.0,423.1,7400
2019-05-13,422.0,427.0,410.9,422.0,9422
2019-05-14,420.0,427.0,415.0,418.85,6897
2019-05-15,420.05,430.0,420.0,422.9,45519
2019-05-16,426.05,431.85,394.0,399.85,62978
2019-05-17,401.2,405.0,392.5,398.55,23969
2019-05-20,418.9,442.4,407.95,437.55,49376
2019-05-21,438.0,439.0,401.35,408.85,38084
2019-05-22,415.95,421.2,410.05,413.95,38890
2019-05-23,420.95,426.95,402.0,402.95,29317
2019-05-24,410.0,417.0,405.8,412.35,30921
2019-05-27,414.15,433.1,408.9,413.05,116512
2019-05-28,418.05,433.0,404.95,409.1,93107
2019-05-29,412.4,417.0,393.7,399.15,81173
2019-05-30,402.95,410.0,398.0,405.05,75827
2019-05-31,408.7,409.5,400.15,404.6,31248
2019-06-03,401.95,406.9,394.0,398.9,50693
2019-06-04,400.0,405.5,400.0,402.05,12209
2019-06-06,402.05,404.5,396.0,401.0,19810
2019-06-07,402.4,402.45,396.0,398.75,20341
2019-06-10,402.5,404.95,396.05,399.8,33016
2019-06-11,404.5,404.5,391.0,393.1,30160
2019-06-12,395.9,404.0,394.05,396.9,30761
2019-06-13,399.5,399.5,386.05,389.65,11704
2019-06-14,392.95,392.95,384.0,386.05,9694
2019-06-17,388.75,388.85,375.0,376.8,16109
2019-06-18,381.0,381.0,367.95,372.1,28699
2019-06-19,375.0,378.0,365.15,371.35,25855
2019-06-20,374.0,374.0,367.2,372.55,18992
2019-06-21,372.0,381.0,368.45,375.1,24062
2019-06-24,379.0,381.0,372.65,377.8,8920
2019-06-25,377.8,377.85,373.15,374.1,9334
2019-06-26,373.5,377.0,368.2,370.4,14987
2019-06-27,370.4,380.0,370.4,377.1,14406
2019-06-28,373.25,381.0,373.25,378.4,5874
2019-07-01,382.0,382.0,371.1,372.15,11240
2019-07-02,370.2,379.05,370.2,377.45,16204
2019-07-03,376.0,379.0,372.0,373.95,4405
2019-07-04,372.1,377.0,372.0,373.75,5629
2019-07-05,376.95,378.0,366.0,367.35,25773
2019-07-08,365.0,371.0,350.0,352.45,16725
2019-07-09,352.45,354.55,346.6,349.85,10080
2019-07-10,350.0,354.0,347.15,348.65,7022
2019-07-11,347.5,349.95,333.15,338.65,10780
2019-07-12,338.0,345.0,333.95,337.15,11692
2019-07-15,337.35,340.0,331.35,334.1,8696
2019-07-16,332.1,332.6,320.0,328.15,11818
2019-07-17,323.0,333.9,320.0,323.9,27301
2019-07-18,321.0,321.05,295.35,299.6,45021
2019-07-19,300.0,306.95,280.0,284.1,33197
2019-07-22,281.0,284.1,261.1,263.0,50758
2019-07-23,263.0,289.15,263.0,273.35,131870
2019-07-24,275.0,276.0,264.0,267.95,32111
2019-07-25,267.0,273.9,232.15,240.6,102266
2019-07-26,240.0,259.4,231.0,256.55,83118
2019-07-29,249.8,256.0,233.5,243.1,81152
2019-07-30,240.0,243.9,225.0,227.05,37471
2019-07-31,227.0,240.0,225.0,234.65,61875
2019-08-01,228.5,234.9,223.8,225.25,31060
2019-08-02,217.5,227.0,217.5,219.15,65750
2019-08-05,220.0,221.7,211.25,218.2,14195
2019-08-06,220.0,242.05,215.25,234.75,51859
2019-08-07,233.8,267.0,233.8,249.05,64297
2019-08-08,258.9,264.05,253.45,260.8,25423
2019-08-09,265.0,268.0,262.05,266.75,13762
2019-08-13,274.7,274.7,256.0,257.5,15057
2019-08-14,257.45,264.65,253.8,260.8,8927
2019-08-16,266.0,272.6,260.0,269.0,11633
2019-08-19,274.5,274.5,266.0,267.05,7672
2019-08-20,273.0,273.0,262.1,262.9,3906
2019-08-21,262.9,263.85,242.8,245.05,14899
2019-08-22,240.25,248.5,230.0,232.1,14678
2019-08-23,232.25,263.3,222.0,251.15,20221
2019-08-26,255.0,261.0,232.95,245.2,40320
2019-08-27,245.2,265.0,241.25,259.95,16086
2019-08-28,264.0,264.0,253.1,256.2,15935
2019-08-29,263.0,263.0,252.05,252.6,17283
2019-08-30,252.5,258.25,250.65,251.65,8370
2019-09-03,251.0,254.65,240.35,243.85,7332
2019-09-04,242.45,249.45,242.45,247.3,7866
2019-09-05,247.3,262.1,247.3,257.1,12257
2019-09-06,257.1,264.0,257.1,261.9,17457
2019-09-09,265.7,269.9,259.95,260.85,25849
2019-09-11,261.05,286.0,261.0,283.55,52906
2019-09-12,286.0,307.0,282.2,295.65,57429
2019-09-13,298.45,322.0,298.45,309.6,248564
2019-09-16,305.95,308.85,296.0,302.95,39196
2019-09-17,304.9,313.2,282.95,289.45,40262
2019-09-18,295.0,299.95,283.5,288.95,25536
2019-09-19,288.0,289.25,274.0,278.65,16689
2019-09-20,279.7,297.0,272.4,278.6,69820
2019-09-23,283.85,311.7,283.85,297.15,124569
2019-09-24,299.75,319.8,297.25,314.85,118756
2019-09-25,316.0,331.0,315.2,319.25,79933
2019-09-26,322.25,361.7,321.0,349.05,268220
2019-09-27,349.2,358.7,342.0,350.65,61729
2019-09-30,353.75,354.0,320.0,331.85,32809
2019-10-01,337.0,337.95,315.0,320.45,26986
2019-10-03,320.0,336.95,300.55,330.9,30251
2019-10-04,330.85,334.0,311.0,314.55,14892
2019-10-07,315.0,319.55,308.5,311.6,21825
2019-10-09,305.15,321.0,305.15,312.05,19019
2019-10-10,309.1,317.5,308.1,310.35,8364
2019-10-11,312.9,313.75,303.0,304.2,11267
2019-10-14,304.2,310.2,301.0,302.0,13204
2019-10-15,300.25,318.0,300.25,302.05,23049
2019-10-16,304.5,308.9,302.0,303.9,9044
2019-10-17,306.55,311.95,300.0,306.6,8997
2019-10-18,303.55,324.05,303.5,318.9,25344
2019-10-22,317.45,339.0,316.0,330.35,25521
2019-10-23,333.4,344.0,324.5,342.1,23587
2019-10-24,336.65,349.0,327.7,330.05,16200
2019-10-25,333.7,333.7,317.95,320.55,13728
2019-10-27,323.65,331.4,321.0,324.75,6460
2019-10-29,327.85,344.65,322.0,335.85,25646
2019-10-30,336.0,340.95,321.0,327.05,23766
2019-10-31,320.0,339.0,319.95,323.95,54562
2019-11-01,323.0,327.5,319.1,321.6,12472
2019-11-04,323.95,327.45,318.0,322.9,16436
2019-11-05,325.95,333.95,321.5,331.75,29776
2019-11-06,334.0,337.0,327.2,335.25,33039
2019-11-07,335.5,392.7,335.3,377.25,230764
2019-11-08,378.0,390.0,374.0,379.75,68531
2019-11-11,379.8,384.0,355.4,373.8,44786
2019-11-13,367.0,375.0,355.55,359.9,24050
2019-11-14,360.9,365.0,354.15,357.75,16478
2019-11-15,358.85,363.85,344.0,345.9,20256
2019-11-18,345.9,353.65,338.0,341.8,13010
2019-11-19,341.8,347.2,335.0,336.7,14193
2019-11-20,336.9,336.9,323.95,324.6,26305
2019-11-21,324.0,373.3,324.0,340.75,80299
2019-11-22,343.7,354.6,336.1,339.15,31803
2019-11-25,341.0,347.55,337.0,339.4,9251
2019-11-26,341.0,348.2,334.65,343.65,12162
2019-11-27,346.0,358.0,342.9,352.05,25809
2019-11-28,367.7,379.0,360.05,366.8,251371
2019-11-29,373.9,373.9,362.0,364.65,34348
2019-12-02,367.65,367.65,348.5,350.0,29160
2019-12-03,350.15,356.75,348.8,350.0,13927
2019-12-04,351.15,351.15,333.1,335.9,26801
2019-12-05,334.3,343.75,332.6,334.9,16188
2019-12-06,338.0,341.05,327.5,329.05,18614
2019-12-09,329.55,337.8,325.4,330.3,17826
2019-12-10,328.05,331.25,325.45,326.15,9160
2019-12-11,321.5,330.0,321.3,327.25,10309
2019-12-12,324.3,334.8,321.0,330.05,14192
2019-12-13,332.25,342.0,330.8,338.7,11566
2019-12-16,342.0,347.9,336.2,342.35,15550
2019-12-17,345.0,359.7,343.05,355.2,23149
2019-12-18,362.0,362.0,350.0,353.2,10383
2019-12-19,354.9,354.9,342.15,348.5,7309
2019-12-20,345.05,348.95,338.2,343.05,10245
2019-12-23,339.3,358.0,338.15,351.45,27301
2019-12-24,359.0,359.0,344.05,346.1,10068
2019-12-26,345.1,366.8,345.1,362.2,36983
2019-12-27,362.2,366.0,351.25,362.1,15615
2019-12-30,374.4,416.7,368.9,402.35,541440
2019-12-31,403.95,408.8,395.1,399.3,107843
2020-01-01,404.7,420.0,399.0,415.85,124076
2020-01-02,415.0,423.0,408.5,412.15,74358
2020-01-03,412.0,412.95,401.25,404.65,27363
2020-01-06,392.65,399.0,387.0,388.0,44974
2020-01-07,391.95,401.0,391.05,397.35,25291
2020-01-08,388.0,400.0,387.95,396.2,31115
2020-01-09,397.0,417.0,397.0,412.15,73839
2020-01-10,415.9,424.95,411.0,412.65,54903
2020-01-13,412.65,416.0,407.1,409.65,21470
2020-01-14,410.0,436.0,407.25,430.55,81112
2020-01-15,421.05,437.9,421.05,427.2,38604
2020-01-16,431.0,458.0,428.0,452.35,137536
2020-01-17,464.9,470.0,452.0,454.35,108016
2020-01-20,457.85,458.9,438.55,443.4,37744
2020-01-21,437.9,475.25,426.3,470.05,96281
2020-01-22,475.95,489.2,455.1,459.3,76882
2020-01-23,464.0,469.6,458.4,460.85,36260
2020-01-24,464.7,472.9,461.5,463.35,44867
2020-01-27,467.95,469.0,454.8,457.65,24479
2020-01-28,460.0,467.85,455.0,458.55,24816
2020-01-29,467.0,476.3,463.05,471.85,55123
2020-01-30,472.15,477.5,431.2,436.4,105075
2020-01-31,425.0,427.9,381.0,387.3,184283
2020-02-01,390.0,414.0,387.0,390.25,61493
2020-02-03,394.9,401.2,380.1,397.1,22664
2020-02-04,408.1,428.05,405.25,408.0,49803
2020-02-05,408.1,428.0,408.1,418.95,33540
2020-02-06,419.8,428.8,415.0,421.0,33915
2020-02-07,421.0,424.95,410.05,411.75,19417
2020-02-10,417.9,444.75,407.65,436.45,115390
2020-02-11,440.7,448.75,422.0,424.3,49653
2020-02-12,425.0,429.8,408.15,411.85,30936
2020-02-13,410.0,418.0,400.0,402.55,32403
2020-02-14,401.85,432.7,400.55,421.65,69735
2020-02-17,423.0,426.7,412.35,413.4,32064
2020-02-18,413.1,413.1,396.25,410.15,36689
2020-02-19,411.05,424.9,385.5,412.05,45013
2020-02-20,414.05,425.0,410.1,416.35,27388
2020-02-24,416.0,432.3,412.0,414.75,44177
2020-02-25,424.0,444.7,416.25,427.45,159058
2020-02-26,429.5,469.85,422.75,455.2,357876
2020-02-27,458.85,477.0,444.05,451.85,139772
2020-02-28,445.25,445.25,404.45,408.9,104083
2020-03-02,412.25,424.0,387.7,398.2,51961
2020-03-03,411.1,414.85,397.15,402.75,41156
2020-03-04,404.2,411.2,384.85,390.15,43800
2020-03-05,393.15,409.9,392.7,401.9,71340
2020-03-06,392.25,399.0,380.0,391.1,34051
2020-03-09,385.15,390.0,351.0,358.3,70290
2020-03-11,364.95,372.55,329.45,333.05,52361
2020-03-12,305.0,321.0,272.0,276.2,95959
2020-03-13,265.0,317.05,221.0,305.35,84345
2020-03-16,304.0,304.0,275.0,280.75,75648
2020-03-17,274.0,290.1,250.1,256.7,119067
2020-03-18,256.7,268.85,232.25,236.35,71470
2020-03-19,230.0,246.75,213.3,219.15,103374
2020-03-20,235.7,241.05,219.2,239.7,86106
2020-03-23,230.0,230.0,215.75,215.75,53038
2020-03-24,220.0,237.0,200.0,225.05,49983
2020-03-25,225.95,239.85,218.2,232.55,41514
2020-03-26,238.65,255.8,230.3,254.5,49022
2020-03-27,264.0,274.0,245.05,250.25,49388
2020-03-30,244.0,253.0,234.35,243.4,37681
2020-03-31,252.2,261.85,247.0,251.6,36171
2020-04-01,255.0,258.95,245.5,252.05,12817
2020-04-03,250.0,257.0,241.3,247.25,39172
2020-04-07,254.05,271.95,252.05,271.2,200799
2020-04-08,277.0,296.0,260.4,283.65,70594
2020-04-09,287.25,318.0,287.25,310.8,84468
2020-04-13,317.0,332.3,304.95,315.3,82177
2020-04-15,315.5,340.9,315.5,318.2,67871
2020-04-16,319.65,362.0,319.6,352.35,94220
2020-04-17,362.0,374.0,348.0,355.8,62081
2020-04-20,358.0,358.0,343.55,350.35,26356
2020-04-21,347.0,347.0,330.25,334.05,31708
2020-04-22,334.0,400.85,327.0,393.85,435344
2020-04-23,397.0,399.9,380.0,383.45,121229
2020-04-24,370.15,418.8,369.95,404.9,183019
2020-04-27,405.0,455.0,397.3,443.55,359990
2020-04-28,478.95,482.7,445.1,450.4,387121
2020-04-29,450.05,454.95,425.0,426.45,122706
2020-04-30,428.1,442.75,407.7,409.9,141860
2020-05-04,392.25,423.25,381.0,404.0,199245
2020-05-05,407.15,419.45,391.0,394.05,90496
2020-05-06,398.8,410.0,388.0,393.9,79508
2020-05-07,393.7,398.65,385.6,388.4,58802
2020-05-08,390.35,395.75,381.0,383.35,51819
2020-05-11,385.3,387.95,375.0,376.2,45405
2020-05-12,378.1,384.0,357.3,376.7,69368
2020-05-13,390.0,398.2,380.0,393.95,85243
2020-05-14,392.95,395.9,382.55,390.05,60533
2020-05-15,392.0,408.95,384.05,397.45,172098
2020-05-18,399.45,399.7,368.1,385.15,57115
2020-05-19,387.1,390.95,356.2,369.0,54460
2020-05-20,369.9,407.8,369.85,381.2,143341
2020-05-21,381.2,403.7,377.05,386.1,129030
2020-05-22,391.1,397.7,378.8,382.2,86077
2020-05-26,382.5,394.7,379.0,387.85,68003
2020-05-27,388.05,428.7,383.95,405.4,996763
2020-05-28,407.0,419.9,405.45,408.55,182564
2020-05-29,410.9,415.25,400.0,403.35,78250
2020-06-01,407.35,414.05,403.0,405.3,81162
2020-06-02,407.0,413.65,398.2,402.05,73779
2020-06-03,404.95,408.0,397.5,399.4,81818
2020-06-04,402.2,402.2,390.45,391.85,52857
2020-06-05,393.85,403.0,393.35,397.5,76919
2020-06-08,400.45,412.0,396.55,408.2,92402
2020-06-09,410.0,410.0,390.0,395.95,52178
2020-06-10,397.8,400.25,389.05,394.25,43002
2020-06-11,395.0,418.4,390.3,402.95,165542
2020-06-12,390.0,402.0,389.9,398.5,73288
2020-06-15,400.0,406.7,395.0,403.3,59506
2020-06-16,406.0,444.85,404.05,439.5,693376
2020-06-17,443.9,456.0,435.1,441.5,494610
2020-06-18,441.0,443.95,427.05,431.1,116826
2020-06-19,429.0,444.7,427.55,435.55,90939
2020-06-22,444.7,456.0,438.0,446.25,204231
2020-06-23,471.0,484.8,455.05,459.9,517737
2020-06-24,472.65,480.0,445.6,449.8,259975
2020-06-25,450.0,461.0,445.0,456.65,95718
2020-06-26,458.55,543.7,456.0,525.3,3029910
2020-06-29,530.0,543.0,509.05,521.95,648243
2020-06-30,526.0,534.6,490.0,493.4,338224
2020-07-01,495.0,557.7,495.0,542.35,1879498
2020-07-02,543.0,548.8,528.1,533.95,285917
2020-07-03,534.0,575.95,528.35,556.2,1042512
2020-07-06,559.1,599.0,545.35,584.2,1205246
2020-07-07,586.3,589.35,562.0,571.9,361088
2020-07-08,580.0,596.0,560.25,564.35,337518
2020-07-09,567.95,604.3,557.0,592.4,935513
2020-07-10,590.0,607.65,582.0,589.4,344228
2020-07-13,593.9,635.9,587.1,626.5,838680
2020-07-14,628.0,647.0,608.1,631.35,753445
2020-07-15,634.8,638.65,603.5,613.9,249233
2020-07-16,615.6,619.0,573.0,578.6,234973
2020-07-17,583.9,608.6,579.0,596.4,381553
2020-07-20,598.5,599.95,575.25,586.6,258284
2020-07-21,589.95,598.15,575.0,579.1,192333
2020-07-22,579.0,602.2,562.0,591.7,335142
2020-07-23,591.7,594.9,580.55,582.75,245367
2020-07-24,577.0,594.15,570.15,584.15,298723
2020-07-27,588.75,592.15,566.15,574.5,233589
2020-07-28,574.5,578.9,555.2,559.3,222045
2020-07-29,558.9,592.0,558.0,580.7,372794
2020-07-30,581.2,586.35,565.25,567.3,181655
2020-07-31,569.0,574.8,560.0,570.45,177559
2020-08-03,570.45,623.95,566.45,619.05,742635
2020-08-04,625.0,636.95,607.9,611.6,299467
2020-08-05,615.0,618.95,601.0,602.7,326656
2020-08-06,607.45,627.5,606.0,622.75,339567
2020-08-07,622.75,632.0,611.6,613.15,194181
2020-08-10,617.2,664.4,613.0,654.65,662007
2020-08-11,660.0,676.0,644.0,662.45,325549
2020-08-12,659.9,660.0,632.5,651.3,214505
2020-08-13,670.0,698.0,663.55,672.45,541328
2020-08-14,675.15,753.9,661.6,717.1,1612733
2020-08-17,726.0,855.0,718.0,824.7,2070189
2020-08-18,835.0,857.2,793.0,802.25,535434
2020-08-19,808.0,880.0,795.0,841.0,743901
2020-08-20,848.85,850.0,811.0,818.8,244379
2020-08-21,819.0,880.0,808.8,863.8,787729
2020-08-24,878.0,950.0,874.0,924.1,739097
2020-08-25,950.0,968.2,907.15,914.8,388082
2020-08-26,918.4,994.8,912.0,971.8,1224499
2020-08-27,975.0,987.0,945.0,948.2,254754
2020-08-28,951.95,965.0,868.0,883.35,407313
2020-08-31,884.95,885.0,763.1,791.6,524047
2020-09-01,792.0,850.0,761.9,838.75,269572
2020-09-02,846.0,874.95,829.0,856.25,147070
2020-09-03,866.8,914.0,850.0,895.8,347553
2020-09-04,862.0,895.0,854.9,866.55,188260
2020-09-07,874.9,878.65,815.55,829.25,138419
2020-09-08,836.0,865.0,824.1,827.85,141713
2020-09-09,810.1,824.8,785.0,808.05,141958
2020-09-10,819.7,849.0,816.0,822.1,127272
2020-09-11,827.0,849.0,812.5,840.4,152214
2020-09-14,865.0,890.0,860.1,876.45,307763
2020-09-15,889.45,898.0,869.0,873.65,99776
2020-09-16,875.0,883.4,853.0,859.85,82053
2020-09-17,855.0,878.65,854.0,867.65,107636
2020-09-18,870.0,910.0,870.0,893.3,315672
2020-09-21,900.0,911.3,822.0,835.8,198145
2020-09-22,842.2,843.7,741.65,805.95,238946
2020-09-23,818.8,836.7,782.75,799.05,105615
2020-09-24,785.0,797.0,742.0,771.5,112620
2020-09-25,790.05,824.0,775.7,813.3,137718
2020-09-28,819.85,838.85,817.0,822.45,116917
2020-09-29,827.0,837.9,805.0,815.55,97479
2020-09-30,820.95,835.6,805.0,807.4,75236
2020-10-01,816.45,834.15,804.0,806.25,80507
2020-10-05,813.0,827.0,802.45,806.6,58927
2020-10-06,811.9,821.0,806.0,809.6,55014
2020-10-07,814.9,816.8,801.05,803.75,58403
2020-10-08,810.0,859.9,795.0,846.05,305331
2020-10-09,851.1,868.8,821.05,831.1,131813
2020-10-12,835.0,836.5,802.0,812.05,61667
2020-10-13,807.9,845.55,802.2,839.75,119954
2020-10-14,839.75,884.35,825.0,873.95,251103
2020-10-15,872.35,872.35,816.75,820.8,136942
2020-10-16,827.2,842.0,815.0,832.3,71017
2020-10-19,837.7,841.0,827.0,830.1,35799
2020-10-20,829.8,850.8,821.5,840.6,58656
2020-10-21,841.1,848.7,815.5,830.35,44437
2020-10-22,827.6,836.65,821.35,829.6,35200
2020-10-23,833.0,855.4,818.0,844.45,75251
2020-10-26,851.35,865.0,822.25,831.85,123186
2020-10-27,835.0,853.3,821.3,847.0,129786
2020-10-28,850.65,877.8,835.95,844.75,212015
2020-10-29,870.0,887.0,855.0,862.0,533631
2020-10-30,864.0,873.2,827.3,842.95,133287
2020-11-02,834.0,839.25,815.0,822.85,91447
2020-11-03,826.4,837.65,800.0,805.9,125332
2020-11-04,810.0,819.5,801.1,810.65,89477
2020-11-05,828.0,848.35,818.45,843.4,190782
2020-11-06,849.0,914.9,841.1,886.95,658944
2020-11-09,895.0,901.95,865.3,868.8,122697
2020-11-10,870.1,911.0,846.4,873.85,321718
2020-11-11,877.95,898.9,865.85,888.65,233809
2020-11-12,887.4,964.0,881.6,956.8,762493
2020-11-13,960.0,977.9,941.9,955.1,388584
2020-11-14,961.95,962.75,942.6,949.6,53020
2020-11-17,951.0,965.7,937.65,947.85,182778
2020-11-18,950.0,964.5,940.1,953.5,149054
2020-11-19,945.25,1019.0,942.05,985.45,634310
2020-11-20,985.85,999.9,963.0,992.05,215682
2020-11-23,997.85,1044.0,997.85,1033.15,423823
2020-11-24,1033.1,1054.55,1005.0,1011.7,193767
2020-11-25,1017.95,1017.95,970.05,974.7,180448
2020-11-26,977.7,994.85,960.0,970.65,121078
2020-11-27,975.0,1010.0,963.2,1001.95,239038
2020-12-01,1009.4,1032.0,1001.0,1005.85,126165
2020-12-02,1011.6,1035.0,1007.15,1015.05,160653
2020-12-03,1025.0,1030.0,995.0,998.75,77328
2020-12-04,1005.45,1005.6,976.0,983.65,81581
2020-12-07,988.9,1013.2,975.0,981.7,118458
2020-12-08,986.0,994.45,912.7,953.95,151623
2020-12-09,959.5,974.15,931.8,941.1,135738
2020-12-10,950.0,953.55,905.55,912.8,156741
2020-12-11,918.0,939.0,917.05,923.45,125201
2020-12-14,930.5,950.0,926.4,932.9,115378
2020-12-15,932.0,935.4,913.0,922.65,104307
2020-12-16,930.0,955.9,923.05,939.4,116228
2020-12-17,939.0,947.7,921.0,925.3,61792
2020-12-18,930.0,932.3,910.25,921.25,61355
2020-12-21,923.5,945.15,857.0,874.95,156908
2020-12-22,876.0,899.0,850.0,882.3,141127
2020-12-23,889.7,908.05,886.65,903.95,87383
2020-12-24,914.3,939.0,908.5,925.3,142312
2020-12-28,930.6,932.7,910.0,915.55,88803
2020-12-29,918.0,928.9,906.8,911.2,66798
2020-12-30,920.7,948.0,916.9,935.15,232084
2020-12-31,938.0,944.7,908.0,926.4,86749
2021-01-01,929.0,944.5,927.05,939.2,77017
2021-01-04,945.0,1009.0,945.0,1000.6,554760
2021-01-05,1007.0,1103.25,997.0,1074.05,1193132
2021-01-06,1077.9,1277.75,1074.05,1221.05,1258354
2021-01-07,1270.0,1315.0,1150.0,1171.2,895635
2021-01-08,1182.85,1190.0,1135.0,1145.7,274282
2021-01-11,1150.6,1187.45,1132.7,1163.3,214416
2021-01-12,1150.0,1228.6,1140.25,1196.7,453045
2021-01-13,1201.5,1204.35,1150.0,1158.45,129315
2021-01-14,1160.0,1184.0,1130.8,1152.9,145627
2021-01-15,1152.15,1175.0,1131.95,1151.4,107321
2021-01-18,1135.0,1147.85,1080.1,1099.8,133412
2021-01-19,1121.9,1151.1,1115.0,1132.15,107506
2021-01-20,1136.5,1192.7,1132.45,1154.35,253888
2021-01-21,1161.9,1177.95,1105.5,1119.55,115664
2021-01-22,1127.7,1128.05,1096.95,1105.7,69196
2021-01-25,1116.7,1135.75,1065.35,1106.55,72319
2021-01-27,1115.0,1169.0,1096.15,1154.7,132043
2021-01-28,1125.25,1162.3,1115.0,1130.6,86659
2021-01-29,1139.5,1153.05,1118.35,1124.4,58161
2021-02-01,1125.0,1179.95,1122.05,1169.75,97770
2021-02-02,1179.35,1199.0,1143.15,1149.95,130709
2021-02-03,1159.0,1205.0,1153.0,1187.95,141228
2021-02-04,1193.8,1243.95,1188.3,1220.0,174960
2021-02-05,1229.6,1245.8,1189.0,1211.3,104917
2021-02-08,1222.2,1285.0,1217.05,1265.6,244438
2021-02-09,1457.0,1514.7,1392.3,1440.05,1528679
2021-02-10,1459.0,1485.5,1410.0,1465.3,476247
2021-02-11,1468.0,1699.0,1440.65,1639.45,1087138
2021-02-12,1679.0,1754.0,1606.6,1643.7,1039244
2021-02-15,1639.2,1677.65,1582.0,1606.9,287208
2021-02-16,1600.0,1616.1,1544.0,1562.05,144081
2021-02-17,1572.0,1572.3,1512.1,1519.35,146432
2021-02-18,1527.3,1685.4,1527.3,1647.1,464344
2021-02-19,1644.0,1680.0,1560.05,1606.1,183945
2021-02-22,1636.45,1640.0,1580.0,1602.15,100892
2021-02-23,1605.05,1690.0,1591.9,1646.45,227522
2021-02-24,1657.95,1685.0,1602.0,1665.3,107535
2021-02-25,1678.0,1730.0,1654.7,1686.4,202115
2021-02-26,1630.0,1683.2,1620.05,1629.15,107020
2021-03-01,1648.65,1695.0,1635.0,1685.3,138038
2021-03-02,1696.95,1905.55,1696.95,1867.3,689744
2021-03-03,1869.8,1899.0,1812.3,1843.05,154427
2021-03-04,1824.65,1877.35,1741.0,1759.25,251755
2021-03-05,1775.9,1849.0,1760.15,1793.6,194553
2021-03-08,1820.0,1899.0,1773.45,1786.65,91224
2021-03-09,1799.9,1807.05,1715.0,1738.95,98696
2021-03-10,1754.6,1786.9,1740.0,1749.9,66717
2021-03-12,1763.9,1819.0,1752.0,1772.7,109518
2021-03-15,1786.0,1786.0,1736.75,1751.6,57903
2021-03-16,1755.0,1760.0,1710.0,1716.4,56516
2021-03-17,1717.0,1807.0,1712.0,1716.8,180774
2021-03-18,1734.0,1764.65,1610.0,1639.9,138913
2021-03-19,1635.0,1724.85,1555.0,1688.65,184779
2021-03-22,1719.0,1719.0,1673.35,1691.8,70348
2021-03-23,1754.4,1815.0,1699.0,1772.7,394546
2021-03-24,1762.0,1777.6,1711.2,1717.85,88898
2021-03-25,1730.0,1730.0,1652.1,1664.25,143631
2021-03-26,1681.1,1746.2,1670.0,1695.4,133680
2021-03-30,1714.0,1760.0,1697.15,1740.9,119009
2021-03-31,1750.0,1812.0,1735.55,1759.3,147125
2021-04-01,1779.0,1820.0,1770.1,1787.15,134658
2021-04-05,1800.0,1800.0,1725.05,1751.85,79874
2021-04-06,1770.0,1832.95,1736.75,1797.6,255292
2021-04-07,1808.5,1974.8,1801.05,1925.4,567787
2021-04-08,1955.0,2047.9,1945.1,1970.3,474652
2021-04-09,1979.9,2037.0,1942.35,1998.05,219713
2021-04-12,1930.0,1931.25,1830.5,1854.0,206054
2021-04-13,1887.0,1909.9,1823.9,1867.95,133105
2021-04-15,1820.0,1895.55,1820.0,1861.4,78599
2021-04-16,1879.9,1893.2,1831.0,1842.95,80096
2021-04-19,1817.85,1899.0,1761.15,1858.7,206025
2021-04-20,1881.0,1918.0,1825.05,1848.65,103876
2021-04-22,1857.9,1904.5,1840.0,1883.4,117191
2021-04-23,1898.0,1989.7,1888.05,1939.4,298505
2021-04-26,1970.7,2093.8,1964.0,2076.6,466149
2021-04-27,2099.0,2491.9,2092.05,2479.1,2278063
2021-04-28,2570.0,2673.7,2364.35,2424.1,1563219
2021-04-29,2424.1,2589.7,2322.6,2536.0,749534
2021-04-30,2525.0,2664.8,2462.85,2590.05,558300
2021-05-03,2595.0,2655.0,2556.15,2600.8,241548
2021-05-04,2625.25,2637.85,2465.2,2499.35,160426
2021-05-05,2520.0,2520.0,2381.0,2398.6,187365
2021-05-06,2399.0,2498.0,2382.85,2474.95,141590
2021-05-07,2475.0,2504.8,2397.0,2403.45,116929
2021-05-10,2403.0,2426.7,2330.0,2337.8,148682
2021-05-11,2330.0,2449.0,2307.1,2375.5,169441
2021-05-12,2400.0,2519.0,2390.05,2446.4,203116
2021-05-14,2467.0,2473.25,2360.2,2406.25,95562
2021-05-17,2419.4,2491.0,2419.4,2472.25,76838
2021-05-18,2509.0,2649.0,2500.0,2628.35,279796
2021-05-19,2639.0,2739.9,2630.0,2713.7,258008
2021-05-20,2730.8,2764.95,2642.0,2676.75,120072
2021-05-21,2704.75,2926.4,2663.45,2803.0,433744
2021-05-24,2834.0,2944.0,2834.0,2893.9,235502
2021-05-25,2790.0,2957.8,2711.0,2794.7,481158
2021-05-26,2847.8,2863.25,2761.1,2777.8,113396
2021-05-27,2800.0,2920.0,2780.0,2896.05,323498
2021-05-28,2916.95,2934.85,2835.0,2846.55,96027
2021-05-31,2849.8,2879.4,2800.0,2807.65,76243
2021-06-01,2814.05,2828.2,2718.25,2736.8,91895
2021-06-02,2705.0,2749.9,2645.0,2662.6,143779
2021-06-03,2686.0,2738.0,2668.0,2700.6,75708
2021-06-04,2714.0,2738.0,2683.0,2701.15,58827
2021-06-07,2720.0,2721.7,2657.95,2662.4,71647
2021-06-08,2665.0,2743.95,2665.0,2720.2,123604
2021-06-09,2738.0,2806.0,2667.0,2685.65,148451
2021-06-10,2690.9,2732.25,2690.9,2699.0,34288
2021-06-11,2723.9,2746.85,2683.0,2700.6,42862
2021-06-14,2690.0,2719.0,2608.4,2664.2,70389
2021-06-15,2679.2,2730.0,2648.7,2671.05,60292
2021-06-16,2675.0,2717.0,2642.0,2650.95,41794
2021-06-17,2638.0,2680.0,2616.65,2621.55,37680
2021-06-18,2634.8,2653.3,2451.7,2575.65,92218
2021-06-21,2550.0,2568.0,2495.0,2525.4,68149
2021-06-22,2544.0,2632.65,2540.0,2585.8,48470
2021-06-23,2599.9,2630.0,2541.5,2578.05,49447
2021-06-24,2595.0,2604.85,2538.2,2543.5,35251
2021-06-25,2547.8,2766.0,2545.45,2691.6,137730
2021-06-28,2708.0,2757.75,2661.8,2701.25,90779
2021-06-29,2706.0,2737.25,2642.0,2670.25,59273
2021-06-30,2678.9,2701.1,2651.0,2673.8,45189
2021-07-01,2695.0,2829.0,2670.0,2804.4,235637
2021-07-02,2821.0,2855.0,2760.15,2785.15,106232
2021-07-05,2808.5,2855.05,2796.0,2818.0,61822
2021-07-06,2827.0,2835.0,2765.0,2776.1,48503
2021-07-07,2751.9,2795.0,2746.05,2759.3,31435
2021-07-08,2778.0,2848.0,2764.0,2795.25,64515
2021-07-09,2790.0,2817.7,2755.05,2797.5,29649
2021-07-12,2790.0,2970.0,2790.0,2904.8,161785
2021-07-13,2935.0,3034.35,2935.0,2963.5,136181
2021-07-14,2980.0,3013.0,2880.1,2887.2,80401
2021-07-15,2911.95,2923.0,2842.0,2875.4,54218
2021-07-16,2888.6,3180.0,2870.0,2910.05,65376
2021-07-19,2880.0,2940.75,2817.4,2832.6,62537
2021-07-20,2893.7,2893.7,2765.0,2820.45,94017
2021-07-22,2830.0,2984.55,2790.0,2941.45,153596
2021-07-23,2963.0,3120.0,2960.15,3045.9,196346
2021-07-26,3085.0,3397.0,3080.05,3254.05,433907
2021-07-27,3323.9,3441.0,3282.15,3390.75,240859
2021-07-28,3408.6,3410.0,3201.0,3351.2,158832
2021-07-29,3360.2,3385.0,3187.0,3198.3,128257
2021-07-30,3198.3,3299.95,3184.0,3266.75,121439
2021-08-02,3292.6,3341.0,3233.0,3318.25,109334
2021-08-03,3500.0,3619.0,3398.0,3409.55,350985
2021-08-04,3447.95,3476.0,3325.0,3414.1,128413
2021-08-05,3448.0,3448.0,3325.0,3412.35,70495
2021-08-06,3415.0,3468.3,3412.0,3440.2,55065
2021-08-09,3448.0,3468.0,3408.05,3445.0,53311
2021-08-10,3452.3,3548.9,3169.7,3343.95,162269
2021-08-11,3340.0,3343.95,3190.0,3318.55,120345
2021-08-12,3326.6,3450.0,3326.55,3439.55,63242
2021-08-13,3450.0,3473.8,3390.0,3426.6,42777
2021-08-16,3439.95,3464.8,3410.0,3427.8,33215
2021-08-17,3436.0,3447.3,3385.35,3420.05,33695
2021-08-18,3422.0,3432.7,3375.0,3402.15,33079
2021-08-20,3345.0,3426.0,3305.05,3319.0,42020
2021-08-23,3353.95,3358.3,3180.0,3269.0,88454
2021-08-24,3264.0,3348.0,3250.1,3324.6,70026
2021-08-25,3324.6,3495.0,3323.3,3459.15,108562
2021-08-26,3488.0,3784.7,3475.1,3740.7,495369
2021-08-27,3744.0,3830.0,3654.0,3788.7,181128
2021-08-30,3818.0,4069.95,3788.7,3987.5,230941
2021-08-31,4008.45,4094.8,3869.95,4040.15,106898
2021-09-01,4066.0,4264.9,4058.0,4169.35,186085
2021-09-02,4182.65,4197.2,4034.0,4097.45,111771
2021-09-03,4097.45,4123.4,4005.0,4050.55,91374
2021-09-06,4065.0,4124.95,4001.3,4035.65,86357
2021-09-07,4035.65,4294.7,4015.45,4225.45,147631
2021-09-08,4256.9,4410.0,4209.25,4242.3,187939
2021-09-09,4257.0,4374.4,4250.15,4319.65,110552
2021-09-13,4345.8,4724.0,4345.0,4645.35,238085
2021-09-14,4735.0,5005.0,4675.0,4974.8,329741
2021-09-15,5000.0,5223.55,4835.0,4946.45,300802
2021-09-16,4971.2,5073.75,4700.0,4918.3,204259
2021-09-17,4900.0,4900.0,4705.0,4780.95,529578
2021-09-20,4698.75,4698.75,4575.0,4594.3,145532
2021-09-21,4550.0,4684.7,4352.0,4652.15,179390
2021-09-22,4680.0,4748.0,4635.5,4650.3,64668
2021-09-23,4667.8,4715.0,4651.15,4673.95,50848
2021-09-24,4697.35,4697.35,4550.0,4616.0,46866
2021-09-27,4660.0,4684.7,4560.0,4587.55,34441
2021-09-28,4600.0,4604.6,4444.0,4517.6,54980
2021-09-29,4480.0,4675.0,4451.7,4602.6,61462
2021-09-30,4615.0,4635.05,4509.0,4517.4,36026
2021-10-01,4500.0,4581.65,4452.0,4549.85,46519
2021-10-04,4575.0,4743.0,4545.0,4695.85,77837
2021-10-05,4725.0,4805.0,4625.0,4687.5,110261
2021-10-06,4695.0,4722.5,4621.25,4632.5,72039
2021-10-07,4656.0,4656.0,4552.55,4568.4,88326
2021-10-08,4568.0,4580.35,4500.85,4519.65,46023
2021-10-11,4525.0,4645.0,4472.6,4506.95,45019
2021-10-12,4520.0,4544.2,4471.95,4488.1,28886
2021-10-13,4490.25,4563.05,4455.0,4472.95,36149
2021-10-14,4489.8,4560.0,4445.0,4464.7,41004
2021-10-18,4465.25,4520.0,4465.25,4485.1,29600
2021-10-19,4490.0,4588.8,4447.0,4480.75,42951
2021-10-20,4476.0,4476.0,4075.55,4145.95,113704
2021-10-21,4190.0,4247.85,3800.0,3822.5,176492
2021-10-22,3752.25,3816.65,3502.1,3547.0,232685
2021-10-25,3550.0,3935.2,3511.0,3824.5,245196
2021-10-26,3838.0,4048.8,3825.0,3965.8,118649
2021-10-27,4010.0,4048.95,3825.05,3836.15,63738
2021-10-28,3737.0,3737.0,3520.0,3558.95,175488
2021-10-29,3564.0,3620.0,3399.0,3459.9,91891
2021-11-01,3390.0,3467.25,3280.0,3289.3,151160
2021-11-02,3344.0,3425.0,3025.2,3353.05,177435
2021-11-03,3365.0,3498.0,3360.0,3394.25,91813
2021-11-04,3431.0,3476.0,3395.05,3453.0,24037
2021-11-08,3492.9,3500.0,3289.15,3294.5,129898
2021-11-09,3326.7,3340.0,3265.0,3270.85,77696
2021-11-10,3294.7,3294.7,3200.15,3207.75,78283
2021-11-11,3230.0,3266.9,3117.1,3131.35,101534
2021-11-12,3169.9,3169.95,2960.0,2978.25,236427
2021-11-15,2980.65,3160.0,2885.2,3136.85,270662
2021-11-16,3140.0,3372.0,3137.15,3337.3,225659
2021-11-17,3350.0,3380.4,3221.0,3273.35,109939
2021-11-18,3289.9,3289.9,3125.0,3158.9,77185
2021-11-22,3165.0,3174.9,3001.0,3026.05,68292
2021-11-23,3000.0,3175.0,2950.6,3155.7,69683
2021-11-24,3250.0,3325.0,3163.15,3186.75,104769
2021-11-25,3208.8,3208.8,3065.0,3114.95,68037
2021-11-26,3071.0,3195.05,3060.0,3085.45,91383
2021-11-29,2995.0,3040.0,2902.0,2966.55,86122
2021-11-30,2952.25,3048.0,2952.25,2997.25,50228
2021-12-01,3010.0,3030.0,2936.0,2952.15,54845
2021-12-02,3000.0,3088.85,2968.5,3035.6,89158
2021-12-03,3048.0,3200.0,3023.15,3078.05,110979
2021-12-06,3118.0,3118.0,3000.0,3004.7,41218
2021-12-07,3029.0,3084.0,3004.0,3065.55,36605
2021-12-08,3088.9,3309.0,3081.3,3277.55,167891
2021-12-09,3320.25,3356.0,3270.0,3317.35,114951
2021-12-10,3317.35,3339.0,3277.0,3294.4,39055
2021-12-13,3325.0,3335.0,3205.2,3220.5,40600
2021-12-14,3200.0,3239.05,3141.0,3176.25,33871
2021-12-15,3159.0,3267.9,3140.0,3193.7,47160
2021-12-16,3224.0,3247.9,3160.0,3177.4,27524
2021-12-17,3211.0,3211.0,3075.0,3126.55,55188
2021-12-20,3060.0,3075.0,2950.45,2981.3,83505
2021-12-21,3000.5,3075.0,2972.65,3000.0,44606
2021-12-22,3048.0,3164.0,3030.05,3134.6,42078
2021-12-23,3155.0,3250.0,3155.0,3186.95,54854
2021-12-24,3204.2,3229.5,3115.0,3127.15,23855
2021-12-27,3148.0,3220.0,3082.25,3182.95,37563
2021-12-28,3205.9,3308.0,3201.0,3254.7,94362
2021-12-29,3260.0,3292.0,3120.3,3203.75,43781
2021-12-30,3225.0,3226.05,3160.1,3166.0,35312
2021-12-31,3180.0,3435.0,3171.4,3409.8,287172
2022-01-03,3479.7,3750.0,3465.25,3720.25,370464
2022-01-04,3778.0,3935.0,3750.55,3783.9,269195
2022-01-05,3783.0,3793.2,3622.0,3685.15,119873
2022-01-06,3625.0,3790.0,3580.0,3724.75,135869
2022-01-07,3754.0,3760.0,3617.45,3632.3,81972
2022-01-10,3665.4,3689.0,3580.55,3673.45,57658
2022-01-11,3665.0,3709.0,3617.55,3685.55,64463
2022-01-12,3732.1,3758.95,3675.05,3685.0,67361
2022-01-13,3707.0,3735.0,3656.85,3686.7,42135
2022-01-14,3670.25,3725.0,3622.6,3643.05,30744
2022-01-17,3620.0,3692.25,3620.0,3645.0,35387
2022-01-18,3650.0,3725.0,3567.0,3602.15,67856
2022-01-19,3580.0,3609.95,3500.0,3512.35,63353
2022-01-20,3525.0,3547.4,3449.0,3460.65,36751
2022-01-21,3420.0,3435.75,3333.75,3350.65,62826
2022-01-24,3340.0,3344.6,3085.0,3177.15,97558
2022-01-25,3144.0,3295.15,3012.15,3196.55,82456
2022-01-27,3150.0,3168.95,3081.4,3089.55,50822
2022-01-28,3089.55,3245.0,3089.0,3189.0,46976
2022-01-31,3250.0,3345.0,3201.15,3255.05,51030
2022-02-01,3282.0,3333.0,3232.0,3293.3,42548
2022-02-02,3329.0,3549.0,3320.0,3374.05,163402
2022-02-03,3636.0,3714.75,3552.0,3604.9,270536
2022-02-04,3642.0,3686.9,3457.0,3509.1,91816
2022-02-07,3500.0,3546.8,3400.05,3422.1,52937
2022-02-08,3448.0,3462.5,3199.0,3222.8,129036
2022-02-09,3255.0,3295.0,3093.55,3120.45,159824
2022-02-10,3148.0,3225.0,3105.4,3127.0,97436
2022-02-11,3126.0,3158.85,2959.0,2996.05,145229
2022-02-14,2935.0,2935.0,2810.25,2843.45,197465
2022-02-15,2855.0,2953.0,2726.0,2906.6,206892
2022-02-16,2954.0,3066.4,2944.5,3047.8,140929
2022-02-17,3081.4,3091.9,3012.0,3051.95,59419
2022-02-18,3000.0,3035.95,2982.5,3005.75,48736
2022-02-21,2975.75,2975.75,2850.0,2861.65,105936
2022-02-22,2749.0,2825.85,2700.5,2787.3,103373
2022-02-23,2830.0,2925.0,2829.0,2905.25,95190
2022-02-24,2762.1,2850.0,2696.65,2711.95,145084
2022-02-25,2752.0,2870.45,2746.35,2827.45,84803
2022-02-28,2814.0,2880.0,2751.7,2856.45,59692
2022-03-02,2836.0,2927.0,2820.05,2890.4,58703
2022-03-03,2935.4,2991.25,2812.55,2820.05,75902
2022-03-04,2830.0,2838.55,2730.0,2779.4,57509
2022-03-07,2698.0,2775.2,2692.75,2730.85,53814
2022-03-08,2752.9,2819.0,2739.6,2805.5,50343
2022-03-09,2858.2,2898.0,2812.2,2878.8,49647
2022-03-10,2982.0,2995.0,2894.55,2926.1,72813
2022-03-11,2900.0,2944.95,2871.15,2882.4,39748
2022-03-14,2900.0,2920.0,2828.05,2901.25,73290
2022-03-15,2905.8,2968.0,2890.0,2900.55,61817
2022-03-16,2930.0,3125.0,2925.05,3081.25,389852
2022-03-17,3139.0,3164.2,3080.15,3112.25,118961
2022-03-21,3114.5,3141.55,3071.0,3108.55,56614
2022-03-22,3103.9,3110.0,3035.0,3081.65,55130
2022-03-23,3100.0,3159.25,3074.15,3090.9,58374
2022-03-24,3079.0,3104.55,3046.6,3055.5,34827
2022-03-25,3079.0,3090.15,2982.35,2993.9,44226
2022-03-28,2993.9,3008.4,2864.1,2887.4,131522
2022-03-29,2890.0,2958.7,2850.0,2859.85,96730
2022-03-30,2890.0,3021.0,2889.0,2946.0,115544
2022-03-31,2950.0,3008.75,2876.0,2905.5,92918
2022-04-01,2915.0,3019.8,2905.0,2990.45,81382
2022-04-04,3050.0,3247.0,3035.0,3200.5,250775
2022-04-05,3260.0,3458.0,3260.0,3421.55,471293
2022-04-06,3450.0,3504.0,3350.05,3431.35,198395
2022-04-07,3431.0,3454.9,3320.3,3342.3,82416
2022-04-08,3350.4,3488.0,3350.4,3403.9,139591
2022-04-11,3415.45,3449.0,3345.0,3359.15,76782
2022-04-12,3371.0,3418.0,3221.0,3240.35,130877
2022-04-13,3294.65,3319.75,3209.05,3243.9,44661
2022-04-18,3232.0,3285.0,3148.0,3222.75,76775
2022-04-19,3230.75,3285.0,3148.1,3169.75,48314
2022-04-20,3213.6,3300.0,3158.45,3175.25,44860
2022-04-21,3200.0,3338.6,3200.0,3302.7,79148
2022-04-22,3269.0,3282.35,3225.0,3239.2,44664
2022-04-25,3224.65,3312.0,3167.0,3221.45,89866
2022-04-26,3274.95,3310.0,3211.1,3259.5,57441
2022-04-27,3225.0,3260.0,3168.0,3225.1,40887
2022-04-28,3243.1,3302.0,3210.0,3270.75,62818
2022-04-29,3305.8,3335.8,3200.05,3231.65,47472
2022-05-02,3180.0,3229.6,3157.0,3198.7,30274
2022-05-04,3236.4,3237.55,3100.0,3117.05,36629
2022-05-05,3153.95,3185.1,3062.0,3069.95,32555
2022-05-06,3005.0,3028.85,2956.1,2983.1,48644
2022-05-09,2971.1,2979.75,2880.0,2913.0,45956
2022-05-10,2912.0,2970.0,2821.0,2848.2,39803
2022-05-11,2840.0,3088.0,2700.0,3042.7,423257
2022-05-12,3068.0,3174.9,2905.0,3070.75,404903
2022-05-13,3150.0,3175.0,2951.0,2974.2,131281
2022-05-16,3025.0,3025.0,2900.05,2921.05,69268
2022-05-17,2949.0,3045.0,2913.0,3028.25,82094
2022-05-18,3060.0,3073.05,2955.4,2962.85,70603
2022-05-19,2900.0,2950.3,2900.0,2918.5,50065
2022-05-20,2943.7,3016.7,2909.45,2943.45,58099
2022-05-23,2974.0,2997.65,2895.0,2909.7,40595
2022-05-24,2938.0,2945.9,2881.1,2901.1,38222
2022-05-25,2901.2,2923.2,2751.3,2775.0,66698
2022-05-26,2782.25,2815.15,2701.0,2769.1,48935
2022-05-27,2809.85,2867.35,2801.85,2828.4,39717
2022-05-30,2859.0,3077.0,2854.6,3038.5,150469
2022-05-31,3050.0,3276.95,3000.0,3214.0,167878
2022-06-01,3250.0,3332.95,3220.0,3254.75,120449
2022-06-02,3286.0,3457.0,3266.65,3303.95,419669
2022-06-03,3350.0,3350.0,3186.05,3201.15,93784
2022-06-06,3200.0,3222.2,3101.55,3152.9,67902
2022-06-07,3140.05,3197.95,3090.0,3115.1,47666
2022-06-08,3146.9,3146.9,3084.05,3103.8,33501
2022-06-09,3065.0,3087.95,3035.0,3048.8,34636
2022-06-10,3030.0,3032.15,2937.65,2961.0,58640
2022-06-13,2923.95,2923.95,2850.0,2885.4,46371
2022-06-14,2865.0,2966.35,2852.0,2915.15,48342
2022-06-15,2941.0,2997.4,2912.0,2967.2,37424
2022-06-16,2989.0,3043.9,2858.65,2869.9,54317
2022-06-17,2825.0,2863.15,2775.0,2805.35,44867
2022-06-20,2802.0,2822.05,2716.0,2741.65,45498
2022-06-21,2791.0,2824.75,2764.55,2815.7,34556
2022-06-22,2820.0,2849.95,2785.5,2800.65,30718
2022-06-23,2819.8,2836.0,2796.0,2820.15,21634
2022-06-24,2840.0,2867.95,2822.4,2859.4,26712
2022-06-27,2909.8,2971.85,2900.0,2941.05,36230
2022-06-28,2920.0,2939.65,2887.35,2907.55,20540
2022-06-29,2870.0,2895.0,2856.25,2863.25,16743
2022-06-30,2860.0,2908.0,2848.3,2867.3,17991
2022-07-01,2860.0,2897.0,2831.7,2887.45,21727
2022-07-04,2935.0,2935.0,2851.0,2863.1,19543
2022-07-05,2880.55,2916.9,2861.9,2875.0,20440
2022-07-06,2890.0,2896.65,2856.35,2878.45,19198
2022-07-07,2903.2,2967.1,2902.95,2929.15,27794
2022-07-08,2949.0,2998.0,2894.0,2916.05,33121
2022-07-11,2881.0,2950.0,2881.0,2938.1,23204
2022-07-12,2925.0,3145.0,2901.0,3106.15,124195
2022-07-13,3129.0,3189.0,3035.1,3099.6,137638
2022-07-14,3098.7,3098.7,3012.2,3050.75,61290
2022-07-15,3072.0,3074.25,2982.0,2999.5,42811
2022-07-18,3024.9,3047.35,3006.25,3033.15,21476
2022-07-19,3025.0,3100.5,3024.65,3090.8,51839
2022-07-20,3130.0,3183.0,3100.0,3119.9,53245
2022-07-21,3130.0,3155.05,3082.4,3127.75,41749
2022-07-22,3151.35,3334.0,3138.45,3319.6,403222
2022-07-25,3350.0,3449.55,3340.0,3431.5,277663
2022-07-26,3440.0,3441.0,3254.0,3284.0,96086
2022-07-27,3251.0,3365.0,3205.05,3325.55,113753
2022-07-28,3344.0,3420.0,3332.35,3358.85,80246
2022-07-29,3383.0,3420.0,3364.75,3401.0,70134
2022-08-01,3420.1,3568.8,3405.65,3543.1,316701
2022-08-02,3562.0,3794.85,3561.95,3768.85,466038
2022-08-03,3785.4,3815.95,3623.0,3673.85,162408
2022-08-04,3704.0,3744.7,3548.35,3638.8,123353
2022-08-05,3660.0,3673.6,3559.9,3576.45,68978
2022-08-08,3580.9,3637.0,3510.0,3572.9,118556
2022-08-10,3589.0,3697.15,3558.2,3664.6,133039
2022-08-11,3700.0,3746.0,3665.0,3693.0,95867
2022-08-12,3722.0,3824.8,3521.35,3553.5,522172
2022-08-16,3583.9,3583.9,3506.55,3557.45,110607
2022-08-17,3550.0,3700.0,3550.0,3647.75,163222
2022-08-18,3647.0,3690.0,3605.45,3628.65,56036
2022-08-19,3633.0,3658.0,3555.9,3583.5,50273
2022-08-22,3579.0,3579.0,3465.0,3480.25,58863
2022-08-23,3425.0,3531.85,3401.0,3491.15,40981
2022-08-24,3469.0,3595.0,3469.0,3554.05,66762
2022-08-25,3583.0,3599.0,3512.75,3524.4,35741
2022-08-26,3548.0,3579.5,3515.0,3532.05,37573
2022-08-29,3400.55,3515.0,3366.6,3439.55,56714
2022-08-30,3476.0,3496.05,3440.8,3465.0,45326
2022-09-01,3450.0,3559.0,3445.0,3487.1,54171
2022-09-02,3510.0,3575.0,3418.45,3428.95,87239
2022-09-05,3440.0,3474.0,3377.0,3436.3,41396
2022-09-06,3460.0,3478.0,3432.05,3454.1,28796
2022-09-07,3452.0,3495.95,3415.0,3434.75,64624
2022-09-08,3460.0,3625.0,3455.05,3618.1,252861
2022-09-09,3659.0,3668.6,3590.0,3608.1,77854
2022-09-12,3645.0,3750.3,3625.2,3653.3,185311
2022-09-13,3690.15,3699.95,3631.45,3653.9,103545
2022-09-14,3650.0,3722.0,3593.3,3680.15,133872
2022-09-15,3750.0,3844.0,3709.0,3739.45,311198
2022-09-16,3720.0,3770.0,3560.0,3578.8,119493
2022-09-19,3579.0,3637.3,3494.3,3558.1,94187
2022-09-20,3586.0,3662.65,3570.55,3621.4,54193
2022-09-21,3600.0,3643.35,3550.0,3568.5,42724
2022-09-22,3538.8,3603.0,3534.0,3591.8,54551
2022-09-23,3600.0,3643.0,3540.05,3549.05,61899
2022-09-26,3519.0,3519.0,3385.0,3398.65,89892
2022-09-27,3415.0,3447.15,3240.05,3280.9,146709
2022-09-28,3280.6,3280.6,3221.0,3228.8,59712
2022-09-29,3270.0,3316.85,3200.0,3214.25,50969
2022-09-30,3225.4,3225.4,3113.9,3167.5,107571
2022-10-03,3183.9,3192.7,3105.1,3120.0,72248
2022-10-04,3175.0,3223.3,3171.15,3183.5,47617
2022-10-06,3212.4,3265.0,3210.0,3233.1,42780
2022-10-07,3247.7,3253.95,3209.05,3219.0,32880
2022-10-10,3178.0,3210.0,3142.0,3157.25,59298
2022-10-11,3175.75,3197.0,3110.0,3116.45,58688
2022-10-12,3120.25,3140.0,3006.05,3055.9,74623
2022-10-13,3065.0,3088.35,3027.3,3038.75,38416
2022-10-14,3137.7,3137.7,3030.55,3041.9,48264
2022-10-17,3046.95,3065.0,3006.05,3024.3,36970
2022-10-18,3050.05,3080.0,3025.5,3042.35,39773
2022-10-19,3063.95,3065.0,3018.0,3026.0,27655
2022-10-20,3019.0,3084.0,3010.05,3075.0,50895
2022-10-21,3095.7,3099.0,3055.95,3063.55,31597
2022-10-24,3086.65,3095.0,3075.05,3087.15,13889
2022-10-25,3098.0,3110.0,3072.0,3100.85,29700
2022-10-27,3120.0,3148.15,2951.0,2978.05,266097
2022-10-28,2969.0,3037.95,2969.0,3012.9,59978
2022-10-31,3028.0,3048.0,2995.2,3025.0,32544
2022-11-01,3036.4,3069.8,3030.0,3057.4,39674
2022-11-02,3072.7,3114.9,3048.05,3092.35,37188
2022-11-03,3070.0,3112.75,3055.55,3080.4,25556
2022-11-04,3080.0,3100.0,3050.0,3070.95,23129
2022-11-07,3072.0,3090.0,3050.0,3057.2,26579
2022-11-09,3057.0,3080.3,3052.55,3066.35,24765
2022-11-10,3053.0,3089.0,3015.1,3021.05,27904
2022-11-11,3040.1,3066.65,3010.0,3023.75,23216
2022-11-14,3037.4,3046.55,2985.0,2990.4,38243
2022-11-15,2997.0,3000.0,2955.0,2961.35,31596
2022-11-16,2976.2,2976.2,2940.0,2957.85,27757
2022-11-17,2953.0,2964.45,2882.2,2907.85,35013
2022-11-18,2900.05,2936.6,2871.5,2899.55,47343
2022-11-21,2910.0,2961.9,2890.05,2927.95,51409
2022-11-22,2928.1,3013.15,2893.5,2907.7,70458
2022-11-23,2922.0,2935.7,2905.0,2920.25,18287
2022-11-24,2934.0,2942.35,2912.0,2929.85,25298
2022-11-25,2929.85,2939.95,2913.0,2925.0,17536
2022-11-28,2926.5,2947.1,2922.0,2928.55,22816
2022-11-29,2940.0,3079.2,2925.0,3039.9,111928
2022-11-30,3040.0,3069.9,3026.1,3044.8,33034
2022-12-01,3045.95,3125.0,3045.05,3054.95,40158
2022-12-02,3046.0,3046.0,2990.1,3000.05,30961
2022-12-05,3015.1,3027.65,2918.0,2932.55,71611
2022-12-06,2932.55,2939.9,2880.0,2889.0,77236
2022-12-07,2903.45,2910.8,2860.0,2867.3,33897
2022-12-08,2886.1,2889.0,2862.45,2877.0,19294
2022-12-09,2880.0,2889.0,2830.0,2843.8,36205
2022-12-12,2843.8,2855.7,2820.0,2831.95,26876
2022-12-13,2875.0,2875.0,2838.05,2851.7,23176
2022-12-14,2856.3,2873.15,2845.55,2860.5,25702
2022-12-15,2862.0,2873.2,2795.1,2811.6,45085
2022-12-16,2811.6,2887.45,2806.55,2867.55,45837
2022-12-19,2874.75,2879.3,2835.05,2864.15,19964
2022-12-20,2848.0,2875.7,2840.6,2847.9,11218
2022-12-21,2841.0,2872.0,2820.0,2830.3,27456
2022-12-22,2839.55,2880.0,2745.0,2755.6,42595
2022-12-23,2755.55,2755.55,2623.0,2631.9,65458
2022-12-26,2645.05,2734.7,2593.75,2710.6,47173
2022-12-27,2724.2,2764.25,2720.0,2727.9,23491
2022-12-28,2728.05,2754.55,2700.0,2712.1,23105
2022-12-29,2712.6,2749.0,2685.0,2707.2,20556
2022-12-30,2720.75,2774.5,2700.0,2708.8,34226
2023-01-02,2729.85,2729.85,2636.5,2646.3,67759
2023-01-03,2656.9,2672.05,2634.0,2636.0,44890
2023-01-04,2643.75,2666.0,2609.35,2614.45,38448
2023-01-05,2627.55,2645.95,2527.55,2556.3,75412
2023-01-06,2551.0,2578.0,2512.0,2550.6,37246
2023-01-09,2566.6,2604.15,2552.0,2567.85,33094
2023-01-10,2580.7,2614.5,2560.6,2602.75,31212
2023-01-11,2622.45,2622.45,2571.45,2588.3,17502
2023-01-12,2588.0,2607.9,2543.7,2554.25,30966
2023-01-13,2566.95,2582.25,2551.0,2560.9,22410
2023-01-16,2560.0,2575.0,2549.95,2556.4,14120
2023-01-17,2560.0,2560.0,2490.0,2497.8,54586
2023-01-18,2497.8,2518.6,2430.05,2442.25,70073
2023-01-19,2440.25,2450.55,2410.0,2427.95,53645
2023-01-20,2420.0,2430.9,2374.15,2380.45,45283
2023-01-23,2371.0,2386.2,2335.7,2342.1,44352
2023-01-24,2340.0,2435.0,2330.0,2340.85,80959
2023-01-25,2321.0,2347.45,2287.0,2302.3,67558
2023-01-27,2313.85,2319.7,2250.0,2280.8,56681
2023-01-30,2281.3,2306.0,2251.0,2258.35,27654
2023-01-31,2263.45,2399.9,2257.7,2386.0,85739
2023-02-01,2399.0,2435.0,2315.65,2326.45,77248
2023-02-02,2300.0,2339.9,2292.05,2315.55,26958
2023-02-03,2317.05,2340.0,2288.45,2331.2,22885
2023-02-06,2344.8,2384.35,2284.1,2300.45,45935
2023-02-07,2250.0,2254.95,2163.8,2172.4,184603
2023-02-08,2165.0,2275.0,2152.0,2194.45,101960
2023-02-09,2190.45,2216.6,2185.0,2195.7,32521
2023-02-10,2192.0,2209.9,2154.15,2169.25,45271
2023-02-13,2169.9,2224.0,2167.05,2185.45,43389
2023-02-14,2182.0,2198.35,2150.0,2154.85,33678
2023-02-15,2160.65,2163.25,2125.0,2133.9,31135
2023-02-16,2136.6,2230.0,2136.6,2210.85,59209
2023-02-17,2221.95,2254.45,2208.05,2217.85,46396
2023-02-20,2228.9,2228.9,2164.4,2176.45,40856
2023-02-21,2185.55,2210.0,2160.0,2199.0,37425
2023-02-22,2199.0,2199.85,2165.0,2172.3,16855
2023-02-23,2180.0,2183.15,2148.7,2152.1,22332
2023-02-24,2159.7,2189.95,2150.0,2155.65,16597
2023-02-27,2158.0,2175.0,2135.15,2157.9,23292
2023-02-28,2157.9,2210.0,2154.0,2198.6,27563
2023-03-01,2202.0,2220.0,2181.55,2193.55,20789
2023-03-02,2194.0,2219.9,2187.0,2192.1,17799
2023-03-03,2203.1,2205.0,2180.0,2183.2,26057
2023-03-06,2194.3,2249.0,2194.25,2226.0,47827
2023-03-08,2193.9,2221.15,2176.0,2211.8,34645
2023-03-09,2220.0,2288.0,2206.0,2274.25,81077
2023-03-10,2267.0,2285.0,2224.0,2260.9,46716
2023-03-13,2269.95,2270.0,2145.45,2155.35,63213
2023-03-14,2155.95,2184.95,2080.05,2092.9,67447
2023-03-15,2117.1,2124.0,2055.0,2059.5,47992
2023-03-16,2054.0,2061.95,1998.0,2003.7,67526
2023-03-17,2013.75,2058.25,2000.0,2006.45,45366
2023-03-20,1976.2,2040.0,1975.0,1985.0,43257
2023-03-21,1995.95,2039.0,1976.15,2004.35,52064
2023-03-22,2014.95,2034.85,2003.0,2006.9,25224
2023-03-23,2026.95,2093.0,2006.9,2064.8,95409
2023-03-24,2078.0,2088.75,2016.85,2022.15,38388
2023-03-27,2030.0,2037.55,1974.1,1984.65,41952
2023-03-28,1987.95,1993.95,1940.0,1945.1,49381
2023-03-29,1932.1,1972.75,1932.1,1942.4,54995
2023-03-31,1944.9,1992.95,1936.0,1943.3,51382
2023-04-03,1943.5,2118.85,1943.5,2094.05,306073
2023-04-05,2105.0,2150.0,2100.7,2127.65,80158
2023-04-06,2120.05,2170.0,2089.0,2148.2,47812
2023-04-10,2163.95,2264.45,2150.05,2254.0,123718
2023-04-11,2253.0,2395.0,2226.8,2363.2,252679
2023-04-12,2377.0,2500.0,2352.0,2486.4,287325
2023-04-13,2495.0,2546.95,2425.0,2494.35,179303
2023-04-17,2461.0,2468.45,2360.15,2377.7,123585
2023-04-18,2375.0,2415.0,2333.45,2394.85,110102
2023-04-19,2385.0,2424.0,2330.0,2346.2,47980
2023-04-20,2346.5,2369.0,2205.55,2221.6,138977
2023-04-21,2236.3,2275.05,2165.7,2184.45,136184
2023-04-24,2194.0,2200.0,2174.15,2190.7,46159
2023-04-25,2193.95,2207.0,2130.0,2142.95,82172
2023-04-26,2153.75,2164.85,2085.0,2097.15,136890
2023-04-27,2109.55,2129.35,2096.0,2098.9,68845
2023-04-28,2120.0,2128.15,2090.55,2100.3,67995
2023-05-02,2121.75,2282.9,2113.3,2226.35,330502
2023-05-03,2236.0,2309.9,2218.55,2298.05,222426
2023-05-04,2310.0,2333.0,2272.0,2283.5,100313
2023-05-05,2291.0,2298.8,2212.0,2229.0,50147
2023-05-08,2229.0,2368.45,2229.0,2358.35,198286
2023-05-09,2378.7,2416.85,2370.0,2387.05,133455
2023-05-10,2407.85,2407.85,2331.1,2356.75,68918
2023-05-11,2359.6,2399.9,2359.6,2382.3,69091
2023-05-12,2382.45,2389.85,2359.6,2371.35,37328
2023-05-15,2387.3,2394.0,2360.1,2390.35,42090
2023-05-16,2404.35,2450.0,2391.0,2411.95,77482
2023-05-17,2414.95,2414.95,2350.0,2365.75,46099
2023-05-18,2376.95,2405.95,2365.0,2377.7,32895
2023-05-19,2376.9,2380.05,2297.35,2306.5,77190
2023-05-22,1999.95,2247.2,1880.0,2167.3,1123040
2023-05-23,2185.0,2282.0,2184.5,2211.1,347924
2023-05-24,2211.1,2224.85,2154.6,2162.25,108997
2023-05-25,2178.0,2190.55,2150.0,2155.25,46907
2023-05-26,2166.4,2185.75,2140.0,2158.75,42370
2023-05-29,2183.0,2183.0,2133.0,2142.7,50360
2023-05-30,2157.0,2165.6,2110.25,2121.25,59763
2023-05-31,2144.0,2144.0,2098.55,2104.95,44110
2023-06-01,2114.5,2143.0,2106.25,2116.65,38924
2023-06-02,2126.0,2163.0,2122.15,2143.95,50656
2023-06-05,2169.95,2183.8,2146.8,2170.65,51345
2023-06-06,2184.0,2184.0,2155.0,2170.85,33994
2023-06-07,2170.85,2178.35,2157.0,2168.9,34525
2023-06-08,2164.0,2197.05,2164.0,2177.85,59112
2023-06-09,2177.85,2188.75,2150.1,2156.35,27185
2023-06-12,2160.05,2183.95,2149.0,2166.55,35389
2023-06-13,2169.9,2222.9,2163.75,2196.85,76087
2023-06-14,2225.0,2250.0,2201.9,2241.6,82724
2023-06-15,2255.0,2275.0,2229.25,2249.2,69468
2023-06-16,2257.9,2273.0,2243.1,2261.15,46560
2023-06-19,2284.6,2391.0,2266.05,2369.45,172447
2023-06-20,2371.05,2445.95,2371.05,2437.55,177515
2023-06-21,2450.05,2458.9,2385.0,2400.65,82944
2023-06-22,2370.05,2395.45,2325.05,2338.35,59183
2023-06-23,2349.9,2355.0,2275.8,2289.1,49964
2023-06-26,2304.05,2304.05,2239.0,2252.85,48547
2023-06-27,2265.0,2329.0,2259.35,2321.0,74235
2023-06-28,2336.7,2356.0,2322.0,2331.05,43335
2023-06-30,2352.45,2358.0,2310.0,2316.55,40880
2023-07-03,2329.0,2350.0,2300.0,2302.6,51119
2023-07-04,2315.0,2315.0,2275.0,2286.2,39237
2023-07-05,2286.2,2301.8,2263.0,2278.2,33103
2023-07-06,2281.0,2299.15,2270.05,2290.0,34211
2023-07-07,2280.0,2327.0,2268.25,2299.6,56027
2023-07-10,2299.6,2304.9,2227.0,2236.0,53008
2023-07-11,2248.65,2248.65,2201.1,2209.1,51124
2023-07-12,2210.95,2230.45,2172.0,2185.1,57817
2023-07-13,2185.1,2199.0,2152.1,2156.35,47129
2023-07-14,2156.35,2240.0,2150.0,2215.3,58869
2023-07-17,2239.0,2279.7,2197.95,2210.75,66791
2023-07-18,2223.95,2233.0,2186.0,2213.0,30234
2023-07-19,2224.85,2235.1,2205.0,2207.55,25981
2023-07-20,2208.0,2244.0,2197.45,2214.1,31074
2023-07-21,2210.0,2213.15,2180.35,2193.05,26818
2023-07-24,2193.05,2223.85,2171.0,2193.55,33921
2023-07-25,2207.65,2220.0,2174.0,2193.05,34130
2023-07-26,2205.85,2205.85,2178.05,2184.75,20552
2023-07-27,2191.0,2199.95,2165.0,2172.0,27496
2023-07-28,2183.25,2190.0,2167.1,2177.5,33888
2023-07-31,2200.0,2215.95,2178.6,2188.05,35477
2023-08-01,2207.8,2210.0,2185.0,2203.25,24938
2023-08-02,2216.0,2269.95,2188.05,2224.75,128856
2023-08-03,2225.0,2252.85,2205.05,2240.65,41742
2023-08-04,2264.65,2264.65,2221.95,2233.2,42901
2023-08-07,2260.0,2275.0,2215.3,2223.75,34933
2023-08-08,2223.65,2229.95,2199.8,2203.15,24196
2023-08-09,2203.15,2209.35,2191.2,2196.4,16001
2023-08-10,2196.4,2214.6,2191.1,2199.5,18627
2023-08-11,2204.0,2220.5,2192.4,2201.45,26266
2023-08-14,2204.95,2205.0,2171.95,2181.9,20686
2023-08-16,2149.2,2167.75,2097.0,2107.1,201591
2023-08-17,2062.05,2099.5,2028.45,2038.55,166315
2023-08-18,2046.05,2117.95,2002.25,2077.75,93952
2023-08-21,2087.95,2092.0,2055.35,2070.3,28071
2023-08-22,2070.0,2080.65,2062.05,2069.65,20063
2023-08-23,2080.9,2118.0,2068.0,2090.25,35428
2023-08-24,2090.0,2126.1,2086.65,2116.0,54053
2023-08-25,2125.0,2139.0,2095.0,2127.3,39690
2023-08-28,2141.95,2152.0,2113.85,2145.7,37911
2023-08-29,2156.0,2323.75,2146.05,2291.4,407377
2023-08-30,2319.0,2356.65,2300.0,2316.8,233725
2023-08-31,2322.0,2334.3,2235.0,2248.0,125850
2023-09-01,2242.15,2247.0,2201.0,2226.8,125266
2023-09-04,2239.95,2277.15,2235.0,2249.25,52551
2023-09-05,2269.0,2269.95,2212.6,2224.0,61864
2023-09-06,2229.0,2258.15,2202.1,2226.55,50101
2023-09-07,2235.9,2263.1,2226.75,2245.95,42188
2023-09-08,2246.95,2268.1,2222.1,2235.75,56137
2023-09-11,2250.0,2324.0,2241.0,2287.15,139759
2023-09-12,2308.25,2317.05,2209.95,2219.3,84806
2023-09-13,2222.0,2250.0,2178.0,2192.15,71787
2023-09-14,2210.0,2244.5,2202.35,2229.8,39702
2023-09-15,2241.85,2259.0,2200.0,2207.35,43848
2023-09-18,2212.55,2240.95,2201.0,2228.8,54438
2023-09-20,2248.0,2254.0,2203.25,2248.6,60568
2023-09-21,2254.05,2254.05,2213.0,2244.95,50834
2023-09-22,2256.2,2259.0,2214.35,2233.2,45635
2023-09-25,2245.15,2250.9,2210.85,2239.1,36277
2023-09-26,2245.4,2258.95,2221.0,2250.75,46648
2023-09-27,2250.7,2259.6,2226.25,2240.25,36991
2023-09-28,2248.15,2258.9,2178.45,2184.1,39801
2023-09-29,2199.0,2214.95,2170.0,2174.25,37271
2023-10-03,2185.45,2185.45,2155.0,2176.6,30205
2023-10-04,2165.0,2230.0,2161.1,2196.15,66170
2023-10-05,2196.0,2218.0,2188.9,2215.45,37480
2023-10-06,2215.45,2223.05,2192.65,2216.9,47930
2023-10-09,2195.05,2206.0,2166.9,2193.05,42461
2023-10-10,2186.0,2215.0,2183.1,2211.65,35776
2023-10-11,2215.0,2238.0,2212.0,2231.8,36202
2023-10-12,2231.55,2250.0,2205.05,2219.3,37528
2023-10-13,2205.0,2221.9,2190.0,2197.1,20565
2023-10-16,2199.95,2209.1,2185.0,2192.85,26444
2023-10-17,2204.25,2214.65,2192.0,2195.8,12723
2023-10-18,2195.8,2206.2,2186.85,2194.75,20372
2023-10-19,2180.0,2210.25,2128.9,2160.95,35951
2023-10-20,2177.0,2177.0,2120.0,2125.65,25510
2023-10-23,2129.9,2139.0,2091.05,2101.3,24300
2023-10-25,2101.3,2121.75,2046.35,2055.0,42016
2023-10-26,2055.0,2056.0,2008.65,2030.15,42443
2023-10-27,2031.0,2105.0,2031.0,2093.05,22781
2023-10-30,2099.9,2099.9,2033.1,2038.65,29091
2023-10-31,2048.35,2050.0,2032.05,2045.65,17838
2023-11-01,2049.95,2050.0,2030.0,2034.85,14967
2023-11-02,2045.0,2069.0,2020.0,2045.2,29921
2023-11-03,2057.5,2067.85,2040.2,2041.7,13951
2023-11-06,2061.85,2110.0,2043.75,2088.95,54127
2023-11-07,2089.8,2097.65,2065.0,2075.85,22935
2023-11-08,2075.85,2109.0,2059.65,2064.45,41529
2023-11-09,2030.0,2030.0,2005.25,2010.7,72181
2023-11-10,2000.0,2053.4,2000.0,2025.0,46964
2023-11-12,2054.95,2054.95,2033.2,2041.0,7323
2023-11-13,2041.0,2066.0,2016.85,2031.75,28612
2023-11-15,2044.0,2050.0,2015.0,2024.6,41140
2023-11-16,2024.6,2079.0,2024.6,2035.35,49238
2023-11-17,2048.95,2060.55,2005.1,2046.1,40927
2023-11-20,2050.0,2067.95,2022.0,2029.6,37389
2023-11-21,2044.85,2049.0,2027.05,2030.1,18456
2023-11-22,2030.95,2039.0,2017.95,2029.7,26349
2023-11-23,2039.95,2040.0,2015.0,2018.85,31359
2023-11-24,2020.1,2034.25,2017.0,2019.4,19732
2023-11-28,2024.95,2040.0,2005.05,2015.05,32630
2023-11-29,2015.45,2028.9,2011.15,2018.6,27695
2023-11-30,2030.0,2031.0,2013.1,2016.8,29202
2023-12-01,2030.0,2037.8,2008.6,2017.7,30507
2023-12-04,2041.95,2042.0,2019.0,2022.0,27921
2023-12-05,2025.0,2073.25,2025.0,2056.8,82707
2023-12-06,2069.25,2375.0,2061.0,2307.6,1769793
2023-12-07,2290.0,2368.95,2258.05,2347.25,346907
2023-12-08,2350.0,2361.4,2270.6,2296.8,115221
2023-12-11,2299.9,2300.0,2240.0,2267.25,98062
2023-12-12,2267.95,2294.0,2221.45,2232.65,72500
2023-12-13,2243.8,2249.8,2203.25,2235.85,48245
2023-12-14,2250.0,2279.0,2220.0,2224.3,51791
2023-12-15,2224.95,2390.0,2224.95,2345.35,465839
2023-12-18,2358.8,2449.9,2352.55,2398.9,315176
2023-12-19,2421.0,2462.0,2400.0,2412.8,117708
2023-12-20,2412.9,2440.0,2250.05,2272.7,155537
2023-12-21,2268.0,2386.5,2229.0,2365.55,125373
2023-12-22,2390.0,2415.0,2325.8,2365.2,67027
2023-12-26,2410.0,2650.0,2395.5,2614.6,1412772
2023-12-27,2645.0,2725.0,2615.0,2669.95,729154
2023-12-28,2669.95,2669.95,2591.1,2608.2,223938
2023-12-29,2620.0,2689.9,2585.1,2668.5,309097
2024-01-01,2675.0,2735.0,2657.3,2697.65,237557
2024-01-02,2697.65,2719.5,2590.0,2611.35,236949
2024-01-03,2625.0,2625.95,2580.25,2591.7,83053
2024-01-04,2608.0,2710.0,2595.05,2672.2,257622
2024-01-05,2689.0,2689.0,2607.95,2630.35,103094
2024-01-08,2649.9,2649.9,2555.0,2572.6,92867
2024-01-09,2600.45,2630.5,2510.35,2526.9,91240
2024-01-10,2529.95,2540.0,2488.0,2507.45,83772
2024-01-11,2525.0,2532.1,2480.7,2496.65,48967
2024-01-12,2510.4,2586.0,2503.6,2554.35,109057
2024-01-15,2580.0,2587.7,2498.05,2504.6,64258
2024-01-16,2525.0,2528.6,2440.0,2491.65,73260
2024-01-17,2456.2,2484.2,2441.0,2454.6,50995
2024-01-18,2467.65,2482.9,2334.0,2395.7,110044
2024-01-19,2424.0,2508.7,2417.6,2475.65,59242
2024-01-20,2490.05,2534.65,2444.0,2452.55,40401
2024-01-23,2467.05,2474.7,2355.0,2360.4,80226
2024-01-24,2375.3,2412.3,2317.55,2387.95,62033
2024-01-25,2403.7,2405.0,2359.1,2366.45,25877
2024-01-29,2378.6,2380.0,2336.2,2349.85,34971
2024-01-30,2351.0,2360.4,2290.0,2299.25,42846
2024-01-31,2299.5,2494.95,2279.0,2438.7,217630
2024-02-01,2399.0,2440.45,2355.0,2387.9,74698
2024-02-02,2389.45,2409.7,2320.0,2326.65,56848
2024-02-05,2321.0,2324.35,2230.85,2252.1,81023
2024-02-06,2250.0,2305.0,2242.0,2277.1,50318
2024-02-07,2277.1,2292.85,2248.0,2259.45,36882
2024-02-08,2259.45,2337.85,2241.0,2260.5,59108
2024-02-09,2260.5,2279.0,2173.0,2200.8,71685
2024-02-12,2202.35,2233.0,2175.0,2182.8,55019
2024-02-13,2187.0,2196.75,2132.4,2182.55,42654
2024-02-14,2156.0,2178.0,2141.8,2169.45,41918
2024-02-15,2180.0,2278.95,2172.3,2234.55,75884
2024-02-16,2271.0,2336.95,2234.0,2266.3,73839
2024-02-19,2268.85,2324.75,2247.05,2291.05,52394
2024-02-20,2289.95,2319.65,2275.0,2303.2,34747
2024-02-21,2312.0,2345.0,2277.2,2292.5,60787
2024-02-22,2292.5,2300.7,2260.0,2267.85,19872
2024-02-23,2270.05,2280.15,2225.0,2238.05,37834
2024-02-26,2259.0,2259.0,2205.0,2246.45,45869
2024-02-27,2217.15,2265.0,2204.45,2216.55,35517
2024-02-28,2216.55,2229.15,2180.0,2185.65,24201
2024-02-29,2176.0,2194.0,2152.0,2173.75,29538
2024-03-01,2194.0,2220.2,2175.9,2195.85,30915
2024-03-02,2210.0,2263.95,2210.0,2227.4,19573
2024-03-04,2205.15,2239.05,2186.0,2196.35,33463
2024-03-05,2209.75,2426.95,2189.5,2393.9,1279540
2024-03-06,2402.05,2431.95,2301.15,2317.2,233353
2024-03-07,2318.05,2375.5,2318.05,2337.15,88123
2024-03-11,2337.85,2337.85,2202.0,2223.6,77590
2024-03-12,2223.7,2230.15,2131.05,2156.35,79167
2024-03-13,2157.95,2165.6,2030.0,2041.05,136704
2024-03-14,2041.05,2099.0,2009.2,2057.65,84568
2024-03-15,2058.75,2129.7,2058.0,2100.95,69139
2024-03-18,2105.0,2129.7,2072.0,2081.75,39908
2024-03-19,2081.75,2114.7,2053.75,2058.2,37688
2024-03-20,2058.2,2076.95,2032.0,2036.7,33895
2024-03-21,2076.4,2086.6,2055.0,2062.35,39570
2024-03-22,2066.0,2165.0,2066.0,2106.7,181950
2024-03-26,2100.05,2106.7,2045.0,2051.95,92896
2024-03-27,2050.1,2097.5,2050.1,2066.05,108869
2024-03-28,2078.0,2085.95,2033.3,2045.25,74636
2024-04-01,2050.0,2119.0,2049.0,2098.45,61458
2024-04-02,2110.0,2138.0,2080.0,2120.95,45367
2024-04-03,2134.0,2164.7,2115.0,2123.6,55586
2024-04-04,2151.85,2317.05,2135.55,2273.7,587175
2024-04-05,2273.8,2302.45,2210.0,2238.4,111973
2024-04-08,2255.9,2258.1,2171.0,2182.1,70965
2024-04-09,2182.1,2323.95,2182.1,2268.35,242686
2024-04-10,2277.0,2327.75,2225.0,2298.55,254669
2024-04-12,2298.55,2317.95,2250.0,2269.15,79806
2024-04-15,2250.0,2253.5,2157.3,2194.75,69895
2024-04-16,2173.3,2248.3,2173.3,2228.5,46741
2024-04-18,2248.05,2259.95,2200.0,2204.4,41009
2024-04-19,2160.05,2193.0,2153.5,2172.95,41342
2024-04-22,2194.95,2243.95,2175.05,2189.1,36814
2024-04-23,2204.0,2255.0,2198.95,2228.1,52596
2024-04-24,2280.0,2280.0,2228.35,2244.55,56125
2024-04-25,2238.0,2260.0,2215.55,2236.15,28129
2024-04-26,2256.95,2256.95,2210.0,2221.35,26646
2024-04-29,2211.05,2242.45,2196.0,2202.9,41387
2024-04-30,2210.0,2219.75,2188.0,2192.35,28541
2024-05-02,2193.9,2199.6,2171.0,2175.7,22544
2024-05-03,2187.35,2205.0,2140.4,2153.45,46823
2024-05-06,2156.9,2180.0,2111.0,2127.05,47629
2024-05-07,2130.0,2141.1,2074.05,2090.3,48384
2024-05-08,2090.3,2424.0,2070.3,2296.9,893083
2024-05-09,2300.0,2300.0,2174.1,2186.3,205604
2024-05-10,2192.7,2249.85,2141.0,2185.5,95496
2024-05-13,2150.0,2220.0,2142.35,2191.95,80452
2024-05-14,2201.4,2221.9,2145.0,2156.5,68465
2024-05-15,2161.0,2219.95,2154.0,2167.6,55990
2024-05-16,2170.95,2209.0,2170.0,2179.4,38179
2024-05-17,2189.95,2232.0,2185.85,2211.6,39511
2024-05-18,2233.0,2301.0,2193.2,2277.3,44182
2024-05-21,2277.3,2292.9,2244.0,2263.3,49819
2024-05-22,2263.3,2285.95,2230.0,2238.35,34326
2024-05-23,2260.0,2278.95,2210.0,2213.35,28729
2024-05-24,2230.55,2253.45,2185.1,2191.3,36559
2024-05-27,2191.3,2200.5,2165.0,2176.9,28466
2024-05-28,2185.0,2204.8,2135.5,2146.15,38512
2024-05-29,2160.0,2178.6,2138.0,2151.3,26502
2024-05-30,2150.8,2165.0,2108.65,2112.0,23252
2024-05-31,2129.0,2133.9,2081.3,2093.25,49095
2024-06-03,2139.0,2168.95,2090.6,2099.95,44299
2024-06-04,2099.95,2119.55,1960.0,2045.25,88471
2024-06-05,2046.0,2140.0,2041.55,2109.1,40977
2024-06-06,2140.0,2149.45,2118.2,2124.65,21629
2024-06-07,2136.1,2185.0,2124.7,2153.75,64209
2024-06-10,2170.95,2218.65,2160.25,2182.8,51905
2024-06-11,2199.95,2225.0,2183.15,2199.9,29504
2024-06-12,2203.0,2220.9,2180.0,2188.45,35635
2024-06-13,2195.0,2250.0,2180.0,2245.9,86699
2024-06-14,2250.0,2267.5,2220.0,2224.25,51172
2024-06-18,2225.0,2299.75,2214.9,2246.9,90979
2024-06-19,2260.0,2289.85,2217.0,2243.65,105017
2024-06-20,2250.0,2419.0,2234.4,2397.45,617614
2024-06-21,2425.0,2507.0,2358.7,2398.6,381465
2024-06-24,2412.0,2435.0,2351.0,2357.45,103043
2024-06-25,2360.0,2373.15,2320.0,2328.55,62298
2024-06-26,2330.0,2397.15,2266.25,2324.5,101695
2024-06-27,2324.5,2382.2,2295.35,2304.85,81805
2024-06-28,2305.0,2326.65,2275.0,2289.55,47778
2024-07-01,2300.0,2400.0,2289.6,2372.05,113161
2024-07-02,2398.5,2460.0,2390.05,2421.8,196281
2024-07-03,2436.8,2448.8,2401.8,2428.25,65676
2024-07-04,2417.05,2444.4,2380.1,2407.0,78435
2024-07-05,2428.9,2428.9,2370.65,2377.85,70453
2024-07-08,2399.95,2400.0,2322.0,2330.75,55530
2024-07-09,2338.0,2364.95,2314.0,2348.9,57648
2024-07-10,2360.0,2366.95,2280.0,2323.9,47473
2024-07-11,2365.0,2365.0,2320.0,2326.15,37807
2024-07-12,2329.85,2420.85,2329.85,2360.95,112443
2024-07-15,2368.0,2396.0,2331.0,2378.3,63300
2024-07-16,2399.45,2430.0,2304.0,2336.95,90025
2024-07-18,2348.65,2355.7,2304.0,2317.45,38472
2024-07-19,2329.95,2345.0,2248.0,2263.95,49713
2024-07-22,2173.4,2309.95,2173.4,2279.5,58359
2024-07-23,2262.05,2322.0,2200.0,2286.6,73858
2024-07-24,2307.0,2340.0,2262.35,2290.3,76416
2024-07-25,2255.95,2307.25,2255.95,2272.95,33555
2024-07-26,2300.0,2448.0,2284.45,2368.6,318694
2024-07-29,2394.0,2488.0,2393.95,2409.4,165334
2024-07-30,2387.0,2534.0,2384.0,2462.5,230088
2024-07-31,2485.0,2509.95,2449.05,2499.75,129412
2024-08-01,2511.25,2549.75,2451.05,2462.25,121989
2024-08-02,2448.0,2480.0,2415.05,2439.65,66008
2024-08-05,2342.05,2381.4,2275.0,2283.4,140417
2024-08-06,2299.9,2375.0,2280.05,2292.6,72113
2024-08-07,2359.0,2415.0,2309.5,2388.65,109995
2024-08-08,2286.9,2319.0,2209.0,2222.3,377215
2024-08-09,2250.0,2255.6,2206.05,2222.35,83333
2024-08-12,2234.0,2234.0,2171.6,2193.3,63035
2024-08-13,2200.0,2202.0,2106.0,2123.75,87722
2024-08-14,2124.0,2168.5,2089.25,2118.65,89353
2024-08-16,2184.75,2184.75,2149.0,2174.0,56611
2024-08-19,2174.0,2209.1,2148.0,2152.55,60579
2024-08-20,2153.0,2200.0,2146.65,2151.65,57302
2024-08-21,2125.0,2159.1,2125.0,2146.3,56176
2024-08-22,2157.1,2237.5,2156.0,2182.6,125838
2024-08-23,2199.7,2203.15,2164.0,2180.55,56289
2024-08-26,2209.0,2209.0,2165.0,2172.45,49814
2024-08-27,2184.35,2229.95,2174.3,2223.05,83965
2024-08-28,2223.05,2241.0,2188.05,2193.7,32870
2024-08-29,2209.7,2249.0,2184.0,2208.3,95989
2024-08-30,2220.05,2231.4,2200.0,2224.35,34692
2024-09-02,2245.2,2245.2,2190.1,2198.15,30908
2024-09-03,2215.0,2224.0,2190.05,2197.45,31220
2024-09-04,2190.0,2239.0,2181.0,2206.05,68736
2024-09-05,2208.0,2247.0,2208.0,2219.45,44083
2024-09-06,2223.9,2293.5,2220.0,2235.0,150759
2024-09-09,2250.0,2250.9,2205.15,2220.55,32928
2024-09-10,2229.1,2318.55,2229.05,2298.1,98211
2024-09-11,2350.0,2350.05,2266.55,2291.45,64414
2024-09-12,2296.5,2318.0,2255.0,2266.55,34807
2024-09-13,2266.55,2306.4,2266.55,2274.35,37347
2024-09-16,2286.05,2324.0,2278.0,2290.0,48881
2024-09-17,2270.0,2309.9,2266.85,2301.55,39821
2024-09-18,2313.05,2433.0,2302.05,2345.35,485980
2024-09-19,2376.0,2425.05,2305.0,2349.25,147552
2024-09-20,2376.8,2376.8,2296.2,2306.25,93217
2024-09-23,2309.95,2326.5,2280.0,2314.9,54379
2024-09-24,2317.95,2385.3,2305.55,2312.4,103014
2024-09-25,2330.0,2341.6,2286.25,2297.55,45176
2024-09-26,2301.25,2310.0,2281.0,2286.6,23051
2024-09-27,2290.15,2325.0,2275.05,2284.75,34010
2024-09-30,2284.75,2311.0,2270.0,2287.05,32273
2024-10-01,2291.55,2374.0,2285.0,2351.95,111809
2024-10-03,2345.95,2368.9,2256.0,2264.3,81078
2024-10-04,2264.3,2277.8,2200.25,2247.8,54899
2024-10-07,2247.8,2263.95,2148.9,2165.1,71545
2024-10-08,2135.05,2240.0,2130.15,2230.75,48755
2024-10-09,2243.0,2266.95,2226.65,2240.35,23771
2024-10-10,2250.0,2269.9,2226.05,2247.0,31154
2024-10-11,2236.05,2246.95,2220.0,2226.25,20710
2024-10-14,2242.0,2250.0,2201.0,2220.4,35546
2024-10-15,2228.75,2262.0,2221.6,2232.0,32387
2024-10-16,2243.15,2252.25,2220.0,2225.8,22839
2024-10-17,2234.95,2240.0,2195.0,2199.7,28173
2024-10-18,2198.0,2200.05,2157.05,2173.6,21918
2024-10-21,2179.85,2189.95,2135.0,2141.15,30178
2024-10-22,2154.9,2158.65,2055.55,2066.5,45317
2024-10-23,2085.0,2127.85,2031.15,2077.65,51068
2024-10-24,2102.3,2112.95,2058.15,2067.85,23526
2024-10-25,2089.0,2089.0,2001.05,2020.75,51528
2024-10-28,2050.0,2059.5,2000.5,2032.0,37934
2024-10-29,2050.0,2055.0,2012.0,2032.3,31788
2024-10-30,2034.9,2136.95,2032.3,2125.85,45202
2024-10-31,2122.1,2147.95,2098.25,2129.3,31388
2024-11-01,2132.9,2160.8,2131.0,2153.55,6789
2024-11-04,2153.0,2155.25,2097.05,2111.05,29429
2024-11-05,2112.0,2169.0,2075.05,2110.75,54621
2024-11-06,2148.0,2153.35,2111.85,2133.7,30243
2024-11-07,2139.95,2151.9,2111.0,2123.3,30907
2024-11-08,2124.9,2132.4,2061.5,2074.1,31125
2024-11-11,2079.9,2089.95,2050.05,2054.65,26056
2024-11-12,2058.0,2075.95,2015.05,2033.35,19959
2024-11-13,2012.0,2048.95,1990.0,1996.9,33281
2024-11-14,1996.9,2056.75,1990.15,2031.65,38886
2024-11-18,2031.65,2031.65,1950.05,1973.85,65136
2024-11-19,1994.4,2033.0,1981.5,1995.6,29433
2024-11-21,1985.0,1997.95,1973.0,1984.45,25290
2024-11-22,1983.2,2018.85,1972.05,1985.2,33393
2024-11-25,1997.0,2057.7,1997.0,2024.4,52753
2024-11-26,2025.9,2053.05,2004.25,2021.15,22923
2024-11-27,2018.15,2038.0,2018.15,2024.5,18870
2024-11-28,2024.8,2052.0,2021.4,2043.35,23870
2024-11-29,2043.35,2084.0,2040.0,2064.35,23489
2024-12-02,2051.0,2064.35,2024.4,2039.5,36068
2024-12-03,2041.0,2119.9,2041.0,2082.2,66646
2024-12-04,2078.35,2102.0,2066.0,2074.75,22374
2024-12-05,2070.0,2085.0,2048.0,2052.75,26598
2024-12-06,2057.05,2115.0,2048.0,2078.7,39047
2024-12-09,2080.0,2084.6,2045.0,2050.65,25020
2024-12-10,2052.0,2063.85,2020.05,2023.55,84880
2024-12-11,2015.0,2063.4,2014.0,2024.1,23076
2024-12-12,2028.05,2032.4,2005.0,2008.9,23110
2024-12-13,2018.85,2027.6,1990.0,2016.0,34116
2024-12-16,2017.4,2025.0,2000.0,2006.65,32940
2024-12-17,2002.1,2016.9,1990.0,1999.3,25922
2024-12-18,1999.6,2020.0,1993.05,1998.2,26417
2024-12-19,1980.0,2016.0,1980.0,1998.55,31031
2024-12-20,1998.0,2009.0,1971.1,1973.85,24371
2024-12-23,1974.05,1988.0,1951.0,1954.3,25574
2024-12-24,1952.0,1972.25,1946.0,1949.6,23252
2024-12-26,1949.6,1965.1,1940.0,1948.35,17599
2024-12-27,1952.0,1956.0,1944.0,1944.95,11154
2024-12-30,1944.95,1966.9,1720.05,1743.95,264219
2024-12-31,1751.2,1809.4,1711.4,1786.7,244776
2025-01-01,1786.75,1824.35,1778.1,1803.2,43428
2025-01-02,1799.0,1811.6,1769.0,1781.45,42634
2025-01-03,1800.0,1819.95,1765.5,1772.3,48769
2025-01-06,1772.3,1772.3,1700.0,1724.4,81369
2025-01-07,1724.4,1778.95,1724.4,1766.35,38507
2025-01-08,1780.0,1780.0,1698.7,1741.0,71321
2025-01-09,1740.05,1980.0,1735.05,1909.05,3363611
2025-01-10,1850.0,1862.0,1785.25,1798.05,335824
2025-01-13,1764.85,1779.0,1703.05,1708.65,101624
2025-01-14,1733.8,1744.85,1677.45,1713.8,89986
2025-01-15,1732.0,1732.05,1699.0,1715.15,45207
2025-01-16,1717.0,1739.05,1700.05,1708.15,46878
2025-01-17,1715.0,1719.6,1695.0,1711.0,28131
2025-01-20,1707.1,1769.95,1687.5,1750.2,90943
2025-01-21,1741.15,1779.9,1722.6,1735.2,53089
2025-01-22,1749.9,1754.95,1702.55,1712.1,28464
2025-01-23,1710.0,1728.4,1699.35,1704.4,21820
2025-01-24,1710.9,1713.45,1677.0,1680.0,28928
2025-01-27,1675.0,1679.9,1604.8,1624.55,43376
2025-01-28,1626.95,1639.4,1557.0,1587.25,59761
2025-01-29,1589.0,1667.25,1587.35,1656.75,36684
2025-01-30,1664.0,1717.0,1654.85,1682.7,61201
2025-01-31,1670.05,1737.55,1670.05,1719.7,123182
2025-02-01,1732.45,1732.95,1681.35,1709.1,20617
2025-02-03,1700.0,1792.15,1687.0,1729.95,126560
2025-02-04,1756.2,1758.0,1727.0,1746.5,46813
2025-02-05,1741.0,1765.55,1730.0,1736.75,30923
2025-02-06,1735.0,1763.7,1725.05,1757.25,54382
2025-02-07,1762.8,1762.8,1716.0,1721.3,38239
2025-02-10,1715.0,1717.0,1601.55,1661.35,84589
2025-02-11,1661.6,1662.4,1596.0,1619.75,53500
2025-02-12,1580.0,1611.65,1526.75,1572.75,82303
2025-02-13,1511.1,1547.4,1489.75,1516.2,152376
2025-02-14,1516.2,1530.6,1425.15,1433.15,100034
2025-02-17,1433.15,1446.5,1366.35,1388.85,90560
2025-02-18,1403.0,1405.5,1331.75,1353.45,67678
2025-02-19,1346.75,1401.5,1340.1,1396.75,74160
2025-02-20,1392.0,1445.0,1378.95,1433.05,41047
2025-02-21,1430.2,1465.0,1403.0,1410.05,42650
2025-02-24,1395.05,1421.8,1373.0,1388.85,38506
2025-02-25,1388.85,1404.8,1369.85,1381.6,83762
2025-02-27,1386.5,1395.05,1341.15,1346.4,27667
2025-02-28,1339.8,1339.8,1279.25,1293.35,87463
2025-03-03,1297.05,1306.75,1230.3,1281.5,73673
2025-03-04,1270.0,1300.0,1253.9,1279.45,56141
2025-03-05,1279.45,1318.5,1279.45,1309.35,57257
2025-03-06,1324.0,1352.65,1322.45,1328.85,46152
2025-03-07,1331.95,1364.9,1322.05,1337.85,69598
2025-03-10,1340.0,1375.0,1284.4,1292.9,76470
2025-03-11,1286.0,1286.0,1248.1,1271.7,53539
2025-03-12,1281.6,1286.1,1240.2,1244.2,70388
2025-03-13,1246.8,1246.8,1205.2,1206.95,94803
2025-03-17,1213.75,1221.45,1171.0,1177.15,79686
2025-03-18,1180.8,1220.0,1177.25,1210.05,85664
2025-03-19,1216.15,1245.0,1211.6,1231.5,94367
2025-03-20,1240.0,1269.55,1235.2,1253.4,63619
2025-03-21,1256.65,1284.9,1242.05,1263.25,87113
2025-03-24,1265.75,1397.3,1265.0,1358.0,334079
2025-03-25,1355.0,1363.75,1285.8,1299.85,152327
2025-03-26,1290.15,1299.35,1243.1,1249.65,85127
2025-03-27,1244.0,1284.05,1216.65,1243.15,226582
2025-03-28,1244.0,1270.35,1204.0,1207.15,160585
2025-04-01,1224.65,1264.2,1205.3,1253.2,87787
2025-04-02,1253.2,1266.0,1220.0,1255.4,55173
2025-04-03,1238.1,1292.0,1237.7,1273.7,61612
2025-04-04,1271.15,1271.15,1203.8,1218.55,68669
2025-04-07,1175.0,1185.75,1127.55,1168.2,83221
2025-04-08,1192.8,1207.4,1144.4,1171.9,70573
2025-04-09,1176.1,1179.95,1133.45,1140.65,52375
2025-04-11,1175.0,1214.9,1160.1,1205.35,110570
2025-04-15,1280.6,1290.0,1204.8,1281.1,247944
2025-04-16,1281.0,1324.4,1278.1,1312.2,117898
2025-04-17,1331.9,1341.0,1287.0,1321.1,99018
2025-04-21,1325.1,1350.0,1317.2,1334.6,56512
2025-04-22,1345.9,1357.7,1322.0,1342.5,39634
2025-04-23,1350.5,1370.0,1321.0,1351.2,66453
2025-04-24,1364.4,1380.0,1337.3,1346.2,68826
2025-04-25,1350.0,1356.9,1289.5,1300.6,54279
2025-04-28,1296.0,1314.9,1259.4,1286.4,80964
2025-04-29,1299.0,1314.8,1284.0,1294.8,22756
2025-04-30,1289.3,1303.5,1255.1,1263.6,48947
2025-05-02,1274.6,1281.3,1237.0,1261.5,29488
2025-05-05,1260.0,1283.5,1235.0,1276.6,39350
2025-05-06,1270.0,1287.5,1226.5,1235.0,42901
2025-05-07,1220.1,1260.0,1213.5,1258.0,49213
2025-05-08,1251.1,1285.6,1237.9,1242.3,36098
2025-05-09,1192.6,1255.0,1192.3,1244.2,39828
2025-05-12,1260.0,1309.3,1260.0,1301.6,62584
2025-05-13,1301.6,1338.1,1290.6,1327.2,57772
2025-05-14,1332.5,1350.0,1329.0,1347.2,39316
2025-05-15,1344.0,1390.0,1343.9,1365.5,63371
2025-05-16,1365.5,1417.0,1355.5,1403.5,83552
2025-05-19,1414.4,1454.0,1405.0,1445.7,126521
2025-05-20,1465.4,1474.9,1430.0,1435.6,84808
2025-05-21,1436.6,1457.9,1413.0,1442.6,44198
2025-05-22,1440.0,1444.4,1420.0,1431.4,27777
2025-05-23,1431.4,1457.9,1417.1,1448.9,44080
2025-05-26,1448.0,1494.0,1440.5,1485.2,90374
2025-05-27,1485.2,1485.8,1455.0,1458.5,39014
2025-05-28,1462.0,1502.0,1460.0,1491.6,74484
2025-05-29,1400.0,1479.1,1394.4,1457.0,139024
2025-05-30,1470.0,1474.5,1430.1,1450.7,48336
2025-06-02,1452.7,1452.7,1428.2,1440.1,29636
2025-06-03,1445.1,1531.9,1445.1,1485.2,226548
2025-06-04,1488.0,1498.6,1463.0,1484.5,38663
2025-06-05,1484.3,1486.0,1467.5,1472.1,32431
2025-06-06,1478.5,1484.0,1455.2,1480.1,41767
2025-06-09,1480.1,1510.0,1479.6,1502.3,63520
2025-06-10,1516.8,1516.8,1490.1,1495.0,34579
2025-06-11,1495.6,1524.0,1486.4,1496.7,65673
2025-06-12,1496.7,1507.0,1466.0,1472.8,42215
2025-06-13,1445.7,1468.5,1426.4,1453.6,45993
2025-06-16,1459.0,1469.0,1425.0,1446.2,28840
2025-06-17,1446.2,1468.9,1421.1,1427.7,29464
2025-06-18,1437.0,1449.0,1423.1,1445.8,33117
2025-06-19,1444.6,1461.0,1390.0,1403.8,40807
2025-06-20,1395.0,1457.9,1380.0,1386.6,256931
2025-06-23,1379.7,1457.0,1372.1,1438.3,110790
2025-06-24,1461.2,1499.0,1446.6,1490.1,127691
2025-06-25,1509.1,1698.0,1500.0,1672.7,2532249
2025-06-26,1689.0,1749.0,1656.5,1740.3,644191
2025-06-27,1736.0,1799.0,1693.4,1789.0,661068
2025-06-30,1799.0,1858.0,1743.6,1841.6,400201
2025-07-01,1838.1,1850.0,1809.3,1825.0,143209
2025-07-02,1825.0,1879.9,1758.2,1838.6,196363
2025-07-03,1829.1,1834.5,1795.0,1814.8,73108
2025-07-04,1818.9,1818.9,1775.0,1798.9,73805
2025-07-07,1798.9,1945.0,1786.8,1915.6,473109
2025-07-08,1924.9,1925.0,1870.0,1902.2,113701
2025-07-09,1905.0,1930.0,1881.0,1900.2,97476
2025-07-10,1900.0,1920.2,1862.9,1878.7,69795
2025-07-11,1875.0,1887.9,1788.0,1794.7,150398
2025-07-14,1794.1,1810.9,1747.7,1760.1,104554
2025-07-15,1762.3,1811.6,1756.0,1782.5,66623
2025-07-16,1782.5,1809.5,1764.8,1781.8,58297
2025-07-17,1790.0,1832.4,1786.0,1797.6,92217
2025-07-18,1804.9,1805.3,1756.1,1761.7,59077
2025-07-21,1769.0,1784.8,1743.7,1750.1,46110
2025-07-22,1765.4,1769.0,1720.8,1725.9,34239
2025-07-23,1736.2,1745.0,1711.6,1738.6,37889
2025-07-24,1740.0,1761.0,1729.6,1741.6,44194
2025-07-25,1745.0,1745.0,1674.7,1681.5,56984
2025-07-28,1675.0,1698.6,1657.8,1668.5,36807
2025-07-29,1660.3,1725.0,1653.9,1711.6,40130
2025-07-30,1715.9,1786.0,1702.8,1726.4,93812
2025-07-31,1700.0,1815.7,1674.0,1768.4,145943
2025-08-01,1768.4,1788.8,1668.0,1691.5,74807
2025-08-04,1621.5,1649.0,1554.5,1565.1,200906
2025-08-05,1562.9,1578.0,1518.6,1522.0,113156
2025-08-06,1522.0,1564.4,1512.2,1551.5,64559
2025-08-07,1541.0,1550.9,1511.3,1537.6,39410
2025-08-08,1537.6,1567.6,1517.0,1534.4,42511
2025-08-11,1525.0,1543.0,1510.0,1534.7,30092
2025-08-12,1533.5,1549.6,1515.0,1540.8,26214
2025-08-13,1550.5,1586.2,1548.0,1560.6,37363
2025-08-14,1557.0,1574.0,1544.9,1548.9,19948
2025-08-18,1555.0,1569.4,1537.0,1543.0,27826
2025-08-19,1540.1,1565.0,1536.0,1544.2,21943
2025-08-20,1550.9,1564.9,1529.0,1561.3,26812
2025-08-21,1561.3,1578.8,1555.0,1561.9,26921
2025-08-22,1569.7,1587.0,1524.9,1532.0,29810
2025-08-25,1532.5,1568.7,1527.0,1555.4,24740
2025-08-26,1555.4,1559.9,1509.5,1517.0,21983
2025-08-28,1510.0,1513.5,1471.0,1477.6,32316
2025-08-29,1477.6,1489.4,1450.0,1457.0,22034
2025-09-01,1464.2,1480.0,1453.3,1474.2,22434
2025-09-02,1489.0,1522.1,1468.0,1488.0,35244
2025-09-03,1515.0,1555.0,1490.6,1525.9,46827
2025-09-04,1546.0,1549.1,1499.1,1504.0,21797
2025-09-05,1505.0,1518.8,1480.7,1487.3,22839
2025-09-08,1487.3,1510.0,1476.8,1494.3,17050
2025-09-09,1494.3,1507.4,1483.0,1503.4,16915
2025-09-10,1504.7,1529.4,1484.0,1495.5,37869
2025-09-11,1495.0,1517.9,1495.0,1506.3,16991
2025-09-12,1508.0,1520.9,1495.7,1504.8,16763
2025-09-15,1504.8,1510.9,1484.5,1490.4,32880
2025-09-16,1488.9,1527.9,1488.9,1518.6,38967
2025-09-17,1528.0,1545.8,1507.4,1516.7,49020
2025-09-18,1516.7,1560.0,1507.4,1514.8,52115
2025-09-19,1514.8,1514.8,1476.0,1482.7,72136
2025-09-22,1476.0,1513.8,1476.0,1478.9,32864
2025-09-23,1480.0,1483.8,1458.4,1462.6,30898
2025-09-24,1462.6,1510.8,1451.4,1483.7,51456
2025-09-25,1483.7,1495.1,1466.7,1472.0,18968
2025-09-26,1473.0,1474.1,1402.2,1411.4,57535
2025-09-29,1415.1,1423.9,1389.1,1395.0,28755
2025-09-30,1397.2,1415.9,1383.5,1389.2,27390
2025-10-01,1410.0,1410.0,1384.1,1401.9,19121
2025-10-03,1404.6,1424.1,1400.0,1417.8,29237
2025-10-06,1419.6,1434.0,1388.0,1396.0,30495
2025-10-07,1400.7,1401.5,1383.8,1389.3,18805
2025-10-08,1389.8,1399.8,1373.0,1377.2,25597
2025-10-09,1379.4,1383.5,1360.1,1361.7,24289
2025-10-10,1360.0,1380.0,1356.1,1368.5,23288
2025-10-13,1366.5,1373.9,1353.4,1366.1,16924
2025-10-14,1366.0,1371.9,1325.1,1348.8,28618
2025-10-15,1349.0,1352.8,1330.3,1349.6,32674
2025-10-16,1352.0,1396.0,1352.0,1372.5,38214
2025-10-17,1402.1,1402.1,1355.2,1365.2,28865
2025-10-20,1365.3,1392.0,1345.2,1389.0,30696
2025-10-21,1390.0,1409.9,1390.0,1402.4,10842
2025-10-23,1400.0,1420.0,1383.1,1410.8,39867
2025-10-24,1410.8,1416.9,1386.6,1394.0,16391
2025-10-27,1401.0,1414.0,1388.2,1403.2,25216
2025-10-28,1405.4,1426.6,1390.5,1394.5,24208
2025-10-29,1395.0,1440.0,1392.9,1416.7,33089
2025-10-30,1427.0,1427.0,1402.1,1412.2,14916
2025-10-31,1427.0,1427.0,1402.3,1409.1,15336
2025-11-03,1410.1,1436.9,1386.0,1413.2,38795
2025-11-04,1425.0,1457.9,1400.0,1404.7,46550
2025-11-06,1404.0,1450.0,1392.7,1431.8,63633
2025-11-07,1429.0,1429.0,1391.0,1397.7,31443
2025-11-10,1396.5,1405.7,1354.1,1365.7,40277
2025-11-11,1345.7,1350.0,1283.0,1292.4,107247
2025-11-12,1285.1,1291.0,1263.1,1269.8,75902
2025-11-13,1269.0,1274.4,1253.5,1257.6,48960
2025-11-14,1252.0,1252.0,1225.0,1228.8,58728
2025-11-17,1228.8,1237.2,1207.0,1214.4,62347
2025-11-18,1217.3,1221.0,1180.2,1194.7,78238
2025-11-19,1192.0,1198.1,1172.2,1189.8,80534
2025-11-20,1189.8,1228.3,1189.0,1195.5,82781
2025-11-21,1190.6,1194.9,1171.0,1179.1,51831
2025-11-24,1179.0,1179.1,1083.5,1128.2,392907
2025-11-25,1106.4,1194.0,1100.3,1171.9,185928
2025-11-26,1174.9,1174.9,1140.1,1163.0,108225
2025-11-27,1170.5,1179.8,1152.0,1160.8,78489
2025-11-28,1160.0,1168.5,1148.7,1152.8,36509
2025-12-01,1161.8,1166.2,1140.0,1147.1,39285
2025-12-02,1151.8,1155.0,1136.5,1149.8,24820
2025-12-03,1151.7,1152.8,1136.1,1139.4,21226
2025-12-04,1135.0,1149.9,1130.1,1133.5,20998
2025-12-05,1130.0,1141.5,1120.0,1126.2,22130
2025-12-08,1124.2,1126.2,1091.0,1098.8,53676
2025-12-09,1100.2,1149.9,1080.0,1142.2,91666
2025-12-10,1144.0,1154.6,1120.0,1126.8,36953
2025-12-11,1121.3,1149.9,1096.1,1126.4,74088
2025-12-12,1132.9,1136.9,1117.7,1120.6,29937
2025-12-15,1120.6,1142.0,1111.0,1126.2,66912
2025-12-16,1123.0,1124.4,1102.0,1107.6,35104
2025-12-17,1109.8,1109.8,1090.0,1092.0,27823
2025-12-18,1085.0,1110.0,1079.0,1091.2,42483
2025-12-19,1090.5,1121.0,1087.2,1116.6,55047
2025-12-22,1116.6,1144.0,1112.5,1116.3,43346
2025-12-23,1120.5,1144.9,1116.0,1126.5,43213
2025-12-24,1125.5,1146.1,1124.0,1125.7,44524
2025-12-26,1128.0,1135.0,1120.0,1123.3,21436
2025-12-29,1119.0,1133.8,1104.3,1114.3,42012
2025-12-30,1114.0,1114.0,1092.0,1093.9,26576
2025-12-31,1092.0,1129.9,1092.0,1121.0,47554
2026-01-01,1118.8,1128.0,1104.3,1109.7,27820
2026-01-02,1114.6,1119.8,1106.0,1110.0,30976
2026-01-05,1110.0,1128.0,1087.0,1089.7,46268
2026-01-06,1096.2,1097.2,1065.6,1072.1,54445
2026-01-07,1070.0,1079.6,1066.6,1070.5,35930
2026-01-08,1100.0,1253.1,1095.0,1223.5,13004208
2026-01-09,1220.0,1227.0,1142.2,1164.3,1946281
2026-01-12,1153.9,1153.9,1093.2,1100.9,515817
2026-01-13,1104.0,1246.5,1104.0,1225.8,5733796
2026-01-14,1211.1,1325.0,1191.7,1264.5,3405272
2026-01-16,1244.1,1333.1,1233.7,1274.0,1569460
2026-01-19,1255.0,1314.0,1244.3,1276.2,649872
2026-01-20,1269.0,1282.0,1187.6,1212.1,482584
2026-01-21,1215.0,1269.7,1200.0,1211.7,903407
2026-01-22,1239.3,1247.7,1203.6,1210.4,219852
2026-01-23,1225.2,1226.0,1108.4,1129.6,284608
2026-01-27,1130.0,1180.0,1115.0,1147.4,436966
2026-01-28,1151.7,1238.0,1139.6,1219.9,463711
2026-01-29,1229.5,1230.0,1132.0,1147.4,428923
2026-01-30,1130.0,1162.9,1109.5,1117.0,222094
2026-02-01,1128.7,1141.0,1114.0,1125.8,98312
2026-02-02,1125.8,1125.8,1060.1,1088.3,185304
2026-02-03,1150.0,1169.9,1118.1,1141.4,181142
2026-02-04,1140.3,1150.0,1121.0,1146.6,92847
2026-02-05,1151.0,1151.0,1098.1,1105.2,99095
2026-02-06,1104.9,1133.0,1090.7,1125.4,148701
2026-02-09,1139.0,1162.0,1126.8,1154.8,104757
2026-02-10,1161.0,1182.9,1100.1,1125.7,190043
2026-02-11,1135.0,1135.4,1109.2,1112.5,68049
2026-02-12,1111.9,1114.4,1096.5,1105.2,70959
2026-02-13,1093.9,1093.9,1064.0,1079.1,78542
2026-02-16,1073.8,1104.0,1061.6,1092.0,94573
2026-02-17,1092.0,1116.5,1086.5,1107.2,63977
2026-02-18,1106.9,1123.5,1101.0,1103.8,47635
2026-02-19,1101.0,1134.8,1093.6,1100.6,101559
2026-02-20,1096.1,1096.1,1078.5,1089.0,51778
2026-02-23,1081.1,1096.7,1070.1,1074.8,61887
2026-02-24,1075.1,1088.8,1066.0,1082.1,64490
2026-02-25,1088.0,1122.5,1078.8,1101.8,97195
2026-02-26,1104.0,1112.1,1083.7,1088.6,43637
2026-02-27,1085.0,1104.6,1078.9,1087.4,56770
2026-03-02,1038.3,1084.0,1038.3,1067.0,57639
2026-03-04,1047.0,1073.5,1038.0,1054.4,48722
2026-03-05,1054.4,1076.3,1045.3,1071.4,60612
2026-03-06,1066.0,1077.0,1036.5,1044.4,44765
2026-03-09,1030.0,1035.0,994.0,1003.6,90936
2026-03-10,1010.8,1050.0,1010.8,1027.4,58809
2026-03-11,1035.0,1066.0,1027.0,1047.9,86741
2026-03-12,1040.0,1049.4,1002.4,1035.0,90442
2026-03-13,999.0,1022.0,989.0,1000.9,207948
2026-03-16,1000.9,1022.0,976.5,1013.3,132834
2026-03-17,1000.0,1018.2,992.0,1000.4,67783
2026-03-18,1010.0,1081.5,998.6,1067.7,181953
2026-03-19,1050.0,1054.1,1011.0,1018.4,60843
2026-03-20,1022.8,1079.0,1021.3,1067.1,141807
2026-03-23,1051.0,1051.6,997.2,1002.8,89838
2026-03-24,1025.0,1095.0,1020.6,1045.8,359033
2026-03-25,1049.9,1085.0,1049.0,1059.5,114723
2026-03-27,1040.0,1048.2,1016.0,1033.9,121500
2026-03-30,1020.0,1032.6,968.1,977.2,210821
2026-04-01,1011.2,1041.8,1008.6,1021.1,88717
2026-04-02,1000.0,1081.0,988.5,1065.45,104906
2026-04-06,1070.0,1075.0,1023.0,1040.1,117033
2026-04-07,1028.0,1054.0,1019.95,1034.85,80583
2026-04-08,1088.0,1093.8,1064.15,1070.15,163925
2026-04-09,1078.3,1099.0,1058.0,1066.05,109907
2026-04-10,1079.7,1093.5,1069.65,1076.5,70408
2026-04-13,1053.95,1108.4,1022.7,1082.4,95119
2026-04-15,1103.95,1133.4,1089.1,1130.75,122605
2026-04-16,1135.95,1153.0,1123.2,1146.65,72896
2026-04-17,1146.65,1158.8,1134.35,1139.3,66492
2026-04-20,1150.0,1174.45,1116.9,1149.75,85999
2026-04-21,1141.85,1208.0,1141.85,1203.3,135043
2026-04-22,1203.3,1228.15,1191.7,1223.5,87479
2026-04-23,1200.0,1270.0,1200.0,1239.95,161357
2026-04-24,1239.95,1264.65,1216.5,1250.6,93202
2026-04-27,1279.0,1340.0,1261.25,1306.9,236582
2026-04-28,1308.1,1331.0,1295.0,1325.8,113155
2026-04-29,1326.0,1347.0,1287.35,1297.7,142382
2026-04-30,1291.85,1337.95,1275.6,1333.65,130731
2026-05-04,1360.0,1471.8,1355.0,1455.5,638858
2026-05-05,1463.0,1488.6,1444.6,1462.0,210811
2026-05-06,1491.9,1517.0,1437.5,1492.4,332822
2026-05-07,1495.0,1535.0,1488.4,1526.3,224514
2026-05-08,1514.1,1538.0,1482.7,1487.2,125285
2026-05-11,1482.8,1482.8,1406.1,1414.4,135900
2026-05-12,1408.6,1434.9,1318.3,1339.5,160435
2026-05-13,1339.5,1408.1,1339.5,1352.9,112324
2026-05-14,1496.0,1623.4,1496.0,1623.4,1772941
2026-05-15,1660.0,1740.0,1590.5,1706.2,2725771
2026-05-18,1674.1,1794.3,1620.0,1763.0,882685
2026-05-19,1746.0,1780.0,1695.0,1708.8,436809
2026-05-20,1695.0,1845.0,1665.8,1833.3,1102152
2026-05-21,1845.1,1896.6,1811.0,1836.9,373004
2026-05-22,1826.9,1835.0,1765.1,1822.5,275766
2026-05-25,1874.0,1956.0,1840.6,1920.9,596971
2026-05-26,1930.0,1947.0,1862.0,1873.4,214280
2026-05-27,1887.9,1891.3,1808.0,1821.0,189445
2026-05-29,1835.0,1868.9,1763.0,1775.6,219900
2026-06-01,1775.6,1814.2,1700.6,1751.8,231637
2026-06-02,1748.0,2063.0,1736.1,2016.1,2628387
2026-06-03,2020.0,2185.0,1942.8,2122.2,3178753
2026-06-04,2122.2,2159.2,2073.0,2099.9,487135
2026-06-05,2100.0,2150.0,1992.0,2043.3,528900
2026-06-08,2029.1,2141.5,1989.4,2090.9,481967
2026-06-09,2110.0,2262.5,2076.1,2242.1,895023
2026-06-10,2254.9,2257.0,2114.0,2131.1,340226
2026-06-11,2115.0,2173.7,2033.1,2054.0,319584
2026-06-12,2091.1,2148.0,2078.8,2133.0,212251
2026-06-15,2180.0,2199.1,2081.5,2108.1,174477
2026-06-16,2100.1,2102.5,2045.6,2076.5,138544
2026-06-17,2083.0,2164.2,2081.9,2152.4,222819
2026-06-18,2168.0,2288.0,2156.9,2209.5,439344
2026-06-19,2208.0,2213.6,2128.1,2138.2,152581
2026-06-22,2167.4,2169.0,2115.0,2123.6,122798
2026-06-23,2124.7,2142.4,2051.0,2067.5,118122
2026-06-24,2077.7,2124.0,2065.0,2076.6,141227
2026-06-25,2092.0,2098.0,1975.6,1989.0,170002
2026-06-29,1991.2,2007.0,1885.0,1892.2,202326
2026-06-30,1900.0,2057.8,1900.0,2035.9,251446
2026-07-01,2058.0,2120.0,2017.7,2090.2,304582
2026-07-02,2115.0,2269.7,2100.7,2231.3,669196
2026-07-03,2241.0,2248.4,2156.2,2194.2,162948
2026-07-06,2194.2,2239.9,2125.6,2144.7,115034
2026-07-07,2157.8,2159.0,2057.1,2067.8,104410
2026-07-08,2074.5,2320.0,2060.0,2196.7,1912253
2026-07-09,2210.0,2390.0,2210.0,2364.0,1043837
2026-07-10,2390.0,2420.0,2305.1,2414.9,443691
2026-07-13,2390.0,2443.6,2322.6,2340.9,264217
2026-07-14,2330.0,2336.6,2260.0,2311.5,154286
2026-07-15,2335.0,2375.8,2300.0,2314.2,150557
2026-07-16,2319.0,2394.9,2278.5,2371.8,262286
2026-07-17,2389.0,2389.0,2264.0,2289.1,127828
2026-07-20,2289.1,2339.0,2228.6,2275.8,117363
2026-07-21,2275.8,2383.0,2275.8,2366.5,151414
2026-07-22,2382.0,2428.0,2324.9,2380.3,213498
2026-07-23,2375.0,2438.7,2326.5,2349.2,178993
2026-07-24,2314.2,2332.7,2123.5,2174.5,290913
2026-07-27,2217.9,2323.4,2174.6,2284.8,323794
2026-07-28,2350.0,2429.0,2185.0,2241.5,969993
2026-07-29,2271.0,2351.0,2252.5,2271.4,284327
2026-07-30,2260.0,2260.0,2215.3,2243.4,104820
2026-07-31,2243.9,2258.4,2107.4,2133.3,198007
2026-08-03,2148.0,2165.0,2010.4,2025.2,368391
2026-08-04,2050.0,2076.0,1985.1,1994.9,286462
2026-08-05,2001.0,2049.0,1977.3,1998.5,156896
2026-08-06,2008.9,2129.8,1998.0,2100.8,299578
2026-08-07,2109.0,2109.0,2022.8,2029.6,110661
2026-08-10,2039.0,2085.0,1996.1,2046.1,122819
2026-08-11,2047.0,2178.0,2046.1,2123.7,249766
2026-08-12,2129.0,2148.9,2062.1,2080.9,101297
2026-08-13,2081.0,2116.7,2075.1,2095.9,56785
2026-08-14,2096.1,2153.0,2075.1,2133.8,96197
2026-08-17,2133.8,2160.4,2109.7,2125.2,81358
2026-08-18,2137.5,2146.8,2084.8,2103.7,71077
2026-08-19,2117.0,2130.0,2057.0,2092.7,114417
2026-08-20,2100.0,2121.6,2050.1,2078.9,76918
2026-08-21,2066.0,2120.0,2060.0,2078.2,112328
2026-08-24,2086.0,2250.0,2086.0,2224.5,595292
2026-08-25,2241.6,2390.0,2205.3,2343.6,600325
2026-08-26,2350.0,2461.0,2318.0,2437.2,423382
2026-08-27,2410.0,2458.7,2381.7,2425.8,234798
2026-08-28,2413.0,2431.1,2361.1,2390.5,124958
2026-08-31,2391.0,2411.7,2302.5,2323.6,135312
2026-09-01,2347.2,2457.5,2295.1,2409.7,262817
2026-09-02,2415.2,2506.0,2371.5,2390.1,455466
2026-09-03,2400.0,2432.0,2375.1,2417.8,113802
2026-09-04,2432.0,2550.0,2432.0,2525.2,608894
2026-09-07,2575.0,2629.8,2478.8,2566.8,490283
2026-09-08,2575.0,2581.2,2452.0,2475.4,202112
2026-09-09,2475.4,2487.1,2343.0,2359.3,261839
2026-09-10,2359.3,2415.0,2330.1,2342.6,150948
2026-09-11,2329.8,2329.8,2245.6,2276.5,175673
2026-09-15,2288.0,2288.0,2093.0,2105.7,256830
2026-09-16,2128.3,2172.0,2081.0,2149.8,165267
2026-09-17,2149.8,2184.0,2125.9,2148.9,86181
2026-09-18,2155.0,2196.8,2142.1,2171.5,97030
2026-09-21,2180.0,2217.0,2120.9,2130.7,107775
2026-09-22,2140.5,2179.6,2126.4,2138.9,83836
2026-09-23,2154.8,2280.2,2145.0,2271.2,252681
2026-09-24,2259.1,2308.4,2209.1,2226.0,182755
2026-09-25,2237.0,2257.7,2165.2,2189.6,164986
2026-09-28,2194.9,2194.9,2136.0,2153.9,82299
2026-09-29,2150.0,2207.4,2132.1,2142.1,100677
2026-09-30,2143.0,2179.0,2095.0,2118.5,117148
2026-10-01,2120.0,2129.4,2011.5,2052.2,213491
2026-10-05,2052.0,2075.0,1936.0,1957.8,289399
2026-10-06,1961.0,2349.3,1961.0,2287.7,2585710
2026-10-07,2269.2,2269.2,2132.1,2155.9,709750
2026-10-08,2156.0,2168.4,2078.0,2085.5,254861
2026-10-09,2100.0,2130.6,2032.0,2040.8,173579
