Datetime,Open,High,Low,Close,Volume
2012-12-28,200.0,200.85,188.65,191.65,35351056
2012-12-31,191.85,195.5,188.25,193.7,6021827
2013-01-01,194.7,199.8,194.0,197.75,2619486
2013-01-02,198.3,204.35,197.0,201.5,5470399
2013-01-03,200.0,206.5,200.0,204.35,3626134
2013-01-04,205.0,210.0,202.35,207.15,4188477
2013-01-07,207.85,209.0,206.1,207.4,2632614
2013-01-08,207.55,211.05,201.7,202.95,1310534
2013-01-09,204.25,207.9,203.3,205.05,1316038
2013-01-10,205.0,207.0,203.0,205.1,1061770
2013-01-11,204.4,206.8,203.6,205.45,560597
2013-01-14,205.2,208.25,202.9,207.8,440016
2013-01-15,207.95,208.65,204.0,205.25,308822
2013-01-16,205.85,210.0,202.5,204.4,522978
2013-01-17,206.6,207.7,204.2,204.95,1583997
2013-01-18,206.35,206.65,204.1,205.0,1219799
2013-01-21,206.85,207.5,204.5,205.05,599417
2013-01-22,205.1,206.35,204.15,205.05,645165
2013-01-23,205.0,205.15,203.15,204.6,632500
2013-01-24,204.65,210.4,204.55,206.1,1658900
2013-01-25,206.95,209.5,204.65,208.3,446416
2013-01-28,209.0,211.5,208.0,210.3,619340
2013-01-29,210.65,216.0,210.0,212.15,1297700
2013-01-30,215.0,215.0,208.1,209.95,1254754
2013-01-31,209.85,211.25,201.0,204.25,477136
2013-02-01,202.25,210.9,202.25,206.0,535714
2013-02-04,208.75,211.0,206.35,209.95,972954
2013-02-05,208.9,211.9,207.45,209.85,310499
2013-02-06,210.25,211.5,209.25,210.0,1068489
2013-02-07,210.85,210.85,207.0,207.55,55628
2013-02-08,207.95,208.75,204.45,206.95,1147102
2013-02-11,201.15,207.4,201.15,203.35,56809
2013-02-12,203.05,204.6,195.0,200.35,164404
2013-02-13,202.65,202.65,194.45,195.1,294907
2013-02-14,195.1,195.55,191.5,192.8,192159
2013-02-15,192.8,192.8,181.95,188.15,891987
2013-02-18,188.0,192.7,186.7,191.9,820340
2013-02-19,197.25,197.25,190.1,191.6,38966
2013-02-20,193.95,197.0,192.35,196.05,214534
2013-02-21,196.4,197.0,194.15,194.8,217043
2013-02-22,195.9,195.9,188.0,191.6,685089
2013-02-25,199.0,199.0,188.75,192.05,770743
2013-02-26,191.15,193.5,189.4,192.05,324124
2013-02-27,196.85,196.85,175.55,184.55,1815408
2013-02-28,185.0,194.9,185.0,191.9,3208335
2013-03-01,181.0,194.65,181.0,190.8,1026599
2013-03-04,187.75,192.85,187.75,192.25,134278
2013-03-05,194.9,196.6,191.05,195.6,421920
2013-03-06,196.55,197.95,194.3,196.95,1128179
2013-03-07,196.9,197.5,193.1,195.95,255566
2013-03-08,195.4,197.45,191.5,193.7,237353
2013-03-11,193.7,194.0,189.9,193.3,389005
2013-03-12,192.5,193.85,189.3,189.85,416693
2013-03-13,188.05,191.6,188.05,189.9,579140
2013-03-14,152.3,191.75,152.3,189.8,104780
2013-03-15,190.0,190.4,184.1,185.1,174015
2013-03-18,186.9,186.9,179.65,183.5,101719
2013-03-19,185.0,185.8,180.1,181.9,296981
2013-03-20,181.9,184.7,176.15,179.9,560531
2013-03-21,178.5,180.35,172.35,173.9,3101013
2013-03-22,175.9,175.9,169.6,173.1,979167
2013-03-25,173.0,174.95,166.7,170.25,649932
2013-03-26,168.0,172.0,167.4,170.0,3053335
2013-03-28,136.6,185.0,136.6,178.95,338460
2013-04-01,176.95,184.0,174.05,179.15,172211
2013-04-02,177.0,186.0,176.0,183.9,202990
2013-04-03,183.35,184.55,180.5,181.35,890606
2013-04-04,180.0,182.0,176.55,180.0,932854
2013-04-05,180.4,181.95,178.25,181.0,209977
2013-04-08,177.55,183.25,177.2,177.5,43044
2013-04-09,178.45,180.6,173.65,177.1,783067
2013-04-10,171.1,180.0,171.1,178.25,115618
2013-04-11,178.25,179.1,173.65,175.1,12895
2013-04-12,173.0,175.9,169.2,171.15,91657
2013-04-15,168.1,174.8,159.25,164.1,783115
2013-04-16,167.85,167.85,160.5,164.2,188869
2013-04-17,163.0,172.0,162.95,169.95,1060339
2013-04-18,165.8,172.0,164.3,170.25,556273
2013-04-22,165.0,181.9,165.0,179.9,338085
2013-04-23,176.0,178.05,173.15,175.1,50025
2013-04-25,173.0,178.1,173.0,176.15,48718
2013-04-26,176.1,181.05,176.1,178.5,1398468
2013-04-29,178.5,182.1,174.75,178.8,904972
2013-04-30,179.9,183.0,176.0,177.8,1928796
2013-05-02,179.0,179.25,174.25,176.15,471516
2013-05-03,177.0,177.75,175.05,175.65,39362
2013-05-06,175.0,179.0,172.0,175.1,191634
2013-05-07,172.3,176.9,172.3,175.6,104575
2013-05-08,173.0,177.8,173.0,177.05,128503
2013-05-09,173.0,179.0,173.0,177.8,137489
2013-05-10,175.0,178.65,175.0,176.5,216483
2013-05-11,178.7,178.7,175.15,176.5,2445
2013-05-13,175.1,177.4,173.75,173.9,13014
2013-05-14,174.0,177.0,172.0,176.1,61559
2013-05-15,174.05,177.05,174.05,176.3,55645
2013-05-16,175.0,176.8,173.55,174.35,19899
2013-05-17,174.95,176.7,174.0,174.7,15849
2013-05-20,173.0,175.9,173.0,174.55,13553
2013-05-21,173.0,176.5,173.0,175.7,44307
2013-05-22,174.3,175.4,171.7,172.0,17037
2013-05-23,172.5,173.95,169.0,169.95,34830
2013-05-24,166.0,175.5,166.0,174.8,56708
2013-05-27,172.95,176.0,170.0,173.0,37741
2013-05-28,173.4,175.0,171.9,172.2,17324
2013-05-29,171.0,173.5,168.05,171.15,45135
2013-05-30,168.0,171.3,168.0,169.55,24084
2013-05-31,168.0,175.9,168.0,170.5,257623
2013-06-03,168.1,172.55,168.0,168.35,33499
2013-06-04,168.0,172.0,168.0,169.7,26580
2013-06-05,168.2,170.0,168.2,169.1,795355
2013-06-06,168.3,170.0,166.65,168.75,36858
2013-06-07,168.2,168.5,165.0,165.3,208980
2013-06-10,164.0,165.95,160.0,162.7,43095
2013-06-11,161.0,162.0,152.5,153.9,55188
2013-06-12,153.9,164.4,148.5,152.25,165941
2013-06-13,150.0,155.7,149.3,153.75,261250
2013-06-14,152.25,155.45,152.25,155.0,979836
2013-06-17,153.0,159.95,150.5,152.1,107225
2013-06-18,153.0,154.9,149.3,151.8,57293
2013-06-19,150.0,158.4,149.2,154.9,250651
2013-06-20,154.0,154.0,140.3,144.95,301822
2013-06-21,144.95,150.4,143.55,147.15,65910
2013-06-24,146.0,151.9,145.05,148.45,36590
2013-06-25,147.0,147.7,140.15,142.35,899437
2013-06-26,141.5,145.0,139.4,143.9,277131
2013-06-27,141.0,151.5,141.0,148.9,513217
2013-06-28,152.15,154.7,151.6,152.9,1215038
2013-07-01,150.0,154.5,150.0,153.05,633345
2013-07-02,154.0,154.0,149.3,152.0,485273
2013-07-03,150.0,157.65,147.0,153.95,242533
2013-07-04,152.0,155.0,152.0,153.75,262760
2013-07-05,152.0,157.0,152.0,152.5,174333
2013-07-08,152.5,152.5,149.0,150.95,25020
2013-07-09,149.0,152.75,149.0,150.9,303690
2013-07-10,150.2,153.0,149.45,151.9,19930
2013-07-11,152.0,156.0,152.0,155.85,92686
2013-07-12,154.0,158.0,154.0,157.05,104212
2013-07-15,153.0,161.5,153.0,157.0,619123
2013-07-16,153.75,158.05,126.3,155.75,54348
2013-07-17,159.85,159.85,152.5,154.8,457322
2013-07-18,154.15,157.0,152.8,156.1,37866
2013-07-19,155.2,156.1,152.05,154.85,18664
2013-07-22,153.0,156.0,150.1,153.3,24125
2013-07-23,153.1,153.3,149.45,151.5,58787
2013-07-24,147.75,152.95,147.75,150.3,40311
2013-07-25,148.1,151.05,148.1,149.1,122067
2013-07-26,149.0,153.0,148.0,150.1,33259
2013-07-29,149.0,152.0,141.75,145.05,894431
2013-07-30,147.85,150.0,146.0,149.4,188613
2013-07-31,147.5,154.0,145.0,148.8,166558
2013-08-01,147.3,151.25,146.1,148.4,128270
2013-08-02,149.9,150.6,146.6,148.8,76403
2013-08-05,148.1,151.0,147.6,149.9,252727
2013-08-06,148.1,150.0,145.1,146.5,99372
2013-08-07,146.15,149.9,143.1,147.1,81801
2013-08-08,147.95,153.85,147.1,150.2,60134
2013-08-12,149.0,153.5,147.25,150.7,61626
2013-08-13,148.75,152.0,147.1,149.85,95576
2013-08-14,149.05,151.4,148.1,150.1,77059
2013-08-16,149.0,151.0,147.55,150.0,55916
2013-08-19,148.35,149.95,147.0,148.8,1677259
2013-08-20,147.85,148.8,144.5,146.4,865457
2013-08-21,148.0,148.0,135.1,139.1,110242
2013-08-22,137.35,142.0,135.15,140.4,51997
2013-08-23,139.0,140.0,136.0,138.25,1037542
2013-08-26,139.3,139.5,128.5,132.3,1110011
2013-08-27,132.0,134.8,127.15,130.65,164115
2013-08-28,129.0,143.0,126.5,134.25,65743
2013-08-29,136.5,138.9,132.2,134.75,21526
2013-08-30,132.95,140.65,132.15,139.2,77544
2013-09-02,139.2,141.0,134.05,138.7,78028
2013-09-03,137.75,138.55,135.75,137.45,70498
2013-09-04,136.35,139.7,136.25,138.4,84644
2013-09-05,137.0,142.0,137.0,140.65,57712
2013-09-06,145.65,148.0,142.65,144.55,138323
2013-09-10,141.5,148.0,141.5,146.75,433857
2013-09-11,144.0,155.0,144.0,152.05,2204532
2013-09-12,153.95,158.4,152.2,154.8,123719
2013-09-13,156.95,157.9,155.0,156.2,6870
2013-09-16,157.85,157.95,155.0,156.5,66014
2013-09-17,156.9,159.4,155.2,158.05,314184
2013-09-18,156.0,160.0,155.95,159.05,63656
2013-09-19,160.0,170.15,159.05,165.1,3252328
2013-09-20,162.2,166.05,158.0,162.45,586631
2013-09-23,160.25,161.05,157.4,158.95,174305
2013-09-24,164.9,164.9,158.3,159.5,92554
2013-09-25,164.7,164.7,157.0,160.1,630789
2013-09-26,163.85,163.85,157.05,159.3,671492
2013-09-27,159.5,162.5,157.85,159.75,380213
2013-09-30,156.2,160.0,155.0,156.4,41366
2013-10-01,155.0,156.45,150.7,152.55,331676
2013-10-03,151.5,156.0,151.5,155.05,280689
2013-10-04,153.0,158.45,153.0,157.55,112511
2013-10-07,156.4,163.5,156.2,159.1,113567
2013-10-08,158.4,159.1,153.1,157.8,64055
2013-10-09,156.4,160.0,156.4,157.95,11793
2013-10-10,155.2,160.0,155.2,159.45,26880
2013-10-11,156.85,159.95,156.85,157.55,18291
2013-10-14,159.0,162.0,157.65,159.95,641520
2013-10-15,159.8,162.0,159.3,160.1,37445
2013-10-17,156.5,160.95,156.5,159.95,736363
2013-10-18,158.65,161.9,158.65,160.05,337306
2013-10-21,158.0,166.8,158.0,164.45,146191
2013-10-22,163.5,163.5,161.0,161.9,14807
2013-10-23,160.05,162.1,158.0,160.1,35733
2013-10-24,160.1,161.5,158.75,159.05,156363
2013-10-25,158.55,159.85,157.25,157.9,142772
2013-10-28,151.75,156.5,150.25,153.8,815866
2013-10-29,154.0,154.0,150.25,151.5,814819
2013-10-30,151.15,156.4,151.0,153.6,1747175
2013-10-31,153.0,169.0,151.4,164.85,651741
2013-11-01,160.55,167.8,160.55,162.1,362749
2013-11-03,164.0,164.0,160.5,161.1,5672
2013-11-05,160.6,163.75,155.1,160.95,713674
2013-11-06,159.0,169.75,158.05,165.2,687749
2013-11-07,167.9,169.4,165.55,168.0,112960
2013-11-08,169.8,172.0,166.05,167.3,215692
2013-11-11,169.8,169.8,158.5,159.75,140861
2013-11-12,158.05,162.95,153.1,154.25,293726
2013-11-13,151.3,158.45,151.3,155.3,742653
2013-11-14,152.65,158.7,152.6,157.8,244658
2013-11-18,154.5,160.2,154.5,159.0,838177
2013-11-19,156.65,162.85,156.45,157.45,27902
2013-11-20,156.55,159.8,156.55,158.1,20546
2013-11-21,157.1,159.65,157.0,158.9,176288
2013-11-22,158.55,159.75,158.55,159.15,98795
2013-11-25,159.15,163.65,158.0,162.05,81701
2013-11-26,161.05,162.75,159.55,160.6,36944
2013-11-27,159.5,162.0,158.25,159.05,248920
2013-11-28,157.5,160.55,156.0,156.15,41317
2013-11-29,156.45,159.0,156.45,158.15,24394
2013-12-02,158.05,160.4,157.0,158.45,75970
2013-12-03,157.0,161.8,157.0,160.0,91167
2013-12-04,160.6,168.7,159.75,163.65,320339
2013-12-05,163.55,167.9,163.0,166.0,283250
2013-12-06,167.9,175.4,162.0,172.1,580989
2013-12-09,172.7,180.0,172.5,176.95,344730
2013-12-10,176.95,182.0,172.25,179.85,490500
2013-12-11,182.15,189.9,181.1,184.9,2444412
2013-12-12,184.0,185.5,175.0,179.0,631194
2013-12-13,177.0,178.95,172.2,173.55,37822
2013-12-16,169.75,175.65,169.75,173.35,24212
2013-12-17,175.05,177.45,175.0,175.5,288162
2013-12-18,175.05,176.95,175.0,175.1,63096
2013-12-19,175.5,178.8,174.95,177.05,72249
2013-12-20,175.0,178.0,172.3,175.7,426335
2013-12-23,174.2,179.75,166.8,169.85,6372955
2013-12-24,171.0,174.0,167.0,168.45,69478
2013-12-26,169.3,172.5,168.0,169.0,28204
2013-12-27,170.0,170.0,166.0,168.65,93082
2013-12-30,168.1,170.0,168.0,169.15,70211
2013-12-31,168.0,169.85,167.6,168.55,42516
2014-01-01,169.5,170.0,167.75,168.15,13233
2014-01-02,166.6,172.3,166.6,171.5,98992
2014-01-03,172.0,175.95,170.0,174.8,483177
2014-01-06,175.0,178.7,170.25,176.05,1127035
2014-01-07,176.2,180.0,173.85,174.8,81502
2014-01-08,174.95,177.95,173.2,176.95,58616
2014-01-09,175.1,178.15,175.1,177.2,52817
2014-01-10,177.9,178.5,168.6,177.75,611082
2014-01-13,176.05,178.5,175.0,176.4,22147
2014-01-14,177.9,179.8,174.0,175.25,20377
2014-01-15,172.7,176.9,172.7,174.9,2272058
2014-01-16,176.55,176.55,170.0,172.8,618233
2014-01-17,170.2,173.65,165.4,171.9,476833
2014-01-20,166.25,170.45,166.05,167.6,62805
2014-01-21,166.2,168.0,165.35,166.95,40312
2014-01-22,165.25,169.5,164.0,165.4,14664
2014-01-23,161.6,171.45,161.6,168.05,2706015
2014-01-24,170.9,175.2,169.1,174.1,1690454
2014-01-27,175.0,175.1,166.0,167.75,736309
2014-01-28,168.0,173.65,167.5,171.75,184255
2014-01-29,175.0,177.55,172.75,174.0,415425
2014-01-30,173.0,173.1,168.5,171.25,178340
2014-01-31,171.95,173.1,170.5,171.95,173173
2014-02-03,172.0,172.0,162.35,164.45,331524
2014-02-04,165.0,168.0,163.7,165.25,115192
2014-02-05,164.05,169.8,164.05,165.85,133255
2014-02-06,164.6,173.35,164.6,169.5,306438
2014-02-07,168.25,173.5,165.75,167.05,2720807
2014-02-10,167.95,169.5,164.5,165.75,1233008
2014-02-11,165.75,169.25,165.0,167.0,197195
2014-02-12,167.95,168.9,166.75,167.95,1988042
2014-02-13,167.05,168.65,165.5,168.35,349376
2014-02-14,168.0,174.3,167.9,172.75,2860468
2014-02-17,174.9,176.0,165.0,170.0,752568
2014-02-18,169.25,171.8,168.55,170.6,573261
2014-02-19,171.0,172.5,167.9,171.25,28736
2014-02-20,169.55,171.75,168.45,170.15,20110
2014-02-21,170.5,173.9,168.5,172.4,1377669
2014-02-24,169.2,173.45,169.2,171.5,771916
2014-02-25,170.25,172.5,170.0,171.85,1541690
2014-02-26,171.0,172.25,169.0,171.95,1497090
2014-02-28,172.0,181.8,172.0,179.8,1959185
2014-03-03,177.2,193.0,177.2,187.6,364203
2014-03-04,190.0,193.9,185.05,190.3,2440949
2014-03-05,197.5,214.0,197.05,201.5,2555115
2014-03-06,201.9,207.4,201.9,206.6,1575824
2014-03-07,209.9,215.0,202.4,205.45,390017
2014-03-10,202.0,214.0,202.0,211.9,991069
2014-03-11,211.9,213.95,204.05,210.9,1691837
2014-03-12,207.5,209.2,202.0,203.0,978724
2014-03-13,202.25,205.9,198.0,199.85,595835
2014-03-14,199.85,202.0,194.0,196.15,127283
2014-03-18,194.0,202.95,194.0,199.9,766649
2014-03-19,195.5,201.3,195.5,199.3,1091766
2014-03-20,197.3,199.75,195.5,196.2,116450
2014-03-21,195.05,200.0,190.0,199.65,917772
2014-03-22,198.1,199.8,195.1,196.5,2426
2014-03-24,195.35,200.5,195.35,197.9,52886
2014-03-25,193.8,202.0,188.0,199.7,12993066
2014-03-26,200.0,209.45,199.0,207.05,786460
2014-03-27,205.05,210.45,205.05,209.5,1357085
2014-03-28,208.0,209.7,202.1,204.0,156180
2014-03-31,205.1,210.25,200.55,203.4,70932
2014-04-01,202.1,205.9,200.05,203.75,820777
2014-04-02,204.5,205.7,201.45,203.05,36041
2014-04-03,201.15,203.45,195.0,199.1,1226119
2014-04-04,200.0,201.4,198.5,199.8,124539
2014-04-07,196.1,202.85,196.1,200.25,56456
2014-04-09,200.0,200.0,195.4,195.95,178135
2014-04-10,196.55,199.8,194.55,195.95,62984
2014-04-11,196.05,198.6,195.05,195.4,45632
2014-04-15,196.0,197.95,194.55,195.6,102261
2014-04-16,194.15,197.9,194.15,195.7,310889
2014-04-17,196.0,200.0,191.7,195.15,494632
2014-04-21,195.15,199.9,195.15,198.35,444154
2014-04-22,196.0,200.05,196.0,198.95,205694
2014-04-23,198.95,209.4,197.6,203.7,1995964
2014-04-25,210.0,214.0,208.6,211.4,4835864
2014-04-28,211.0,214.5,208.05,213.3,810349
2014-04-29,214.95,216.0,211.2,214.95,2313137
2014-04-30,216.0,218.5,214.0,215.65,1958930
2014-05-02,217.0,222.1,212.0,219.3,894038
2014-05-05,220.0,223.85,202.5,213.55,3167480
2014-05-06,215.0,223.0,214.1,222.6,403713
2014-05-07,224.5,225.35,223.0,224.65,467570
2014-05-08,224.0,225.1,216.15,224.5,248356
2014-05-09,225.0,225.0,219.0,223.75,166157
2014-05-12,223.0,224.3,221.0,221.9,179672
2014-05-13,222.1,225.1,221.35,223.65,282065
2014-05-14,220.65,247.1,220.65,236.3,2654454
2014-05-15,238.0,239.4,229.0,230.9,231287
2014-05-16,227.0,236.0,216.85,233.15,431708
2014-05-19,234.0,235.5,232.45,234.95,330224
2014-05-20,235.0,235.0,226.0,233.75,92216
2014-05-21,233.05,235.1,231.0,234.9,471878
2014-05-22,235.0,240.2,232.6,239.05,524979
2014-05-23,238.0,241.9,230.25,235.85,1057850
2014-05-26,240.0,245.0,236.15,238.9,1024333
2014-05-27,240.05,241.65,229.2,231.95,89596
2014-05-28,232.9,242.0,231.05,239.85,210017
2014-05-29,239.9,239.9,231.35,234.55,147686
2014-05-30,237.25,237.25,228.25,231.5,281269
2014-06-02,232.45,239.45,230.05,236.15,542231
2014-06-03,236.1,241.0,233.05,234.05,92411
2014-06-04,233.0,245.45,233.0,244.95,958024
2014-06-05,245.0,246.5,241.4,244.9,620174
2014-06-06,244.0,245.5,240.0,244.75,1891144
2014-06-09,241.1,246.5,240.15,245.0,543482
2014-06-10,247.05,268.0,244.1,259.95,1403755
2014-06-11,263.55,263.55,251.85,259.7,572428
2014-06-12,259.0,261.7,258.5,259.95,500775
2014-06-13,264.0,264.0,249.75,251.35,453550
2014-06-16,254.8,254.8,244.0,246.15,404220
2014-06-17,245.1,256.0,245.1,252.55,1289332
2014-06-18,256.0,256.0,245.0,246.6,326439
2014-06-19,244.1,250.0,243.05,249.2,58442
2014-06-20,251.0,251.0,240.05,242.5,146262
2014-06-23,241.1,243.0,234.55,235.75,104132
2014-06-24,235.75,249.9,232.5,247.4,179763
2014-06-25,248.0,250.4,245.95,248.2,406030
2014-06-26,248.2,261.55,248.2,249.95,898767
2014-06-27,250.0,266.0,249.95,263.05,1141963
2014-06-30,258.6,262.0,250.25,255.6,143398
2014-07-01,256.25,274.9,256.25,259.95,1150182
2014-07-02,259.35,269.0,255.05,264.7,376878
2014-07-03,265.5,269.7,263.1,267.0,175497
2014-07-04,270.0,271.0,260.15,261.0,222290
2014-07-07,260.25,262.9,252.0,254.3,645769
2014-07-08,258.75,261.4,246.65,253.75,776378
2014-07-09,253.0,254.7,246.2,252.4,108440
2014-07-10,249.9,258.9,249.5,253.95,249847
2014-07-11,252.15,259.0,252.0,255.9,528060
2014-07-14,253.3,259.5,248.0,254.8,130650
2014-07-15,254.8,265.95,254.8,262.95,358988
2014-07-16,263.0,265.05,263.0,264.15,128444
2014-07-17,264.1,268.0,258.4,264.85,1088807
2014-07-18,264.0,265.25,261.05,264.45,148864
2014-07-21,265.0,266.8,260.0,261.2,497460
2014-07-22,258.55,270.0,258.55,268.0,233553
2014-07-23,269.0,270.6,266.15,269.35,602425
2014-07-24,265.05,267.9,260.0,261.65,147054
2014-07-25,265.0,266.95,258.1,260.7,863233
2014-07-28,258.3,260.35,255.3,257.3,238298
2014-07-30,252.3,267.3,251.75,252.55,1735223
2014-07-31,253.0,259.05,253.0,256.0,808752
2014-08-01,257.9,266.0,254.2,262.4,384331
2014-08-04,263.45,274.9,263.45,267.3,448977
2014-08-05,267.3,276.8,267.3,275.05,1596611
2014-08-06,276.75,276.75,268.05,271.85,519597
2014-08-07,255.0,255.45,251.6,252.85,1943858
2014-08-08,250.7,261.45,243.2,258.9,2333569
2014-08-11,258.95,267.95,251.0,261.05,1102827
2014-08-12,259.0,270.7,259.0,268.0,2297937
2014-08-13,263.1,270.4,263.1,267.95,2856187
2014-08-14,266.75,268.2,262.1,267.6,1656867
2014-08-18,267.55,271.65,266.05,269.35,1271382
2014-08-19,269.0,272.8,261.0,264.7,2514322
2014-08-20,265.8,266.7,258.2,262.05,1699046
2014-08-21,262.0,270.5,258.5,264.75,10947266
2014-08-22,262.0,267.0,252.6,255.15,418009
2014-08-25,260.0,262.8,253.3,260.7,1236200
2014-08-26,259.0,264.25,252.1,253.7,639500
2014-08-27,254.6,257.6,250.2,254.8,613875
2014-08-28,254.75,265.6,254.2,263.55,365100
2014-09-01,263.05,270.0,263.05,269.05,622721
2014-09-02,270.0,278.6,267.55,273.25,993185
2014-09-03,275.0,281.6,275.0,279.45,1061336
2014-09-04,280.0,291.4,276.25,285.1,913899
2014-09-05,289.0,291.0,278.0,280.3,1105121
2014-09-08,280.3,301.1,267.8,296.2,2413406
2014-09-09,302.0,305.8,281.25,293.95,2514986
2014-09-10,291.05,292.0,282.1,284.4,1165719
2014-09-11,284.0,287.4,276.3,281.9,600986
2014-09-12,282.1,286.05,278.85,281.85,3335827
2014-09-15,280.0,299.0,276.0,297.15,1821824
2014-09-16,298.5,306.3,287.05,297.65,1662257
2014-09-17,299.95,314.8,290.15,309.7,1685294
2014-09-18,310.0,322.0,302.8,315.85,2245778
2014-09-19,314.55,319.5,296.1,312.6,2821898
2014-09-22,310.05,310.2,290.2,293.95,2947500
2014-09-23,293.0,296.0,285.0,287.3,640677
2014-09-24,283.1,300.45,281.0,283.7,826989
2014-09-25,288.3,304.8,286.55,300.1,1045878
2014-09-26,295.05,298.75,286.5,291.05,578797
2014-09-29,292.5,302.8,292.0,298.2,1446284
2014-09-30,293.85,304.9,289.0,294.75,1247644
2014-10-01,295.15,300.0,275.25,280.6,2392171
2014-10-07,282.3,299.7,279.5,288.55,1360231
2014-10-08,287.1,294.7,287.05,289.55,834600
2014-10-09,290.0,295.95,280.55,288.2,1311881
2014-10-10,292.7,295.9,283.4,288.0,541199
2014-10-13,289.7,290.9,285.25,288.65,193401
2014-10-14,288.1,292.7,288.05,290.25,181481
2014-10-16,286.2,290.25,281.0,282.55,451090
2014-10-17,282.0,285.6,281.7,283.5,246774
2014-10-20,285.0,290.25,283.4,285.0,907612
2014-10-21,284.05,292.0,284.05,290.5,840266
2014-10-22,290.05,299.45,290.05,296.7,538457
2014-10-23,297.0,299.35,295.6,298.3,17153
2014-10-27,302.5,302.5,288.0,290.4,269985
2014-10-28,294.4,299.5,287.4,289.4,771250
2014-10-29,293.0,293.0,285.55,290.05,909860
2014-10-30,291.8,291.95,288.0,290.9,417904
2014-10-31,292.4,297.35,289.3,294.45,1982625
2014-11-03,292.05,311.8,292.05,302.15,2359026
2014-11-05,308.7,309.75,283.6,291.4,3085730
2014-11-07,296.95,296.95,274.0,278.6,1207547
2014-11-10,276.0,291.05,275.4,287.4,1031229
2014-11-11,286.0,292.9,285.1,290.3,1447414
2014-11-12,287.65,297.45,282.35,290.45,1009582
2014-11-13,291.0,296.85,290.0,294.8,484328
2014-11-14,295.7,302.5,292.6,298.95,773748
2014-11-17,295.0,303.0,295.0,300.1,278616
2014-11-18,298.0,306.9,295.0,300.05,1538837
2014-11-19,302.9,303.0,296.0,300.05,416012
2014-11-20,300.0,301.2,296.5,300.0,1607160
2014-11-21,297.55,302.15,293.9,299.55,1577808
2014-11-24,297.55,304.15,296.3,299.7,3926342
2014-11-25,297.3,303.85,297.3,299.95,1466167
2014-11-26,297.0,301.95,297.0,299.95,466458
2014-11-27,297.75,301.4,297.75,299.75,488756
2014-11-28,298.1,303.0,294.6,300.15,1072236
2014-12-01,298.35,301.1,298.35,299.6,326485
2014-12-02,298.4,300.0,278.25,284.6,1444049
2014-12-03,288.45,291.0,280.45,288.3,927138
2014-12-04,287.0,297.7,287.0,295.6,550218
2014-12-05,294.0,312.75,293.5,309.7,1996863
2014-12-08,311.0,317.5,307.75,310.95,4562211
2014-12-09,308.9,323.0,305.55,318.35,1452733
2014-12-10,320.0,333.6,320.0,330.1,1128952
2014-12-11,331.0,371.9,331.0,346.7,4909942
2014-12-12,350.0,350.75,335.2,340.6,2541278
2014-12-15,336.7,351.0,336.4,346.85,2022418
2014-12-16,348.6,348.6,339.25,345.7,1116148
2014-12-17,347.8,356.75,342.0,349.65,2095792
2014-12-18,359.9,359.9,348.8,351.3,632535
2014-12-19,351.3,355.0,349.0,349.95,1124847
2014-12-22,346.6,349.9,331.15,337.55,665799
2014-12-23,337.55,341.0,331.2,336.0,559387
2014-12-24,339.5,339.5,319.0,332.9,612832
2014-12-26,333.05,334.7,321.35,332.85,203378
2014-12-29,327.25,333.0,322.0,323.9,256233
2014-12-30,323.05,325.7,323.05,323.95,375835
2014-12-31,324.05,348.7,322.45,336.9,1115608
2015-01-01,333.5,340.5,329.85,339.3,103654
2015-01-02,335.6,340.6,334.95,337.2,371430
2015-01-05,332.5,347.65,332.5,342.4,662811
2015-01-06,342.0,351.6,338.3,341.55,1267514
2015-01-07,342.0,347.3,341.65,342.65,701097
2015-01-08,343.35,346.0,343.05,344.05,1423694
2015-01-09,350.0,350.0,339.5,343.0,1173328
2015-01-12,338.2,343.85,338.2,342.5,141701
2015-01-13,347.95,347.95,338.9,340.7,234783
2015-01-14,340.1,342.0,332.2,339.2,853036
2015-01-15,335.35,346.6,335.35,340.1,978890
2015-01-16,345.0,345.0,337.0,340.0,73034
2015-01-19,335.2,343.0,335.2,342.1,529280
2015-01-20,340.25,361.25,340.25,353.8,1175942
2015-01-21,361.7,375.0,358.05,365.3,2008557
2015-01-22,352.2,364.75,352.2,360.7,1031616
2015-01-23,364.0,373.3,359.45,368.5,1165896
2015-01-27,364.2,368.8,360.55,363.65,769937
2015-01-28,364.85,381.8,362.25,379.85,1655581
2015-01-29,379.85,379.85,368.6,373.6,291433
2015-01-30,380.05,386.95,340.1,361.85,2409411
2015-02-02,369.8,374.75,368.3,370.1,701024
2015-02-03,367.0,383.75,365.25,376.3,2359736
2015-02-04,382.4,385.0,371.0,377.55,3751978
2015-02-05,377.0,381.0,368.2,376.8,1146554
2015-02-06,379.4,381.0,374.8,378.25,1762202
2015-02-09,382.7,382.7,367.55,373.0,1285729
2015-02-10,373.0,373.0,354.4,369.8,990877
2015-02-11,366.25,369.8,356.2,360.95,1316570
2015-02-12,362.0,368.75,338.5,364.1,5133570
2015-02-13,367.0,367.0,353.0,358.85,1368567
2015-02-16,360.9,373.0,359.2,370.25,1189914
2015-02-18,364.1,369.65,363.0,364.45,299416
2015-02-19,375.7,375.7,366.5,368.25,890896
2015-02-20,371.8,371.8,357.2,361.15,1460682
2015-02-23,365.9,374.0,362.0,367.3,532741
2015-02-24,363.1,371.0,361.5,369.65,10050875
2015-02-25,369.0,374.7,368.05,372.3,594419
2015-02-26,358.3,371.0,347.1,366.5,26541531
2015-02-27,364.0,377.0,362.1,367.65,2529428
2015-02-28,376.7,376.7,364.95,367.55,55928
2015-03-02,367.85,370.0,358.5,359.65,5874084
2015-03-03,359.0,365.0,355.6,358.7,2287198
2015-03-04,359.1,366.0,358.0,361.2,1417522
2015-03-05,357.65,366.95,357.65,363.9,2582823
2015-03-09,361.0,369.0,361.0,364.95,3572715
2015-03-10,370.05,376.9,366.55,369.95,3702919
2015-03-11,365.25,386.0,365.25,377.65,2125133
2015-03-12,377.25,393.7,377.25,389.25,2822373
2015-03-13,388.05,392.85,384.9,387.9,6885531
2015-03-16,385.2,389.85,375.25,382.05,647451
2015-03-17,381.0,396.45,375.5,383.95,986793
2015-03-18,387.5,389.8,371.4,380.05,714703
2015-03-19,379.0,387.9,378.55,384.75,1484289
2015-03-20,386.0,389.0,371.5,385.35,2788169
2015-03-23,379.3,386.9,375.35,384.45,758862
2015-03-24,386.0,388.4,382.25,387.2,628989
2015-03-25,387.2,399.35,387.2,391.45,1151186
2015-03-26,390.0,393.85,375.55,377.2,2527566
2015-03-27,378.0,384.9,374.0,377.6,3194270
2015-03-30,377.1,388.9,377.1,385.45,1219396
2015-03-31,386.95,387.95,383.95,385.0,2820740
2015-04-01,386.9,387.6,384.0,384.95,2214370
2015-04-06,394.4,394.4,375.4,379.9,967916
2015-04-07,380.0,385.45,379.85,384.95,1447760
2015-04-08,388.7,388.7,369.95,374.4,2327544
2015-04-09,375.1,382.9,375.1,380.1,403291
2015-04-10,381.0,381.0,369.0,376.55,2466852
2015-04-13,376.55,386.5,374.0,385.25,1103858
2015-04-15,381.25,386.0,373.8,377.15,9375011
2015-04-16,378.4,384.8,378.4,380.75,2690538
2015-04-17,379.65,381.85,372.0,374.9,2600023
2015-04-20,373.0,379.8,366.55,370.15,1709456
2015-04-21,373.6,374.5,365.2,369.1,931888
2015-04-22,370.95,373.8,355.55,367.6,1798356
2015-04-23,366.4,373.9,364.8,371.9,793727
2015-04-24,368.0,377.0,366.1,373.3,749654
2015-04-27,375.05,402.0,371.65,395.55,1590750
2015-04-28,390.05,422.0,387.1,401.05,2235637
2015-04-29,404.85,404.85,382.5,395.3,7377483
2015-04-30,398.9,402.9,394.5,401.3,1228520
2015-05-04,405.1,405.1,384.25,396.3,1385449
2015-05-05,398.0,399.65,387.0,391.0,664628
2015-05-06,392.0,398.0,375.75,385.9,1708594
2015-05-07,378.55,388.8,364.4,369.45,2471178
2015-05-08,376.0,393.7,374.0,388.2,1301327
2015-05-11,395.4,395.4,381.3,390.15,2695463
2015-05-12,388.0,391.95,382.45,384.5,2095784
2015-05-13,390.0,405.45,387.2,392.15,5765458
2015-05-14,392.15,405.0,388.75,401.15,6007048
2015-05-15,404.3,415.15,401.0,410.0,3815210
2015-05-18,417.8,419.0,412.15,418.0,3231749
2015-05-19,415.75,441.75,415.75,430.2,3265200
2015-05-20,433.55,473.0,432.1,448.7,6387911
2015-05-21,445.55,447.95,431.0,434.1,2546070
2015-05-22,436.9,438.4,421.3,434.05,1801813
2015-05-25,434.6,459.45,426.1,450.7,2468857
2015-05-26,448.8,490.6,445.1,462.0,6941574
2015-05-27,450.0,455.95,425.5,437.85,3299963
2015-05-28,436.1,451.0,418.65,440.75,5983896
2015-05-29,440.0,487.7,436.0,478.85,49323892
2015-06-01,462.1,474.9,437.65,471.45,7329572
2015-06-02,465.1,474.0,445.4,453.8,2758029
2015-06-03,454.0,454.1,414.05,423.95,2216493
2015-06-04,424.0,441.0,416.3,435.2,1884624
2015-06-05,428.2,450.6,421.55,447.1,3604579
2015-06-08,442.1,452.7,435.0,448.05,943253
2015-06-09,453.3,457.0,441.25,448.0,2181492
2015-06-10,451.8,464.2,433.0,443.3,1762375
2015-06-11,448.55,474.0,447.0,456.7,2065007
2015-06-12,456.0,456.0,436.4,441.3,1097347
2015-06-15,441.7,461.85,435.0,455.05,962829
2015-06-16,460.2,470.8,451.25,461.4,1425010
2015-06-17,464.0,475.0,458.0,473.25,1412704
2015-06-18,469.6,469.6,450.3,455.95,2133088
2015-06-19,461.3,475.0,456.1,466.05,1964630
2015-06-22,470.0,486.9,458.0,482.3,1831179
2015-06-23,481.6,484.6,472.1,480.45,1281923
2015-06-24,475.0,478.45,461.15,463.35,2196658
2015-06-25,458.35,471.75,452.25,458.95,1639161
2015-06-26,456.3,458.9,433.0,435.8,1393353
2015-06-29,431.7,458.45,422.1,449.9,1385228
2015-06-30,456.8,459.95,441.25,447.0,2153742
2015-07-01,453.7,453.7,439.75,440.95,763849
2015-07-02,448.0,485.0,444.1,479.85,1743154
2015-07-03,474.5,474.5,456.05,464.5,990766
2015-07-06,460.0,460.0,446.45,450.15,1204695
2015-07-07,445.0,458.0,434.7,436.55,2216795
2015-07-08,436.0,453.75,435.5,450.3,1901206
2015-07-09,453.7,453.7,438.5,443.2,2607324
2015-07-10,446.7,446.7,434.0,437.55,1537007
2015-07-13,442.0,444.7,435.05,439.05,469796
2015-07-14,442.85,449.4,436.2,447.95,1068137
2015-07-15,448.0,450.0,442.95,447.35,769237
2015-07-16,449.55,461.95,441.2,453.45,999809
2015-07-17,459.45,476.4,455.35,470.65,1416033
2015-07-20,470.0,470.0,454.5,460.9,802053
2015-07-21,464.9,464.9,437.9,448.75,1480502
2015-07-22,454.9,463.3,450.1,458.2,707694
2015-07-23,466.3,468.7,445.0,451.2,906640
2015-07-24,455.45,455.45,408.1,419.9,2302847
2015-07-27,423.05,434.15,419.9,426.45,2583515
2015-07-28,426.05,448.35,426.05,434.75,1508760
2015-07-29,439.0,448.55,437.1,443.0,2097171
2015-07-30,444.3,449.0,438.05,443.6,1753496
2015-07-31,443.7,464.0,443.7,447.65,1885259
2015-08-03,448.9,479.8,447.65,474.75,2894315
2015-08-04,478.8,496.7,472.8,480.7,2493858
2015-08-05,483.0,499.65,460.15,465.9,1384919
2015-08-06,461.0,465.8,450.15,452.4,1844075
2015-08-07,453.95,460.9,430.05,436.3,2354267
2015-08-10,438.2,454.7,437.0,443.65,2284248
2015-08-11,442.1,447.15,436.0,439.95,1600222
2015-08-12,442.45,444.35,435.1,439.0,837786
2015-08-13,437.0,440.95,430.45,432.25,929098
2015-08-14,430.0,430.0,402.0,410.1,2248575
2015-08-17,413.4,422.35,407.5,419.85,1046107
2015-08-18,422.0,422.0,413.0,415.9,1458538
2015-08-19,418.9,418.9,399.0,406.05,1049220
2015-08-20,406.05,415.0,388.05,403.15,3859556
2015-08-21,401.0,419.8,400.0,402.85,812612
2015-08-24,398.0,398.0,366.2,376.35,1667702
2015-08-25,377.2,427.25,377.2,402.7,2292969
2015-08-26,394.8,402.4,384.95,387.05,1665838
2015-08-27,392.0,403.45,388.45,391.6,1479740
2015-08-28,396.0,398.5,384.0,390.65,1667970
2015-08-31,392.9,436.0,390.2,399.75,3395039
2015-09-01,400.0,429.0,398.85,403.1,3469193
2015-09-02,410.0,419.8,393.95,396.25,2487017
2015-09-03,400.8,423.9,399.0,405.05,8191537
2015-09-04,411.0,413.45,402.25,407.55,1206867
2015-09-07,411.95,414.4,400.25,404.95,839470
2015-09-08,404.05,412.8,395.0,398.0,546519
2015-09-09,402.15,409.0,402.15,407.55,1384674
2015-09-10,406.6,407.4,386.25,391.2,822857
2015-09-11,397.85,398.75,370.1,374.5,2691262
2015-09-14,382.0,400.0,376.65,398.1,2728038
2015-09-15,400.0,400.0,382.05,388.8,1791446
2015-09-16,388.8,392.0,377.5,379.9,1161894
2015-09-18,384.4,394.0,381.25,391.05,1665768
2015-09-21,386.3,404.3,386.3,401.55,1168980
2015-09-22,401.0,418.0,399.6,415.15,2773004
2015-09-23,409.8,411.6,390.3,394.2,764540
2015-09-24,402.05,405.05,392.1,395.75,1915621
2015-09-28,399.0,400.2,362.75,377.05,1988414
2015-09-29,374.7,377.0,341.35,357.6,5933628
2015-09-30,356.5,366.7,350.05,355.2,5239314
2015-10-01,363.0,402.6,360.0,397.4,4290092
2015-10-05,399.65,426.0,397.45,410.15,4108959
2015-10-06,414.55,430.7,413.45,426.55,2591448
2015-10-07,423.0,436.75,419.75,430.8,2151696
2015-10-08,424.0,430.0,402.45,410.05,1896560
2015-10-09,414.85,414.95,393.5,403.25,3070800
2015-10-12,405.75,407.8,384.4,386.3,1623422
2015-10-13,385.0,401.15,375.75,398.75,2751120
2015-10-14,401.0,413.3,393.5,408.05,1769019
2015-10-15,409.85,412.0,395.7,399.4,1281719
2015-10-16,400.0,412.0,400.0,401.75,862437
2015-10-19,398.1,416.35,397.45,414.75,1053170
2015-10-20,418.8,420.8,402.0,406.25,1210060
2015-10-21,409.0,414.15,403.85,409.4,941977
2015-10-23,413.6,414.0,385.1,388.7,2801512
2015-10-26,390.0,391.75,378.75,379.95,3704144
2015-10-27,377.9,389.75,375.0,386.55,1794442
2015-10-28,382.1,393.9,382.1,390.8,2740936
2015-10-29,390.3,392.35,383.5,385.65,3062328
2015-10-30,387.2,393.85,386.4,388.95,936263
2015-11-02,389.9,398.0,384.4,387.35,1342210
2015-11-03,385.5,392.65,382.2,385.5,1413587
2015-11-04,386.9,390.2,374.65,379.65,3477526
2015-11-05,375.55,384.7,374.0,375.2,2333088
2015-11-06,372.3,381.65,368.4,379.05,1246267
2015-11-09,371.0,384.5,366.95,380.7,854065
2015-11-10,375.15,384.0,373.0,380.6,1527057
2015-11-11,384.0,388.0,381.0,386.2,133719
2015-11-13,379.65,386.5,375.1,376.6,1643481
2015-11-16,378.0,378.95,367.0,368.65,765715
2015-11-17,373.0,387.0,371.25,385.0,1590252
2015-11-18,385.5,394.4,382.8,388.55,1239629
2015-11-19,389.15,394.3,383.7,393.4,1567652
2015-11-20,393.85,394.4,383.3,385.0,745085
2015-11-23,385.45,391.65,379.75,380.75,874396
2015-11-24,380.75,383.4,375.65,377.0,1058472
2015-11-26,381.0,411.2,380.0,401.05,3576479
2015-11-27,403.4,408.0,396.9,398.65,2802400
2015-11-30,395.1,396.9,379.1,384.6,2968670
2015-12-01,388.75,394.1,385.05,390.95,2582132
2015-12-02,393.3,404.0,388.5,400.95,2339419
2015-12-03,399.0,399.0,387.9,391.3,1192888
2015-12-04,390.0,401.9,388.0,396.3,1221273
2015-12-07,403.9,406.9,398.35,403.75,852688
2015-12-08,400.0,409.0,397.5,402.9,2734836
2015-12-09,404.0,404.7,393.3,397.15,3514687
2015-12-10,400.8,402.25,395.2,399.9,1431269
2015-12-11,400.1,400.8,388.25,391.35,1540921
2015-12-14,394.0,394.0,385.85,390.1,1094654
2015-12-15,391.05,393.45,387.8,389.1,1416069
2015-12-16,390.0,392.0,388.0,389.95,1362116
2015-12-17,390.0,400.0,388.5,392.0,1060585
2015-12-18,392.0,404.5,392.0,398.35,2017434
2015-12-21,395.0,401.95,393.3,400.15,1745319
2015-12-22,400.0,404.35,397.6,400.7,1854441
2015-12-23,404.9,420.0,399.7,417.65,1881454
2015-12-24,419.05,423.85,411.55,414.35,1350737
2015-12-28,412.1,422.75,412.0,419.2,639043
2015-12-29,415.0,417.3,412.3,415.15,707962
2015-12-30,415.5,436.5,415.5,427.3,1415398
2015-12-31,428.0,434.9,423.1,428.1,1328803
2016-01-01,428.0,428.05,421.5,427.05,162098
2016-01-04,427.05,433.6,420.05,430.05,742792
2016-01-05,431.0,434.0,418.15,421.2,1439356
2016-01-06,421.35,426.1,409.0,410.4,2759344
2016-01-07,410.4,414.15,397.25,399.6,1905084
2016-01-08,399.75,411.9,394.65,400.2,2344607
2016-01-11,396.2,402.4,386.55,395.05,1279479
2016-01-12,395.35,399.05,385.3,395.25,2959353
2016-01-13,400.45,405.9,395.1,397.8,826077
2016-01-14,391.0,398.25,385.0,395.25,1472276
2016-01-15,395.2,397.9,385.75,388.25,1464603
2016-01-18,388.0,390.4,362.55,379.6,1651128
2016-01-19,370.05,378.65,370.0,374.15,1254181
2016-01-20,372.3,374.9,349.75,353.7,1908783
2016-01-21,356.25,370.05,353.5,362.55,2866505
2016-01-22,363.05,366.75,354.0,362.65,2732744
2016-01-25,365.5,376.05,364.5,367.25,2164750
2016-01-27,368.0,389.1,366.8,382.7,3239841
2016-01-28,374.0,377.9,360.85,369.35,4207840
2016-01-29,370.0,370.0,359.1,361.2,1300271
2016-02-01,367.7,372.4,345.2,369.65,1962826
2016-02-02,376.2,376.95,362.85,367.4,1087146
2016-02-03,363.1,369.75,354.2,356.2,2146952
2016-02-04,360.3,361.5,355.05,356.2,1625492
2016-02-05,356.05,366.7,355.25,363.75,1427745
2016-02-08,364.0,369.6,360.05,366.45,534678
2016-02-09,362.0,364.8,356.0,357.55,1131379
2016-02-10,357.0,362.65,350.0,354.6,1216081
2016-02-11,352.5,370.0,352.5,356.0,929625
2016-02-12,360.0,390.9,358.5,384.1,2745053
2016-02-15,385.0,392.6,380.4,388.0,1314081
2016-02-16,386.2,393.9,356.0,362.75,2279719
2016-02-17,366.8,366.8,349.4,352.6,2659608
2016-02-18,358.4,366.0,358.05,363.85,2006304
2016-02-19,366.6,375.35,359.55,371.7,2089018
2016-02-22,376.0,377.1,368.0,375.35,1561365
2016-02-23,382.8,385.5,372.2,376.35,1395396
2016-02-24,378.5,378.5,358.3,359.8,2050608
2016-02-25,359.6,364.65,352.95,361.0,2039219
2016-02-26,364.05,368.0,360.55,364.85,2143674
2016-02-29,364.9,374.6,353.7,356.75,8433496
2016-03-01,352.2,375.55,352.2,374.6,1928945
2016-03-02,379.3,381.5,363.1,368.05,2380021
2016-03-03,369.0,374.4,363.55,368.5,3723356
2016-03-04,368.4,373.2,366.95,371.5,1098458
2016-03-08,369.0,380.6,368.1,378.65,3842695
2016-03-09,377.6,380.8,371.45,379.45,731172
2016-03-10,379.0,380.9,375.35,378.3,604062
2016-03-11,375.5,382.2,373.1,378.15,1254444
2016-03-14,376.1,382.4,376.1,380.55,839168
2016-03-15,378.6,378.6,366.2,368.55,647442
2016-03-16,366.4,370.8,358.5,367.2,2103946
2016-03-17,370.9,373.9,365.75,369.7,1523453
2016-03-18,367.45,382.9,367.45,380.65,1931582
2016-03-21,382.7,391.9,376.75,386.05,1581087
2016-03-22,389.4,394.0,379.25,390.85,1176522
2016-03-23,390.85,392.15,381.35,384.7,1153017
2016-03-28,385.0,385.55,368.7,373.4,1536942
2016-03-29,375.6,390.0,366.15,387.3,1317416
2016-03-30,389.15,393.0,372.65,375.3,2624634
2016-03-31,375.95,392.0,368.1,381.95,6628368
2016-04-01,380.9,392.1,376.2,385.6,1668173
2016-04-04,385.95,387.9,374.5,382.05,1295034
2016-04-05,382.05,382.95,371.55,374.5,1218017
2016-04-06,378.0,378.0,370.0,371.35,937244
2016-04-07,372.6,374.25,367.65,372.9,830826
2016-04-11,369.95,384.4,368.0,381.35,956538
2016-04-12,381.9,386.8,375.1,384.75,1327927
2016-04-13,384.9,400.0,382.7,385.7,1559006
2016-04-18,391.7,410.0,391.7,396.8,3098537
2016-04-20,397.3,397.3,383.65,386.35,2138470
2016-04-21,390.0,390.7,369.6,371.85,2547148
2016-04-22,377.8,377.95,370.05,371.7,2181515
2016-04-25,374.0,377.2,363.95,366.8,1512196
2016-04-26,372.7,372.7,361.5,363.05,4180713
2016-04-27,375.0,377.95,372.05,375.7,5569018
2016-04-28,376.1,380.9,370.0,370.9,4845442
2016-04-29,371.4,376.4,366.05,374.95,1797296
2016-05-02,375.0,378.0,370.75,375.65,513888
2016-05-03,378.2,387.8,378.2,383.65,1588271
2016-05-04,381.1,383.95,373.05,374.2,1163890
2016-05-05,375.0,375.85,367.35,369.1,2886701
2016-05-06,369.4,374.75,368.1,370.05,1838871
2016-05-09,370.05,379.5,369.3,376.9,1087492
2016-05-10,378.6,380.65,373.0,378.8,1433203
2016-05-11,375.0,376.0,368.4,371.0,1132201
2016-05-12,374.7,375.7,369.6,372.1,1347788
2016-05-13,369.6,376.0,364.65,374.9,1507078
2016-05-16,377.0,387.8,373.6,385.2,1076670
2016-05-17,387.7,391.9,383.5,386.4,1156625
2016-05-18,385.0,385.0,378.3,383.1,672355
2016-05-19,383.0,387.0,374.8,384.5,1653311
2016-05-20,386.7,387.7,375.7,377.55,1324905
2016-05-23,378.0,387.75,375.6,383.5,1258672
2016-05-24,383.5,386.5,381.05,384.1,1438075
2016-05-25,388.5,397.0,386.15,394.85,2233412
2016-05-26,394.95,395.95,386.1,390.15,3683479
2016-05-27,388.15,391.65,385.1,386.85,1512986
2016-05-30,387.8,392.0,384.5,386.05,974484
2016-05-31,385.0,386.9,372.3,374.55,3047490
2016-06-01,374.9,386.0,374.6,384.95,1603029
2016-06-02,385.55,386.65,378.65,381.3,888020
2016-06-03,383.0,385.5,377.6,384.55,1858470
2016-06-06,384.75,384.75,375.1,375.85,1943252
2016-06-07,377.8,377.8,373.0,374.2,1955783
2016-06-08,374.95,379.95,374.95,375.95,1647606
2016-06-09,378.4,378.7,373.55,374.7,1857655
2016-06-10,374.5,379.0,371.2,374.5,2062903
2016-06-13,375.0,380.45,372.7,378.25,2936316
2016-06-14,382.9,385.0,378.0,380.8,3750421
2016-06-15,376.7,378.7,363.2,365.1,3083612
2016-06-16,364.25,366.4,344.0,348.2,7619615
2016-06-17,349.0,350.55,334.2,338.65,6119718
2016-06-20,340.0,342.0,331.1,340.65,3441679
2016-06-21,341.1,351.5,339.1,348.0,4380623
2016-06-22,348.0,349.7,335.25,339.0,3902447
2016-06-23,337.2,337.85,320.6,322.0,8151254
2016-06-24,315.0,326.45,301.5,324.75,3220531
2016-06-27,321.3,328.95,321.0,327.65,2131020
2016-06-28,330.0,340.8,329.15,338.55,2636717
2016-06-29,341.8,346.05,339.45,343.95,4078375
2016-06-30,343.95,347.6,340.7,345.05,3240202
2016-07-01,345.1,353.3,345.1,350.2,1729211
2016-07-04,354.8,358.6,351.1,355.3,1610426
2016-07-05,358.8,360.65,353.4,358.3,2132580
2016-07-07,357.0,358.75,349.1,350.95,1761615
2016-07-08,350.0,350.8,340.25,344.8,1959699
2016-07-11,349.8,353.05,347.3,351.65,1540886
2016-07-12,353.85,358.8,349.0,350.3,1710174
2016-07-13,352.6,353.55,343.75,352.7,1137492
2016-07-14,351.75,354.4,349.45,353.0,1156677
2016-07-15,354.45,358.0,349.55,353.3,1542062
2016-07-18,353.0,359.35,350.95,357.65,1133441
2016-07-19,357.4,363.45,352.0,356.8,1768022
2016-07-20,356.8,361.0,353.1,354.9,1580433
2016-07-21,355.4,355.7,352.0,352.6,766068
2016-07-22,352.6,363.95,350.9,361.8,1027883
2016-07-25,362.65,371.45,362.2,366.0,1115580
2016-07-26,366.5,371.9,360.5,363.4,1427705
2016-07-27,368.0,383.0,361.95,380.55,2649643
2016-07-28,381.1,413.7,380.45,400.0,4249348
2016-07-29,400.6,402.0,392.05,395.4,1137050
2016-08-01,396.7,408.5,394.15,396.2,2200406
2016-08-02,399.95,406.3,386.55,387.7,2649418
2016-08-03,388.4,399.0,388.0,395.9,1256722
2016-08-04,396.0,396.8,388.0,392.65,2785908
2016-08-05,390.0,397.0,388.1,389.25,2020303
2016-08-08,391.95,394.95,379.25,381.5,1152412
2016-08-09,380.7,388.0,376.7,384.95,2240139
2016-08-10,384.0,386.0,376.0,378.35,1009414
2016-08-11,378.3,378.7,365.25,368.0,1128123
2016-08-12,368.7,374.05,361.5,366.1,1029376
2016-08-16,368.05,370.8,342.3,350.05,4412401
2016-08-17,353.0,353.15,345.55,348.7,2556095
2016-08-18,352.0,352.0,344.2,347.85,1625259
2016-08-19,349.0,349.0,339.25,342.35,2427693
2016-08-22,346.0,347.85,338.4,339.7,2945778
2016-08-23,337.3,347.75,337.3,346.2,2189366
2016-08-24,346.0,349.45,342.55,346.65,943469
2016-08-25,347.5,348.3,338.0,339.35,1160464
2016-08-26,341.0,349.0,341.0,346.85,1664446
2016-08-29,348.0,348.0,336.25,338.05,824483
2016-08-30,338.95,346.7,336.1,345.15,1424732
2016-08-31,345.0,353.25,344.4,350.75,1824862
2016-09-01,347.5,357.1,341.65,343.75,1279911
2016-09-02,344.85,350.95,340.15,343.7,1944767
2016-09-06,343.7,348.35,338.4,347.2,768989
2016-09-07,347.9,351.75,344.35,349.35,1189628
2016-09-08,349.35,361.5,349.35,357.6,1352844
2016-09-09,360.7,364.15,349.25,351.3,973739
2016-09-12,347.85,347.85,341.0,343.3,1069599
2016-09-14,340.0,348.3,340.0,342.6,1748146
2016-09-15,344.0,347.75,341.0,344.75,1472694
2016-09-16,345.95,354.85,345.85,351.55,2705753
2016-09-19,348.6,351.55,345.3,348.75,1306652
2016-09-20,349.9,359.35,345.45,355.95,2102455
2016-09-21,355.1,375.8,355.1,372.65,3491757
2016-09-22,378.0,387.8,371.2,375.1,3252622
2016-09-23,375.0,382.95,368.65,370.65,2201774
2016-09-26,368.3,370.9,363.3,365.35,1611661
2016-09-27,364.9,370.25,354.7,358.5,1615207
2016-09-28,357.0,367.0,355.55,362.8,1316601
2016-09-29,363.3,375.8,360.0,371.35,2818900
2016-09-30,373.3,373.8,361.3,365.3,3708103
2016-10-03,369.0,369.0,357.1,362.75,1705477
2016-10-04,366.7,372.0,361.25,369.2,2454810
2016-10-05,370.0,378.8,364.65,376.25,1198100
2016-10-06,380.45,384.95,378.4,381.3,1483313
2016-10-07,382.95,382.95,369.55,370.9,482329
2016-10-10,375.0,379.0,369.8,377.45,679980
2016-10-13,373.05,375.4,369.1,374.35,999257
2016-10-14,374.9,380.2,363.35,365.2,6824730
2016-10-17,365.0,366.25,355.75,359.45,508817
2016-10-18,358.25,363.85,351.25,355.35,1485171
2016-10-19,357.0,362.65,354.05,358.15,1023638
2016-10-20,359.0,370.15,358.95,367.3,1208734
2016-10-21,369.7,369.75,357.6,363.65,4690632
2016-10-24,365.15,375.95,363.2,369.8,3950044
2016-10-25,380.0,384.9,369.5,379.35,12096587
2016-10-26,380.9,380.9,365.95,370.45,1317261
2016-10-27,365.65,367.8,351.9,353.75,1624686
2016-10-28,354.15,358.5,343.25,345.65,1749736
2016-10-30,346.55,350.9,346.15,347.5,115599
2016-11-01,352.7,358.4,347.55,355.45,2667615
2016-11-02,353.9,371.7,350.1,366.3,2891687
2016-11-03,367.95,384.5,364.05,380.9,2638220
2016-11-04,379.95,382.15,359.0,364.05,1707365
2016-11-07,369.9,369.9,353.1,355.4,2078073
2016-11-08,355.9,365.5,354.4,360.65,2131933
2016-11-09,347.5,367.4,325.0,362.4,1454174
2016-11-10,366.0,393.25,364.5,387.5,1824118
2016-11-11,378.55,381.85,361.25,365.2,1765780
2016-11-15,359.05,373.0,354.6,364.85,2823359
2016-11-16,368.95,368.95,355.2,360.1,1746528
2016-11-17,360.9,369.95,354.6,358.85,1390095
2016-11-18,355.8,359.3,347.15,351.9,3429846
2016-11-21,353.0,364.5,351.2,359.65,1520242
2016-11-22,360.15,364.95,357.35,359.45,2316275
2016-11-23,361.05,363.75,356.3,360.2,2133468
2016-11-24,358.9,363.9,355.9,360.4,1568627
2016-11-25,360.9,363.1,355.0,355.6,1238720
2016-11-28,355.0,366.2,355.0,363.5,841894
2016-11-29,363.55,373.25,363.5,369.8,1114201
2016-11-30,371.5,378.0,360.25,375.45,2388842
2016-12-01,374.8,394.8,372.6,386.55,3321889
2016-12-02,385.1,393.0,381.4,385.9,2368627
2016-12-05,384.9,396.05,381.75,386.05,1838202
2016-12-06,386.55,388.95,377.0,381.7,1076456
2016-12-07,381.95,384.4,376.95,378.9,2016751
2016-12-08,380.0,382.8,369.0,370.25,1371210
2016-12-09,372.9,372.9,355.8,358.0,3412062
2016-12-12,359.6,362.25,350.0,351.6,2470643
2016-12-13,352.0,357.5,350.9,355.4,1208736
2016-12-14,356.1,361.9,354.9,356.35,913114
2016-12-15,356.35,359.15,350.25,351.1,3049464
2016-12-16,356.0,357.5,351.75,355.65,3328776
2016-12-19,357.45,357.45,344.05,344.95,1535516
2016-12-20,345.0,349.8,342.15,345.45,2721620
2016-12-21,347.75,349.5,335.0,335.95,1882967
2016-12-22,335.5,340.5,334.0,337.2,1364857
2016-12-23,337.0,339.25,331.9,336.4,941552
2016-12-26,336.5,339.0,325.1,326.85,1358368
2016-12-27,325.0,333.9,324.25,331.85,463046
2016-12-28,332.0,345.0,332.0,338.9,1619388
2016-12-29,338.7,343.8,338.15,341.9,1098631
2016-12-30,343.1,345.45,336.5,343.45,1445937
2017-01-02,344.95,346.85,342.05,344.2,569696
2017-01-03,344.2,345.95,338.15,341.5,1121894
2017-01-04,342.0,354.0,337.0,352.35,2191385
2017-01-05,349.2,353.5,343.55,350.1,1530517
2017-01-06,351.9,357.4,351.05,354.25,792191
2017-01-09,354.25,355.3,347.75,349.2,210597
2017-01-10,351.0,355.4,349.6,353.55,1066409
2017-01-11,352.7,358.0,351.45,353.25,1590588
2017-01-12,357.8,361.05,353.9,358.85,1760215
2017-01-13,357.05,358.65,351.4,353.8,901856
2017-01-16,354.0,358.85,352.55,355.55,368089
2017-01-17,355.7,358.0,350.4,353.3,670873
2017-01-18,352.85,354.5,349.2,350.55,587389
2017-01-19,350.2,359.9,348.85,358.25,1209153
2017-01-20,357.0,357.85,350.45,353.2,766197
2017-01-23,352.15,352.9,346.0,346.8,1309561
2017-01-24,350.95,352.55,344.3,350.65,1219473
2017-01-25,354.75,354.75,348.45,351.75,1602532
2017-01-27,352.25,356.7,352.25,353.9,570512
2017-01-30,351.55,356.0,327.0,328.7,3144910
2017-01-31,333.0,333.0,282.7,293.8,17048162
2017-02-01,293.0,303.4,289.6,294.35,7891966
2017-02-02,294.4,296.0,286.6,292.5,7705049
2017-02-03,294.2,303.95,294.2,299.85,7370171
2017-02-06,303.0,308.35,300.65,304.55,3337319
2017-02-07,304.0,312.4,299.15,301.3,5227806
2017-02-08,300.5,311.0,299.25,310.05,3978420
2017-02-09,311.0,322.45,308.75,319.0,6834703
2017-02-10,320.0,323.75,313.9,317.05,3484508
2017-02-13,318.2,324.6,317.25,320.5,1831990
2017-02-14,323.0,323.5,315.6,318.75,2197759
2017-02-15,319.05,327.75,318.0,323.75,4532295
2017-02-16,323.2,323.75,316.7,319.25,3318662
2017-02-17,320.0,321.05,306.0,307.75,3909443
2017-02-20,308.0,310.3,306.2,308.75,1472524
2017-02-21,308.7,309.85,294.15,295.6,4464223
2017-02-22,296.0,303.0,296.0,300.75,4005464
2017-02-23,301.0,303.5,295.95,297.9,5179738
2017-02-27,300.0,300.95,287.1,288.15,5404804
2017-02-28,290.05,294.0,281.75,284.25,12472499
2017-03-01,285.0,292.05,285.0,288.95,5145017
2017-03-02,292.4,293.75,287.8,289.8,2879156
2017-03-03,295.0,310.0,294.05,307.9,12442632
2017-03-06,308.85,312.75,305.75,310.1,5737310
2017-03-07,310.4,314.9,309.0,310.1,3416663
2017-03-08,311.5,311.5,306.35,309.95,1818529
2017-03-09,306.7,308.9,303.1,305.15,2492122
2017-03-10,308.95,312.8,306.05,308.45,3372496
2017-03-14,313.9,315.0,307.5,310.05,2549708
2017-03-15,312.0,312.8,308.05,308.9,2640194
2017-03-16,311.0,311.75,309.25,310.5,1573157
2017-03-17,312.0,312.1,305.65,309.7,4625028
2017-03-20,307.0,314.45,303.65,308.8,2111748
2017-03-21,310.9,314.5,310.35,313.45,1647977
2017-03-22,312.9,317.0,310.45,312.95,3928598
2017-03-23,316.3,317.0,312.5,313.55,1674503
2017-03-24,313.0,314.55,309.25,310.4,1346006
2017-03-27,312.9,315.3,307.4,312.55,1775015
2017-03-28,315.0,323.9,313.7,318.65,5338059
2017-03-29,320.8,340.85,320.1,336.85,13686074
2017-03-30,337.45,339.45,331.0,336.7,3987511
2017-03-31,327.8,328.9,322.5,325.9,1861425
2017-04-03,325.9,332.3,318.75,329.55,2166039
2017-04-05,330.1,343.7,328.65,337.7,4885545
2017-04-06,336.1,340.75,325.4,339.15,2801379
2017-04-07,338.1,348.7,333.6,347.6,2517255
2017-04-10,348.5,360.9,348.0,357.0,4076623
2017-04-11,355.9,362.95,353.0,355.55,4051807
2017-04-12,357.5,372.3,352.15,367.05,4281035
2017-04-13,371.0,371.0,350.6,355.05,1641083
2017-04-17,355.0,355.5,340.5,344.35,1496125
2017-04-18,343.15,350.9,330.75,336.9,6099634
2017-04-19,337.05,347.75,333.75,346.7,3381242
2017-04-20,345.9,346.0,341.7,342.7,2561493
2017-04-21,346.0,356.3,345.85,352.85,2027577
2017-04-24,354.0,360.0,349.5,358.25,2949867
2017-04-25,362.0,377.3,357.95,375.25,4440724
2017-04-26,377.0,377.5,364.25,367.3,3226103
2017-04-27,363.05,369.55,361.4,366.8,1340486
2017-04-28,365.55,368.5,353.35,354.7,1431794
2017-05-02,354.7,358.9,349.3,354.2,4267681
2017-05-03,357.6,365.55,353.9,363.0,1939983
2017-05-04,364.8,365.6,360.0,363.35,1316836
2017-05-05,360.85,370.0,358.5,366.6,1981269
2017-05-08,368.05,370.9,363.0,364.45,686159
2017-05-09,356.35,371.25,356.35,365.9,2151177
2017-05-10,360.0,369.0,360.0,366.65,2254910
2017-05-11,368.4,381.65,366.5,378.3,3254041
2017-05-12,378.8,379.25,369.8,374.7,1559224
2017-05-15,375.8,375.8,368.65,371.05,761032
2017-05-16,371.15,380.85,370.05,376.55,1346372
2017-05-17,377.6,396.5,375.1,389.9,2268036
2017-05-18,388.4,388.85,377.0,378.9,2014628
2017-05-19,381.1,387.5,374.85,378.95,2031322
2017-05-22,383.7,389.3,376.15,387.95,2772691
2017-05-23,385.0,390.0,378.4,379.85,3811223
2017-05-24,379.85,382.0,367.2,369.0,3134390
2017-05-25,369.1,376.35,365.85,373.5,7287977
2017-05-26,370.0,377.2,366.3,369.95,1918463
2017-05-29,370.0,381.4,367.7,379.35,3887542
2017-05-30,379.35,379.85,365.65,372.25,1273594
2017-05-31,374.25,374.35,360.65,366.6,3613527
2017-06-01,370.1,379.45,369.8,376.25,2505966
2017-06-02,376.45,382.9,371.0,374.65,1334349
2017-06-05,381.3,384.9,375.6,382.45,3563721
2017-06-06,383.0,388.9,379.8,383.15,2537956
2017-06-07,385.75,388.6,379.7,383.2,1610112
2017-06-08,383.0,383.1,374.8,379.85,1107704
2017-06-09,379.85,384.75,377.1,382.65,1545424
2017-06-12,380.55,386.0,376.8,384.75,1660758
2017-06-13,385.0,389.85,379.55,384.2,1863956
2017-06-14,382.7,387.4,381.45,386.1,1317476
2017-06-15,385.3,389.1,370.65,374.8,2369536
2017-06-16,374.8,384.65,373.25,375.1,2699975
2017-06-19,376.0,383.9,373.5,376.55,2163886
2017-06-20,377.15,381.5,375.7,377.1,1331396
2017-06-21,377.5,378.1,370.5,371.7,2388975
2017-06-22,372.2,376.5,371.0,375.0,1120673
2017-06-23,377.35,378.55,371.05,372.15,2156583
2017-06-27,373.7,375.9,368.8,373.3,1850097
2017-06-28,372.6,379.95,371.1,376.45,1768602
2017-06-29,379.9,382.5,374.25,378.2,5450689
2017-06-30,375.0,377.05,371.25,374.55,980667
2017-07-03,374.5,399.9,374.45,397.75,4181712
2017-07-04,399.8,405.9,396.6,401.55,2412278
2017-07-05,397.75,405.75,397.75,403.05,1039605
2017-07-06,403.55,416.2,398.6,414.7,2220499
2017-07-07,413.0,414.65,402.15,404.35,2673281
2017-07-10,415.0,415.0,404.0,410.3,1255267
2017-07-11,410.3,414.55,405.25,409.85,2575028
2017-07-12,410.0,422.35,405.6,420.3,4389373
2017-07-13,420.95,421.9,407.25,410.6,3111485
2017-07-14,413.7,418.45,408.65,417.8,1575033
2017-07-17,417.8,420.3,415.7,418.65,1083121
2017-07-18,414.15,424.75,414.15,418.2,2192538
2017-07-19,417.9,422.9,412.0,415.15,1493859
2017-07-20,412.2,414.95,404.55,406.1,1825907
2017-07-21,406.9,411.75,401.25,410.3,1371671
2017-07-24,413.3,415.45,403.35,408.9,2056890
2017-07-25,414.9,425.0,413.45,415.65,2965248
2017-07-26,412.65,414.9,407.55,413.5,1488819
2017-07-27,417.0,417.0,409.0,411.05,2796607
2017-07-28,413.9,413.9,398.65,403.9,2250006
2017-07-31,398.65,406.0,395.25,401.4,3107036
2017-08-01,401.4,407.05,398.75,403.7,1633983
2017-08-02,402.0,407.0,395.3,397.85,2252956
2017-08-03,399.0,407.5,396.0,403.95,3426255
2017-08-04,400.0,408.9,399.0,406.55,2078958
2017-08-07,406.5,408.5,395.6,397.85,2453089
2017-08-08,389.0,389.8,380.0,383.6,12856633
2017-08-09,379.0,385.4,379.0,381.7,2750683
2017-08-10,380.3,387.9,378.95,382.45,3050083
2017-08-11,376.1,383.75,376.1,382.3,2645105
2017-08-14,385.9,385.9,378.5,379.85,2677716
2017-08-16,382.5,383.8,377.9,382.9,1986044
2017-08-17,388.0,388.75,378.55,379.35,1591863
2017-08-18,381.0,396.75,379.95,395.3,4427161
2017-08-21,395.7,396.55,382.65,386.6,1956668
2017-08-22,386.9,396.0,385.65,387.85,2609604
2017-08-23,389.9,389.9,380.75,382.8,1201788
2017-08-24,382.9,387.8,380.3,383.9,1863817
2017-08-28,387.55,388.8,382.75,386.7,1402650
2017-08-29,387.6,387.6,377.0,380.3,1102703
2017-08-30,383.95,385.85,379.6,384.75,838089
2017-08-31,386.8,387.55,367.05,375.2,7483962
2017-09-01,376.3,381.85,375.3,379.7,1242702
2017-09-04,380.0,380.6,375.45,377.75,751845
2017-09-05,378.55,379.25,368.2,371.85,1819271
2017-09-06,372.25,373.5,367.5,371.45,1404720
2017-09-07,371.45,373.9,368.4,370.15,1122445
2017-09-08,374.4,374.65,368.65,370.65,2528475
2017-09-11,371.5,372.15,366.5,369.5,731573
2017-09-12,369.5,370.8,363.65,370.1,2831964
2017-09-13,371.6,374.35,366.4,370.65,4210770
2017-09-14,370.9,373.95,368.5,370.05,1571003
2017-09-15,374.65,382.9,369.65,374.0,11439738
2017-09-18,374.5,392.0,374.5,389.1,2752803
2017-09-19,390.75,399.9,388.15,398.3,1956748
2017-09-20,396.7,400.95,393.05,393.95,1469249
2017-09-21,395.9,399.55,386.6,387.65,2118175
2017-09-22,386.0,394.55,385.2,390.0,1615279
2017-09-25,388.75,397.4,387.3,391.35,2575008
2017-09-26,394.0,394.0,373.85,376.4,1827778
2017-09-27,379.8,386.4,376.25,382.65,2082260
2017-09-28,380.0,395.7,375.0,392.6,2458127
2017-09-29,393.6,411.7,393.05,398.4,5139940
2017-10-03,404.9,410.2,399.0,408.5,4036851
2017-10-04,408.5,419.65,408.0,416.5,3456681
2017-10-05,412.1,413.0,402.65,404.65,1920244
2017-10-06,407.8,409.9,399.0,399.95,2028197
2017-10-09,402.8,405.95,397.55,398.5,1385786
2017-10-10,398.5,404.55,398.5,399.85,2029807
2017-10-11,403.0,414.0,401.9,410.5,5104904
2017-10-12,412.8,438.0,402.7,432.0,10400395
2017-10-13,434.95,455.0,432.8,449.95,16946705
2017-10-16,455.95,474.25,450.6,471.5,9404756
2017-10-17,468.0,482.8,467.0,479.2,9080336
2017-10-18,476.7,482.0,460.05,461.75,3847393
2017-10-19,462.0,464.4,458.35,460.25,234833
2017-10-23,460.0,468.85,445.25,449.0,3468772
2017-10-24,448.05,459.85,437.85,453.3,3495103
2017-10-25,458.9,464.35,450.8,452.15,2720627
2017-10-26,451.5,465.0,436.45,455.4,2343242
2017-10-27,453.0,454.0,415.0,418.55,4527007
2017-10-30,423.7,435.0,421.7,429.7,4402673
2017-10-31,428.5,448.35,419.2,442.15,5952903
2017-11-01,446.0,452.0,422.4,426.55,3573242
2017-11-02,428.0,428.7,415.6,418.65,2632114
2017-11-03,419.0,421.3,412.05,413.75,1624837
2017-11-06,417.15,429.0,413.0,424.05,3603506
2017-11-07,427.05,432.95,420.5,427.05,3101792
2017-11-08,432.0,439.6,430.1,435.15,4412381
2017-11-09,438.45,443.45,424.45,429.2,4969389
2017-11-10,423.85,432.6,421.7,426.75,3348288
2017-11-13,429.4,429.4,405.25,415.5,3422752
2017-11-14,406.0,406.4,391.5,396.95,131335426
2017-11-15,396.0,399.4,375.15,377.65,3278094
2017-11-16,381.1,392.5,380.35,384.65,5469875
2017-11-17,387.45,388.8,376.55,380.15,3328012
2017-11-20,385.4,392.9,381.7,383.7,6432184
2017-11-21,386.4,386.95,381.0,383.55,3626367
2017-11-22,385.8,385.8,373.6,376.45,5752823
2017-11-23,381.15,386.4,373.1,374.6,4561646
2017-11-24,378.0,382.0,376.4,380.8,2487171
2017-11-27,381.25,387.7,378.4,386.6,2416421
2017-11-28,383.15,387.35,376.05,377.85,4127842
2017-11-29,376.8,384.9,376.45,384.15,6010951
2017-11-30,385.0,387.9,380.6,383.7,12955743
2017-12-01,387.0,388.4,382.85,385.95,3519059
2017-12-04,386.0,388.45,375.1,376.5,1423770
2017-12-05,374.15,380.45,371.25,378.55,2141034
2017-12-06,378.25,378.25,366.5,370.35,2172920
2017-12-07,367.6,384.9,367.15,382.35,1768073
2017-12-08,380.05,381.55,372.35,373.7,3146713
2017-12-11,377.0,377.9,367.2,368.05,3031658
2017-12-12,369.0,369.0,354.25,355.4,3321358
2017-12-13,357.5,362.9,355.15,357.7,2362236
2017-12-14,358.2,362.9,355.1,356.65,2052442
2017-12-15,358.05,361.45,353.3,354.5,2416817
2017-12-18,353.75,361.9,347.1,357.75,2963083
2017-12-19,357.5,363.9,357.5,362.5,1737412
2017-12-20,362.5,366.7,362.5,364.25,2111646
2017-12-21,364.95,365.85,360.25,361.6,1507477
2017-12-22,361.25,365.35,358.75,363.95,2856053
2017-12-26,363.0,370.5,362.65,369.6,1649408
2017-12-27,369.5,371.0,365.25,367.5,1199421
2017-12-28,367.5,371.8,364.5,368.15,4295438
2017-12-29,369.7,380.55,367.1,378.75,4216334
2018-01-01,379.9,379.9,368.35,369.95,1788442
2018-01-02,371.0,380.0,370.1,378.8,4093118
2018-01-03,379.7,383.45,376.45,378.65,2009516
2018-01-04,381.8,381.8,377.25,379.05,4247055
2018-01-05,381.45,381.45,371.5,372.6,1576172
2018-01-08,372.6,376.45,372.05,374.4,1754188
2018-01-09,370.15,376.85,367.2,368.4,1659015
2018-01-10,368.5,373.0,364.6,370.8,4204087
2018-01-11,371.0,371.75,363.9,367.75,2373477
2018-01-12,364.05,376.95,364.05,374.8,2834284
2018-01-15,374.5,378.5,369.0,370.5,1038566
2018-01-16,373.45,375.35,366.15,367.95,1797985
2018-01-17,365.0,373.2,360.85,366.1,2996802
2018-01-18,365.0,365.05,342.25,343.8,4256014
2018-01-19,346.0,348.55,339.25,346.05,7653870
2018-01-22,344.5,349.0,339.8,343.5,6688121
2018-01-23,344.4,345.5,337.85,339.4,5668180
2018-01-24,339.0,345.85,338.45,342.3,4933761
2018-01-25,342.1,348.8,340.55,343.45,4683283
2018-01-29,343.0,355.65,340.5,353.4,4249433
2018-01-30,352.2,354.6,342.1,344.45,3724844
2018-01-31,345.0,353.95,343.2,351.55,3997015
2018-02-01,352.0,354.0,343.5,346.85,3045857
2018-02-02,342.0,349.6,341.8,344.85,4467011
2018-02-05,336.0,354.1,330.05,349.0,2690533
2018-02-06,339.4,349.2,328.15,344.95,1662550
2018-02-07,348.05,353.9,336.15,338.55,3376135
2018-02-08,341.0,351.95,340.0,349.2,1436457
2018-02-09,342.9,349.15,339.05,341.5,3050243
2018-02-12,345.4,346.15,336.25,338.25,3252157
2018-02-14,339.55,340.4,325.25,327.4,7362307
2018-02-15,329.1,336.9,327.25,331.05,3526872
2018-02-16,334.4,334.4,322.55,327.55,2397216
2018-02-19,330.85,333.4,325.1,329.85,2593948
2018-02-20,332.0,335.75,322.7,334.0,2348949
2018-02-21,334.9,339.5,332.5,338.05,2192907
2018-02-22,335.0,338.05,330.0,333.85,8407719
2018-02-23,332.1,344.4,330.05,340.4,3108532
2018-02-26,344.75,348.0,335.9,344.45,11037220
2018-02-27,346.9,349.35,339.95,344.8,6738482
2018-02-28,340.0,351.4,338.9,346.7,41050485
2018-03-01,348.0,352.2,342.25,345.2,3367869
2018-03-05,342.5,342.5,335.0,339.15,2294182
2018-03-06,339.8,340.45,328.8,331.95,10597788
2018-03-07,331.0,336.6,327.65,329.45,10039533
2018-03-08,331.0,344.45,324.5,331.2,7186625
2018-03-09,332.0,338.1,328.85,333.15,5488752
2018-03-12,335.5,343.6,332.65,339.5,6680146
2018-03-13,336.0,350.0,336.0,349.0,2491061
2018-03-14,345.9,346.7,337.55,339.15,2244680
2018-03-15,340.0,344.85,336.25,337.9,1354562
2018-03-16,339.0,343.4,332.5,334.45,3780358
2018-03-19,334.95,337.15,320.05,325.35,2261162
2018-03-20,325.0,343.95,323.45,341.9,5524750
2018-03-21,345.8,345.8,336.3,337.15,2825185
2018-03-22,337.4,344.45,330.9,335.2,2264722
2018-03-23,330.0,344.9,329.0,342.5,2991192
2018-03-26,340.0,346.3,339.15,343.95,1353062
2018-03-27,346.7,346.7,332.75,336.55,3190225
2018-03-28,337.5,342.0,331.05,336.15,7045038
2018-04-02,336.0,344.4,335.9,337.65,1643242
2018-04-03,336.5,342.3,334.5,339.15,1165314
2018-04-04,337.0,338.95,335.0,336.95,1385801
2018-04-05,337.55,340.5,330.25,338.05,3807792
2018-04-06,338.0,342.85,335.35,338.0,5575268
2018-04-09,338.0,340.2,336.25,337.2,5696918
2018-04-10,339.0,341.0,332.1,335.45,3470927
2018-04-11,336.05,339.9,335.55,337.45,3468729
2018-04-12,339.2,341.55,335.95,340.7,2136706
2018-04-13,341.0,348.45,336.9,339.7,2358332
2018-04-16,334.5,343.4,334.5,340.05,4175047
2018-04-17,342.2,343.0,330.4,334.0,2797188
2018-04-18,335.0,338.0,334.5,336.05,2881187
2018-04-19,337.0,338.6,334.4,335.95,2579826
2018-04-20,337.4,337.4,326.4,331.1,1307014
2018-04-23,332.0,332.6,324.5,328.0,2475687
2018-04-24,327.0,334.6,315.65,329.0,4979271
2018-04-25,338.0,338.95,322.3,325.45,4998560
2018-04-26,326.5,327.0,310.5,316.1,6209388
2018-04-27,316.15,324.65,313.35,320.25,4360743
2018-04-30,317.1,321.9,312.0,313.1,3440871
2018-05-02,314.95,318.4,312.35,313.8,5741657
2018-05-03,311.35,327.0,311.35,324.95,4395421
2018-05-04,321.7,325.0,318.65,322.45,2125043
2018-05-07,321.1,324.45,319.3,320.65,2621067
2018-05-08,323.0,324.5,319.6,321.0,7307907
2018-05-09,323.9,328.2,322.15,324.85,2739153
2018-05-10,324.9,328.3,317.2,320.7,2809718
2018-05-11,320.7,322.85,315.45,319.85,2806644
2018-05-14,319.25,323.3,313.0,316.0,1310795
2018-05-15,315.0,315.65,311.1,312.45,3695713
2018-05-16,312.2,323.8,308.2,315.2,2250017
2018-05-17,317.7,324.75,312.9,321.75,3255853
2018-05-18,318.5,322.25,315.1,316.15,1949318
2018-05-21,316.0,323.5,315.6,321.7,1523518
2018-05-22,319.5,320.7,313.05,315.85,2443082
2018-05-23,317.0,319.5,313.75,317.3,3690868
2018-05-24,318.8,319.55,313.65,318.35,4111643
2018-05-25,318.0,318.15,312.0,314.85,1105911
2018-05-28,315.85,317.95,309.2,310.7,1201629
2018-05-29,312.0,313.8,303.15,304.9,2631933
2018-05-30,307.0,307.0,298.95,301.15,2554562
2018-05-31,301.55,304.0,293.35,298.65,11366237
2018-06-01,300.2,303.9,298.75,300.65,1271174
2018-06-04,302.0,302.15,294.0,295.15,926733
2018-06-05,298.5,298.5,289.5,294.65,2364464
2018-06-06,295.0,297.2,292.75,294.6,1434703
2018-06-07,294.2,295.5,292.6,293.8,2471537
2018-06-08,293.9,299.45,293.1,298.4,1360769
2018-06-11,299.0,302.05,298.0,300.0,2123262
2018-06-12,302.0,302.0,298.6,299.75,946261
2018-06-13,300.0,302.2,296.6,300.5,5147453
2018-06-14,298.0,299.85,294.9,296.5,1055622
2018-06-15,296.5,297.7,291.6,293.6,3264270
2018-06-18,292.0,294.0,288.9,291.3,1377676
2018-06-19,290.1,292.5,285.9,287.75,1300911
2018-06-20,288.2,290.9,284.1,285.3,1887084
2018-06-21,286.9,286.9,274.55,279.6,5646050
2018-06-22,278.95,287.95,275.45,286.0,2317644
2018-06-25,285.85,293.0,283.25,291.95,2416530
2018-06-26,290.0,294.95,282.35,292.95,5285978
2018-06-27,291.95,302.75,287.2,299.55,4099169
2018-06-28,299.0,300.0,293.9,297.95,4702328
2018-06-29,300.0,307.95,295.6,300.55,3871075
2018-07-02,301.0,304.8,294.8,298.9,2444336
2018-07-03,296.0,297.8,286.6,291.5,2404666
2018-07-04,291.5,301.85,289.55,299.5,2171623
2018-07-05,296.7,305.1,294.3,303.45,1418401
2018-07-06,300.45,303.95,295.35,299.1,1382388
2018-07-09,299.1,303.0,299.1,301.85,613883
2018-07-10,301.95,307.1,299.85,305.3,878200
2018-07-11,305.3,319.2,304.0,317.15,4059566
2018-07-12,315.0,317.0,307.65,314.05,1586131
2018-07-13,314.0,314.0,300.35,302.7,1416753
2018-07-16,302.7,305.7,298.3,301.15,1661955
2018-07-17,299.0,307.25,297.1,303.35,836130
2018-07-18,303.2,305.6,298.75,299.25,1537581
2018-07-19,287.0,292.4,283.4,285.3,2182923
2018-07-20,285.0,288.2,285.0,286.0,4041062
2018-07-23,287.0,289.65,284.0,286.7,629540
2018-07-24,287.0,288.0,285.1,285.85,3997082
2018-07-25,286.0,291.9,283.45,286.9,6454497
2018-07-26,286.0,288.65,278.05,286.85,5254405
2018-07-27,287.3,290.8,284.1,289.45,1703895
2018-07-30,290.0,292.35,287.0,289.15,1203306
2018-07-31,290.0,291.75,285.95,286.65,1744891
2018-08-01,287.0,297.45,285.75,293.25,1897046
2018-08-02,293.25,297.9,289.4,291.15,1228980
2018-08-03,289.9,292.6,288.75,290.1,1138162
2018-08-06,291.45,291.85,285.75,287.05,684331
2018-08-07,286.4,289.5,285.0,285.9,1854883
2018-08-08,286.0,292.5,284.15,290.45,5442103
2018-08-09,291.2,296.85,289.3,293.25,1562399
2018-08-10,290.3,293.65,287.6,289.9,1271219
2018-08-13,287.2,287.55,283.45,285.25,1095747
2018-08-14,285.3,285.75,280.2,283.9,2241692
2018-08-16,282.0,283.45,279.0,280.65,1705620
2018-08-17,281.0,285.4,281.0,282.55,2626989
2018-08-20,282.6,287.0,281.9,284.8,1706019
2018-08-21,285.45,289.7,284.35,287.5,2304463
2018-08-23,288.0,290.7,282.55,283.9,1875794
2018-08-24,283.4,291.4,278.85,285.55,3456951
2018-08-27,285.55,289.8,281.6,288.05,2244792
2018-08-28,289.8,289.8,282.6,286.15,10163994
2018-08-29,287.2,287.2,282.25,283.6,4826522
2018-08-30,282.3,286.0,280.1,284.4,2645826
2018-08-31,285.75,294.8,285.0,286.9,2495220
2018-09-03,289.05,292.9,286.0,289.8,1141409
2018-09-04,291.0,292.0,282.4,284.05,1433152
2018-09-05,284.0,284.0,269.25,271.35,2129182
2018-09-06,266.35,277.6,265.6,270.95,3939106
2018-09-07,272.0,279.35,267.2,277.35,2042234
2018-09-10,273.9,279.0,272.7,275.7,793199
2018-09-11,275.25,276.8,269.0,270.2,2484626
2018-09-12,270.2,272.3,263.3,270.8,1097568
2018-09-14,270.8,275.9,270.55,274.6,3099251
2018-09-17,274.8,275.0,266.0,266.85,2277951
2018-09-18,268.0,268.0,265.0,266.7,1788883
2018-09-19,268.0,272.85,264.0,270.9,1208800
2018-09-21,272.9,282.85,270.6,281.2,3625576
2018-09-24,280.0,283.95,273.05,277.85,1342760
2018-09-25,277.0,280.0,268.05,269.35,2794731
2018-09-26,270.0,273.9,257.7,261.5,2575108
2018-09-27,262.0,271.05,256.85,267.85,3769191
2018-09-28,267.85,275.45,261.5,262.95,2438632
2018-10-01,262.9,272.3,262.0,267.6,2928255
2018-10-03,267.6,267.6,250.0,251.7,2989267
2018-10-04,242.65,261.6,242.25,256.15,4972966
2018-10-05,254.9,264.0,253.6,260.2,4498382
2018-10-08,260.0,269.5,253.15,266.7,2253966
2018-10-09,266.7,273.9,261.95,266.5,2128482
2018-10-10,268.45,276.0,256.5,258.25,2832141
2018-10-11,252.7,262.65,252.0,259.75,4629003
2018-10-12,259.95,267.5,258.0,265.55,2502620
2018-10-15,267.55,271.6,264.85,268.6,1953850
2018-10-16,268.6,277.5,263.8,266.25,2760250
2018-10-17,268.7,269.65,258.2,260.0,1618929
2018-10-19,261.0,268.65,261.0,264.45,2544569
2018-10-22,266.0,267.9,260.65,265.25,1228217
2018-10-23,264.6,270.4,258.6,265.5,8806279
2018-10-24,265.55,267.9,259.9,263.25,2283437
2018-10-25,260.1,270.7,260.0,265.0,6916739
2018-10-26,264.5,268.45,261.85,265.0,2293262
2018-10-29,263.5,266.75,262.55,264.65,995410
2018-10-30,265.15,267.95,263.5,266.2,1524274
2018-10-31,265.0,271.0,259.4,269.25,2396820
2018-11-01,264.05,266.95,260.35,261.2,2270401
2018-11-02,262.8,264.75,260.25,262.3,1687971
2018-11-05,262.3,264.0,258.05,261.95,1661661
2018-11-06,261.15,265.75,259.3,262.65,1582175
2018-11-07,264.9,266.25,263.0,265.15,94257
2018-11-09,267.8,274.1,264.35,265.85,4838067
2018-11-12,267.95,268.8,257.45,258.5,2007650
2018-11-13,258.0,261.25,253.55,258.4,1412523
2018-11-14,260.0,261.5,256.85,260.05,813648
2018-11-15,261.95,261.95,254.0,255.4,1206044
2018-11-16,257.8,262.25,256.0,259.6,1581500
2018-11-19,259.5,261.8,257.5,259.95,741946
2018-11-20,260.0,261.25,257.9,260.3,1005059
2018-11-21,259.05,260.55,256.45,258.85,1328745
2018-11-22,258.7,263.5,244.1,258.1,2857031
2018-11-26,259.0,268.55,258.3,262.75,3138480
2018-11-27,262.0,268.25,259.15,264.15,2270520
2018-11-28,266.0,266.3,257.6,259.65,1726167
2018-11-29,260.85,266.5,254.25,265.45,1424071
2018-11-30,262.6,265.95,255.3,256.75,3389542
2018-12-03,257.0,259.95,253.95,256.0,2081914
2018-12-04,255.7,257.0,252.5,254.85,4028606
2018-12-05,255.0,259.4,253.35,258.35,1194976
2018-12-06,255.75,257.8,253.55,255.65,648790
2018-12-07,254.0,256.95,251.55,252.85,721812
2018-12-10,251.7,251.7,246.25,250.35,1896394
2018-12-11,247.7,257.25,246.0,253.15,924469
2018-12-12,253.9,256.3,250.0,250.7,1909161
2018-12-13,251.2,252.45,248.35,249.2,2790047
2018-12-14,249.0,252.9,247.25,252.05,1818267
2018-12-17,252.3,255.85,249.25,254.95,1419070
2018-12-18,253.05,257.3,252.7,254.6,1171801
2018-12-19,255.0,267.1,254.55,263.45,2570544
2018-12-20,262.0,263.95,257.95,262.0,1137215
2018-12-21,263.8,265.0,247.45,259.85,6508796
2018-12-24,262.0,271.15,256.0,262.55,3202904
2018-12-26,259.95,265.0,258.25,262.6,1282658
2018-12-27,262.6,269.2,261.5,266.8,1209883
2018-12-28,269.05,269.75,262.0,263.0,1745967
2018-12-31,262.65,265.0,257.2,259.0,1577464
2019-01-01,259.95,263.5,257.8,262.25,799064
2019-01-02,261.95,266.0,258.7,264.25,1115095
2019-01-03,265.0,273.4,263.6,271.6,2888878
2019-01-04,273.0,288.5,272.0,285.05,6714533
2019-01-07,287.5,295.15,285.1,293.75,5453037
2019-01-08,292.7,300.4,290.0,297.95,4648636
2019-01-09,299.9,299.9,289.25,290.35,3188173
2019-01-10,290.1,290.4,281.6,285.05,3672383
2019-01-11,285.1,286.1,276.15,277.2,3840134
2019-01-14,276.7,282.8,274.35,280.1,6223594
2019-01-15,280.15,283.75,277.65,279.75,2487680
2019-01-16,280.0,284.4,274.5,275.85,3605390
2019-01-17,278.5,282.35,276.4,280.45,3729858
2019-01-18,280.65,283.4,277.0,278.05,3096388
2019-01-21,278.05,279.85,270.65,277.8,2421296
2019-01-22,278.75,280.7,274.5,277.65,2194405
2019-01-23,278.0,281.4,274.8,277.0,4888651
2019-01-24,282.0,283.15,261.2,263.0,11122963
2019-01-25,264.6,282.45,264.1,279.75,11828569
2019-01-28,283.7,293.85,277.05,287.3,8309902
2019-01-29,284.95,298.9,283.4,297.35,6402177
2019-01-30,296.25,299.6,286.05,290.3,6293196
2019-01-31,290.0,296.4,285.0,292.25,4762254
2019-02-01,296.0,298.0,290.85,296.2,2258242
2019-02-04,292.25,297.8,287.5,295.05,2318471
2019-02-05,295.0,295.0,286.45,288.9,3538939
2019-02-06,290.0,298.0,288.8,296.35,2707550
2019-02-07,293.6,308.5,290.65,305.85,3137895
2019-02-08,302.05,335.0,302.05,326.05,11194181
2019-02-11,326.0,329.0,320.0,323.5,3081552
2019-02-12,323.0,324.4,310.65,312.85,3518639
2019-02-13,314.15,315.0,302.8,304.3,2930960
2019-02-14,304.0,304.0,293.5,297.2,2912616
2019-02-15,299.2,310.45,291.95,306.9,4992264
2019-02-18,306.7,319.25,304.7,317.05,6443621
2019-02-19,315.0,324.85,315.0,318.45,6184870
2019-02-20,319.0,322.9,313.65,318.2,2478600
2019-02-21,317.6,318.0,306.3,312.55,3996262
2019-02-22,311.45,321.8,309.0,313.6,3970353
2019-02-25,313.6,313.8,302.45,303.95,3480643
2019-02-26,304.0,310.5,300.15,308.0,5880043
2019-02-27,308.95,309.0,294.8,296.75,4142722
2019-02-28,298.0,298.85,291.5,293.65,3914334
2019-03-01,297.65,297.65,292.0,293.25,2121450
2019-03-05,295.0,297.0,291.6,296.15,2215719
2019-03-06,296.95,306.5,295.35,302.55,4205863
2019-03-07,305.9,309.5,304.45,305.65,2653768
2019-03-08,304.8,310.0,304.05,305.5,2175387
2019-03-11,306.6,322.0,305.95,319.7,4166219
2019-03-12,319.5,322.7,309.0,316.35,5298735
2019-03-13,320.4,321.0,311.05,313.15,2238504
2019-03-14,314.0,318.0,312.0,314.35,1873621
2019-03-15,316.0,320.0,311.25,313.2,2880482
2019-03-18,317.0,321.6,310.85,318.1,2868948
2019-03-19,320.0,331.8,314.15,327.6,10223121
2019-03-20,328.3,333.45,322.25,325.05,3756179
2019-03-22,325.1,329.25,313.9,316.1,3378667
2019-03-25,314.55,314.55,304.75,306.6,2436411
2019-03-26,305.2,314.0,305.2,312.85,2393663
2019-03-27,316.9,318.5,311.1,316.2,2831679
2019-03-28,317.45,319.65,313.45,317.1,1752675
2019-03-29,317.5,319.15,310.85,313.4,1743099
2019-04-01,314.95,317.6,311.5,314.25,1556091
2019-04-02,314.45,318.1,312.15,315.0,1660087
2019-04-03,314.5,320.0,314.15,317.25,1971729
2019-04-04,318.5,319.75,314.7,316.65,1339901
2019-04-05,316.65,320.0,314.4,316.8,1034427
2019-04-08,317.95,318.7,313.7,316.1,1035460
2019-04-09,316.1,318.5,312.5,315.2,777799
2019-04-10,315.1,318.2,313.65,315.3,1404102
2019-04-11,315.35,317.0,311.05,313.35,1316742
2019-04-12,314.0,317.35,313.0,314.65,777930
2019-04-15,314.5,316.5,307.3,308.45,1493320
2019-04-16,310.95,316.9,309.4,312.95,2057364
2019-04-18,312.95,314.45,303.25,307.2,2227796
2019-04-22,306.8,310.85,295.55,299.6,1606392
2019-04-23,301.0,303.65,292.55,294.0,1532866
2019-04-24,297.0,303.5,291.0,301.5,2572361
2019-04-25,287.35,298.0,265.65,270.7,24061163
2019-04-26,273.0,278.0,271.35,272.9,8713787
2019-04-30,273.7,278.9,256.5,262.55,9291803
2019-05-02,262.55,272.4,262.55,270.85,5510874
2019-05-03,272.55,278.55,272.1,274.0,4234052
2019-05-06,273.0,273.5,268.3,271.85,2351319
2019-05-07,266.9,270.8,265.75,268.0,2972102
2019-05-08,268.0,270.3,263.65,266.7,2225529
2019-05-09,266.95,269.7,261.5,267.1,3520232
2019-05-10,266.3,267.0,260.75,262.25,2270319
2019-05-13,261.45,269.15,259.6,265.45,3369566
2019-05-14,265.0,274.0,262.35,270.05,2305293
2019-05-15,272.65,273.0,262.15,263.85,1834553
2019-05-16,267.9,270.05,262.35,268.15,1350907
2019-05-17,269.0,270.9,265.5,268.7,1254452
2019-05-20,270.0,275.5,267.8,269.55,1197002
2019-05-21,270.1,281.45,270.1,276.1,4677322
2019-05-22,275.85,280.9,268.95,269.35,3235336
2019-05-23,273.0,277.0,271.0,273.85,1602734
2019-05-24,273.1,280.35,269.8,277.55,2466673
2019-05-27,280.35,282.85,276.45,279.55,1662490
2019-05-28,280.0,280.95,267.0,269.0,5400573
2019-05-29,269.9,278.3,267.2,275.7,4588858
2019-05-30,276.4,276.7,271.1,271.9,1372537
2019-05-31,274.0,275.35,267.35,269.0,2066116
2019-06-03,273.0,276.0,267.4,268.75,2587599
2019-06-04,268.85,275.0,268.55,274.0,2551900
2019-06-06,274.25,275.9,268.8,273.5,2900691
2019-06-07,274.5,282.9,271.8,279.65,3356328
2019-06-10,281.55,288.5,280.0,281.95,3384305
2019-06-11,283.6,288.5,279.1,283.15,2412856
2019-06-12,282.0,282.4,272.05,273.25,2151888
2019-06-13,274.05,274.55,269.15,271.35,1588110
2019-06-14,270.65,276.0,270.1,275.05,1801435
2019-06-17,274.5,280.0,270.8,272.15,2898233
2019-06-18,272.5,273.15,265.15,270.1,1356266
2019-06-19,269.4,273.0,267.0,272.1,1549176
2019-06-20,269.15,280.25,269.15,279.05,1333171
2019-06-21,276.4,278.05,271.4,275.35,2133362
2019-06-24,275.0,275.95,271.5,272.8,581858
2019-06-25,272.0,272.55,266.0,269.8,2009198
2019-06-26,269.0,272.0,267.5,271.2,1494735
2019-06-27,272.5,278.45,271.55,274.8,4700008
2019-06-28,274.9,274.9,265.9,267.05,3262265
2019-07-01,269.0,269.0,263.55,265.65,1697283
2019-07-02,267.0,267.65,264.15,265.9,1048924
2019-07-03,266.1,266.75,261.4,265.65,1521436
2019-07-04,266.25,266.5,261.75,263.1,1645218
2019-07-05,263.2,268.85,259.2,261.0,2412436
2019-07-08,262.0,265.0,261.2,262.5,2642383
2019-07-09,261.25,261.5,256.05,260.7,1181573
2019-07-10,260.1,260.95,258.15,259.95,1725974
2019-07-11,255.05,265.8,255.0,264.9,2562327
2019-07-12,264.0,268.45,262.0,262.95,1566615
2019-07-15,262.7,263.6,261.25,262.25,2159610
2019-07-16,261.6,264.7,261.3,263.7,837648
2019-07-17,263.0,265.9,262.0,264.0,894401
2019-07-18,264.0,264.75,261.5,263.15,1411051
2019-07-19,264.0,266.85,257.2,259.5,1446163
2019-07-22,259.6,268.3,258.55,264.05,2207103
2019-07-23,262.0,265.6,258.05,261.8,1800133
2019-07-24,261.3,266.7,260.6,264.15,2286092
2019-07-25,269.6,279.85,259.3,261.9,8454229
2019-07-26,263.95,271.8,263.1,270.2,1960464
2019-07-29,269.5,270.05,255.05,256.5,2740198
2019-07-30,257.0,259.5,245.1,249.55,2919377
2019-07-31,249.0,250.0,238.7,245.75,2619952
2019-08-01,245.75,253.95,244.0,250.95,5097970
2019-08-02,249.0,254.3,245.3,251.4,2137582
2019-08-05,249.0,250.85,242.15,245.35,3104706
2019-08-06,244.0,248.5,243.0,246.1,2094531
2019-08-07,246.8,249.85,241.0,245.55,3169188
2019-08-08,246.5,253.55,246.05,250.25,2356514
2019-08-09,250.25,255.0,248.2,252.05,1850151
2019-08-13,250.0,253.45,243.8,246.65,3187220
2019-08-14,246.7,252.0,246.2,248.85,1684846
2019-08-16,249.0,251.0,243.5,249.2,2114865
2019-08-19,251.55,259.5,250.05,255.3,3545851
2019-08-20,253.05,258.5,252.4,255.55,1988944
2019-08-21,254.05,255.75,246.7,248.25,1594454
2019-08-22,246.1,248.75,244.25,246.55,1636043
2019-08-23,246.55,248.4,241.15,246.95,2095868
2019-08-26,247.7,250.1,242.15,245.45,922855
2019-08-27,245.7,247.95,242.85,245.05,2151969
2019-08-28,245.95,250.5,244.4,248.8,1090082
2019-08-29,246.35,264.35,245.35,258.45,2754757
2019-08-30,257.85,257.85,247.35,250.45,2422188
2019-09-03,248.8,256.35,246.7,248.25,2517752
2019-09-04,249.45,252.45,246.25,248.05,1825938
2019-09-05,248.1,249.7,247.1,248.2,1817635
2019-09-06,249.5,251.85,245.0,250.35,1416878
2019-09-09,251.5,253.9,247.6,252.95,847672
2019-09-11,252.7,254.8,249.85,253.2,1822217
2019-09-12,252.8,252.8,248.7,250.75,3142907
2019-09-13,250.75,255.45,249.3,254.4,1268239
2019-09-16,252.05,254.6,248.75,251.95,1991658
2019-09-17,251.95,251.95,247.0,250.2,5647217
2019-09-18,251.3,255.75,249.25,253.5,2615368
2019-09-19,253.1,253.7,247.05,249.4,4111416
2019-09-20,250.45,263.25,249.1,259.15,6225273
2019-09-23,260.8,273.0,259.5,263.8,4244471
2019-09-24,262.0,268.75,254.65,257.65,2774080
2019-09-25,256.75,259.35,251.55,257.35,4004448
2019-09-26,258.0,261.45,256.3,258.55,3657682
2019-09-27,258.0,259.2,252.3,256.6,2152148
2019-09-30,255.95,259.7,250.45,257.3,2066415
2019-10-01,257.8,258.95,244.75,249.0,2430598
2019-10-03,249.9,250.55,245.7,248.25,1812820
2019-10-04,248.25,249.0,245.05,245.7,1485553
2019-10-07,246.0,247.95,244.65,246.05,951115
2019-10-09,246.85,261.0,244.5,255.85,2574081
2019-10-10,257.4,265.6,251.55,256.9,3932579
2019-10-11,256.65,259.6,252.35,258.15,1556248
2019-10-14,259.0,261.45,255.6,259.45,2030766
2019-10-15,258.5,260.4,255.25,256.95,1842773
2019-10-16,256.4,258.25,251.85,257.1,2770291
2019-10-17,255.0,257.95,253.55,256.95,2696714
2019-10-18,256.8,263.0,254.0,261.6,3004253
2019-10-22,266.0,266.0,256.25,258.8,3366265
2019-10-23,256.8,260.7,252.4,259.35,2203222
2019-10-24,255.0,258.3,234.4,237.55,14258378
2019-10-25,238.0,238.0,212.95,217.0,21536622
2019-10-27,214.0,217.3,210.3,212.25,852389
2019-10-29,211.5,214.4,190.85,193.15,25065956
2019-10-30,193.15,199.85,176.35,183.2,35136167
2019-10-31,183.0,193.0,177.6,189.7,25419009
2019-11-01,190.0,204.3,189.7,202.45,23457512
2019-11-04,207.45,217.6,207.45,214.85,16966469
2019-11-05,217.8,224.25,212.4,222.15,9851993
2019-11-06,222.0,223.95,216.2,221.15,13269159
2019-11-07,223.0,230.95,222.5,229.45,10721436
2019-11-08,229.0,229.0,216.0,218.3,8452515
2019-11-11,218.3,222.0,213.5,220.55,7179974
2019-11-13,221.9,221.9,216.05,218.2,4721406
2019-11-14,205.0,211.25,198.75,208.65,13453599
2019-11-15,203.95,234.0,203.05,227.15,20249326
2019-11-18,226.0,233.75,221.95,226.8,16131688
2019-11-19,227.95,259.85,227.7,250.55,25783702
2019-11-20,257.1,260.3,237.5,240.9,24039955
2019-11-21,243.95,245.65,231.3,241.9,14777175
2019-11-22,242.0,243.0,227.4,232.0,18160133
2019-11-25,233.3,251.95,232.6,250.15,18326933
2019-11-26,244.0,244.05,231.0,232.65,15371490
2019-11-27,235.0,240.4,223.25,225.3,11954026
2019-11-28,227.0,261.0,227.0,256.6,44381478
2019-11-29,250.0,283.8,238.0,276.3,52305477
2019-12-02,284.3,296.5,260.45,265.5,26310842
2019-12-03,269.65,269.65,237.1,248.45,36918534
2019-12-04,250.0,261.0,242.5,248.95,35960053
2019-12-05,252.7,256.8,244.1,246.05,13085258
2019-12-06,247.6,262.0,247.55,259.7,29550642
2019-12-09,258.0,262.0,252.5,260.4,12122619
2019-12-10,259.0,259.0,252.15,254.1,7836507
2019-12-11,256.0,262.6,252.3,254.6,13423416
2019-12-12,256.1,259.5,248.6,252.2,7644969
2019-12-13,253.75,256.45,246.05,252.4,7635565
2019-12-16,256.5,259.9,246.15,248.25,10418127
2019-12-17,249.0,251.4,244.65,248.2,9029823
2019-12-18,251.0,253.0,246.4,250.3,6687638
2019-12-19,249.0,254.3,247.5,251.8,8182741
2019-12-20,251.85,262.9,251.15,253.25,17280490
2019-12-23,252.8,255.9,249.0,254.6,6088785
2019-12-24,255.0,257.8,252.5,255.3,5122180
2019-12-26,255.0,260.45,251.65,256.2,7148144
2019-12-27,254.9,258.95,252.7,255.7,3880157
2019-12-30,255.45,258.7,254.0,255.3,3041224
2019-12-31,255.5,260.65,251.25,252.5,6661439
2020-01-01,254.0,258.45,252.9,254.45,5109979
2020-01-02,257.0,257.5,252.7,253.65,2877511
2020-01-03,254.2,255.85,243.7,248.15,3954085
2020-01-06,247.1,247.7,242.0,242.75,2717925
2020-01-07,242.5,246.9,237.15,238.25,4818126
2020-01-08,238.05,238.5,233.2,236.3,4677084
2020-01-09,240.0,252.5,239.85,250.6,9394608
2020-01-10,251.0,256.9,248.7,249.45,7865194
2020-01-13,251.45,252.8,243.6,246.45,5355328
2020-01-14,246.5,249.2,245.65,247.9,2707073
2020-01-15,248.2,252.15,245.5,247.05,3494541
2020-01-16,247.05,249.15,240.95,243.05,2911756
2020-01-17,218.75,228.6,210.25,218.25,28282727
2020-01-20,219.0,227.9,218.25,221.85,13282147
2020-01-21,224.4,243.55,224.4,240.5,24634362
2020-01-22,244.85,245.0,235.5,241.0,9193629
2020-01-23,239.2,243.75,235.45,242.2,4466738
2020-01-24,240.0,245.9,238.5,244.3,3975793
2020-01-27,243.0,243.5,239.0,241.85,2599568
2020-01-28,242.0,243.95,232.65,237.6,3982125
2020-01-29,240.9,246.9,238.35,245.2,5089013
2020-01-30,245.2,249.5,241.2,246.15,5037540
2020-01-31,247.0,253.8,243.7,248.3,5811965
2020-02-01,245.25,250.6,240.0,247.15,2382537
2020-02-03,243.3,248.0,222.45,229.3,13622443
2020-02-04,234.5,242.5,231.0,240.05,7292340
2020-02-05,242.0,251.0,240.0,246.05,5424629
2020-02-06,246.0,251.0,240.6,244.85,3801748
2020-02-07,245.0,249.0,242.4,247.8,2361756
2020-02-10,245.55,252.75,238.3,239.8,4269585
2020-02-11,243.0,249.0,241.2,248.8,3205776
2020-02-12,248.0,248.0,242.2,243.35,2183986
2020-02-13,247.5,247.7,242.05,244.85,1929975
2020-02-14,246.0,251.0,227.7,235.45,15878119
2020-02-17,234.85,239.95,232.0,235.0,4423991
2020-02-18,235.4,235.4,200.7,210.0,23923588
2020-02-19,215.0,228.2,212.25,225.1,22582088
2020-02-20,225.5,231.0,224.6,226.2,10358700
2020-02-24,242.0,242.0,207.5,215.95,19291593
2020-02-25,219.5,221.9,207.75,216.3,12279734
2020-02-26,216.3,221.4,211.0,218.75,7463028
2020-02-27,218.75,225.4,215.2,223.1,8207359
2020-02-28,217.0,218.0,211.15,214.45,5003761
2020-03-02,216.0,226.25,210.2,216.85,5593236
2020-03-03,220.0,225.0,213.05,219.35,4885039
2020-03-04,219.35,223.0,215.8,221.05,4051461
2020-03-05,222.7,223.75,211.6,214.7,6312226
2020-03-06,209.7,209.7,201.0,203.7,3489700
2020-03-09,196.0,215.0,195.3,211.0,6976203
2020-03-11,209.0,226.7,207.0,224.75,9057714
2020-03-12,207.0,224.5,207.0,221.3,8429211
2020-03-13,221.0,241.7,208.05,227.25,10869358
2020-03-16,219.8,220.9,203.0,209.4,6990095
2020-03-17,209.9,214.5,190.7,194.4,7162959
2020-03-18,194.4,202.55,148.0,149.9,16818285
2020-03-19,149.9,149.9,120.05,124.05,22843722
2020-03-20,124.2,155.9,122.8,148.15,16273662
2020-03-23,134.0,148.0,133.5,143.4,6129436
2020-03-24,149.0,150.8,131.0,141.95,8100940
2020-03-25,139.3,151.9,136.3,147.5,4970744
2020-03-26,150.45,169.0,147.0,156.5,7345437
2020-03-27,165.0,165.0,153.5,156.8,7325718
2020-03-30,157.1,157.75,148.4,155.1,5274316
2020-03-31,155.9,163.3,154.7,160.0,3313693
2020-04-01,160.0,160.5,150.5,155.1,3210493
2020-04-03,158.0,161.6,154.2,156.4,8125477
2020-04-07,164.2,164.5,157.1,159.65,7789053
2020-04-08,161.1,170.4,158.05,166.4,8193132
2020-04-09,171.0,175.25,169.0,173.9,3777305
2020-04-13,173.2,179.35,171.45,177.5,3315057
2020-04-15,180.05,181.0,172.1,173.8,4525878
2020-04-16,171.0,175.7,165.45,171.5,6471943
2020-04-17,175.0,175.9,166.9,168.3,4417192
2020-04-20,168.9,170.0,158.4,159.3,6007560
2020-04-21,159.3,165.0,156.0,163.05,7392996
2020-04-22,164.0,168.4,164.0,167.55,5550913
2020-04-23,169.0,174.55,166.0,166.1,5745054
2020-04-24,169.0,172.9,149.5,152.0,19437319
2020-04-27,154.0,160.5,154.0,157.4,7030396
2020-04-28,160.0,160.85,155.0,159.4,4152709
2020-04-29,160.05,163.95,157.05,163.0,3332616
2020-04-30,163.0,175.8,162.15,174.4,5671218
2020-05-04,164.0,171.75,162.9,168.5,3535528
2020-05-05,168.0,183.8,164.75,170.6,20706226
2020-05-06,171.0,174.0,159.5,160.9,10677481
2020-05-07,159.0,174.4,156.6,172.8,18270937
2020-05-08,173.0,176.5,167.4,174.25,13660992
2020-05-11,174.25,187.7,173.0,183.6,7607676
2020-05-12,185.0,192.6,178.45,189.6,13981599
2020-05-13,195.35,199.0,191.55,196.15,8788087
2020-05-14,190.0,213.6,189.7,209.65,24091409
2020-05-15,205.95,207.45,200.7,202.5,11910823
2020-05-18,205.0,210.0,201.1,207.1,15523354
2020-05-19,212.0,220.8,206.0,218.75,15351228
2020-05-20,213.1,217.45,196.0,200.85,22326973
2020-05-21,204.0,209.65,204.0,205.85,13460820
2020-05-22,202.0,212.55,200.05,207.5,10697684
2020-05-26,207.9,214.0,203.25,208.15,9468767
2020-05-27,208.5,218.5,208.05,216.7,6741962
2020-05-28,214.1,225.3,213.9,223.85,6682224
2020-05-29,225.45,242.5,224.3,229.95,24854772
2020-06-01,231.0,237.5,222.05,224.25,13153165
2020-06-02,228.85,229.95,222.15,223.25,8444140
2020-06-03,228.0,228.0,216.1,219.0,11730551
2020-06-04,218.1,224.0,213.9,218.9,6951640
2020-06-05,226.85,239.7,223.0,236.25,18569728
2020-06-08,238.15,241.0,228.55,230.2,10230414
2020-06-09,231.05,240.5,225.45,233.0,10201879
2020-06-10,233.0,240.75,229.55,232.7,10678235
2020-06-11,231.9,237.45,207.1,210.8,21458242
2020-06-12,206.75,227.0,200.0,225.0,26283926
2020-06-15,226.0,228.8,217.6,222.9,8173146
2020-06-16,228.3,228.95,214.6,216.0,8074124
2020-06-17,216.8,216.8,205.05,206.25,14019765
2020-06-18,208.95,214.0,205.5,209.3,14171896
2020-06-19,212.3,220.0,209.05,218.85,13088339
2020-06-22,221.0,227.9,218.35,222.85,8368814
2020-06-23,227.7,233.4,224.2,232.35,10533922
2020-06-24,233.0,237.5,227.4,233.05,10264786
2020-06-25,222.0,232.4,218.0,228.45,15312037
2020-06-26,223.6,231.5,218.2,220.6,10084789
2020-06-29,222.0,225.0,211.0,219.25,12753382
2020-06-30,224.6,224.6,218.65,221.5,7163522
2020-07-01,223.0,223.0,216.5,218.65,5347618
2020-07-02,219.5,222.95,218.25,222.35,3395755
2020-07-03,222.35,228.5,221.15,226.7,5944142
2020-07-06,226.75,228.6,223.65,226.4,3957890
2020-07-07,224.8,225.0,218.55,222.9,7083884
2020-07-08,221.5,224.6,218.5,219.35,4202411
2020-07-09,219.35,219.8,212.6,214.55,7166209
2020-07-10,215.35,215.95,206.15,209.05,10692696
2020-07-13,209.1,212.75,208.05,211.7,5091903
2020-07-14,210.25,215.4,207.55,208.8,13666354
2020-07-15,211.0,212.4,202.75,203.95,5783336
2020-07-16,204.8,206.4,188.8,190.0,14365854
2020-07-17,192.0,200.75,191.0,198.1,18601632
2020-07-20,202.0,209.0,193.45,203.15,17125518
2020-07-21,205.0,205.0,197.6,198.85,9051288
2020-07-22,199.5,203.9,198.25,200.55,6969711
2020-07-23,201.95,201.95,198.5,200.7,5413322
2020-07-24,200.0,200.0,192.3,195.7,8329780
2020-07-27,197.15,197.25,191.0,194.25,5531292
2020-07-28,195.0,195.05,187.75,190.5,9381139
2020-07-29,191.7,199.25,189.8,196.5,9332794
2020-07-30,198.0,199.9,191.5,192.5,6054871
2020-07-31,194.8,196.3,188.55,192.1,4724546
2020-08-03,192.1,194.75,188.0,189.2,4801462
2020-08-04,191.0,193.15,189.75,191.35,3522446
2020-08-05,192.7,193.5,189.35,191.05,4015743
2020-08-06,192.0,196.75,190.55,191.55,5503299
2020-08-07,192.0,193.8,188.0,192.6,7975014
2020-08-10,194.0,198.15,191.9,197.0,6383298
2020-08-11,198.4,199.0,192.25,194.3,4707552
2020-08-12,192.5,196.4,192.0,194.65,4054729
2020-08-13,195.05,202.0,193.6,201.4,6355939
2020-08-14,202.9,205.5,197.75,199.25,7999978
2020-08-17,199.0,202.0,196.8,199.85,2504404
2020-08-18,201.3,203.9,198.0,200.55,3513516
2020-08-19,201.0,203.85,200.5,201.3,2536386
2020-08-20,200.0,201.3,196.85,199.25,4687064
2020-08-21,200.35,201.35,197.5,199.5,4679498
2020-08-24,200.0,201.3,193.2,199.5,6643683
2020-08-25,199.5,201.0,196.1,198.25,4470846
2020-08-26,199.0,203.2,196.8,200.5,4470838
2020-08-27,202.0,202.6,198.25,199.9,3085330
2020-08-28,200.0,213.75,199.5,201.5,23667550
2020-08-31,206.0,211.6,194.25,198.55,21933653
2020-09-01,205.7,208.8,178.7,188.8,33234915
2020-09-02,192.55,198.45,191.8,196.05,15354232
2020-09-03,197.85,221.4,197.15,218.5,49549273
2020-09-04,214.0,230.8,207.5,214.85,69139082
2020-09-07,217.0,235.45,216.75,231.0,54729401
2020-09-08,228.45,228.45,211.2,213.0,29212396
2020-09-09,211.45,213.4,205.75,210.45,18035749
2020-09-10,213.85,214.0,197.9,199.95,18249232
2020-09-11,202.0,208.7,200.8,201.85,24662340
2020-09-14,204.95,206.1,199.35,202.6,11630324
2020-09-15,204.75,204.75,200.35,202.5,6305197
2020-09-16,202.7,204.45,199.0,200.15,6081332
2020-09-17,200.2,201.0,195.55,196.4,6631613
2020-09-18,198.0,200.75,195.3,199.35,7756023
2020-09-21,199.2,199.2,186.7,188.75,7804296
2020-09-22,190.0,192.6,179.35,180.4,11769233
2020-09-23,180.75,183.0,162.5,166.95,18969079
2020-09-24,165.0,175.65,162.2,169.1,53514431
2020-09-25,175.55,184.8,171.0,182.8,23941102
2020-09-28,183.5,187.5,181.4,185.9,8761218
2020-09-29,185.9,186.3,177.25,178.75,11590092
2020-09-30,180.0,180.0,173.65,175.3,13029531
2020-10-01,175.45,182.3,175.45,178.95,8533545
2020-10-05,180.0,182.9,176.55,178.55,6494646
2020-10-06,180.55,183.3,178.65,181.8,4324658
2020-10-07,182.0,188.1,181.35,185.3,12604960
2020-10-08,186.85,191.8,184.55,191.0,8718600
2020-10-09,191.0,192.9,184.8,186.5,6548750
2020-10-12,186.6,192.9,186.0,189.0,8613164
2020-10-13,187.95,187.95,180.0,181.85,7547442
2020-10-14,182.55,192.0,181.95,189.55,11990842
2020-10-15,189.5,195.0,177.5,180.9,13178839
2020-10-16,183.6,184.45,178.2,182.55,5403871
2020-10-19,183.95,184.95,179.15,181.1,3655373
2020-10-20,181.5,191.0,181.3,190.05,11755738
2020-10-21,190.0,193.7,188.4,192.75,5951073
2020-10-22,192.75,196.9,190.75,195.9,7602589
2020-10-23,200.0,205.75,189.55,192.15,19305105
2020-10-26,193.55,193.55,185.6,188.35,4270254
2020-10-27,189.8,195.4,187.0,188.85,7530325
2020-10-28,190.0,194.25,183.7,186.15,8384473
2020-10-29,184.8,187.5,180.5,184.15,6712912
2020-10-30,183.25,186.95,179.2,185.55,5942541
2020-11-02,186.6,187.15,179.65,180.7,5486840
2020-11-03,182.5,183.75,180.3,181.55,3618518
2020-11-04,182.65,182.65,176.65,178.05,5536772
2020-11-05,180.65,180.65,176.55,178.15,10145596
2020-11-06,179.45,182.7,178.8,179.5,7945344
2020-11-09,181.75,182.0,177.5,178.7,6335149
2020-11-10,180.0,180.0,175.25,177.0,5115322
2020-11-11,178.4,179.6,175.4,176.9,6244361
2020-11-12,177.5,181.8,176.6,179.2,10108869
2020-11-13,179.45,181.45,178.65,180.7,4346498
2020-11-14,182.6,182.7,180.85,181.35,781515
2020-11-17,182.9,186.75,181.4,185.5,7713667
2020-11-18,185.5,190.85,184.55,190.05,6740821
2020-11-19,189.5,194.2,184.05,185.9,9149664
2020-11-20,190.65,223.05,188.25,219.05,67123785
2020-11-23,221.7,222.5,213.0,218.35,18350232
2020-11-24,219.95,238.0,216.8,218.9,35372380
2020-11-25,220.0,227.0,214.05,215.2,14300927
2020-11-26,217.6,221.35,215.4,218.9,12065934
2020-11-27,221.35,224.05,216.05,218.6,10394941
2020-12-01,223.0,225.2,215.0,216.0,17577449
2020-12-02,225.0,227.95,210.35,224.8,129639408
2020-12-03,226.0,247.25,222.15,239.55,41809808
2020-12-04,238.95,239.75,234.05,237.35,10017464
2020-12-07,237.65,249.4,234.15,244.7,14954362
2020-12-08,243.65,248.7,237.9,240.2,9504115
2020-12-09,241.0,247.7,240.95,246.4,5469233
2020-12-10,242.0,248.35,240.5,245.75,6011938
2020-12-11,247.4,247.4,240.8,244.9,5045902
2020-12-14,245.15,253.15,241.05,246.35,10264387
2020-12-15,246.35,248.4,244.0,246.9,3938410
2020-12-16,248.0,248.8,243.65,245.3,3945751
2020-12-17,244.3,247.4,240.2,241.65,3550539
2020-12-18,242.9,242.9,230.0,231.15,4581029
2020-12-21,231.15,247.3,227.75,232.95,9342277
2020-12-22,231.0,234.25,224.2,232.75,3443881
2020-12-23,233.9,238.2,226.7,236.75,4527973
2020-12-24,237.6,243.5,235.15,239.1,3503211
2020-12-28,241.0,241.0,235.4,236.95,4188156
2020-12-29,237.3,239.9,230.2,235.0,4352673
2020-12-30,236.05,237.4,229.05,231.45,4714009
2020-12-31,233.25,233.25,229.1,229.9,2544436
2021-01-01,230.7,237.2,230.6,235.45,2760010
2021-01-04,239.95,242.8,237.05,241.4,8979802
2021-01-05,240.0,264.8,239.2,254.2,15044472
2021-01-06,256.5,270.75,255.15,261.35,9036353
2021-01-07,264.4,275.0,261.0,266.15,7916157
2021-01-08,267.45,273.0,266.25,270.45,4047880
2021-01-11,271.9,271.9,260.5,262.25,3453837
2021-01-12,262.25,268.35,257.45,261.35,6351455
2021-01-13,265.95,269.8,253.7,258.1,4289751
2021-01-14,260.75,261.0,254.0,255.7,1885689
2021-01-15,257.9,266.85,257.0,262.2,9197807
2021-01-18,262.1,262.1,241.4,258.6,3621704
2021-01-19,259.0,260.65,256.2,258.25,2190226
2021-01-20,258.7,259.7,253.7,254.25,1640730
2021-01-21,259.6,259.6,241.1,246.15,4335910
2021-01-22,247.6,248.2,236.85,241.45,1822202
2021-01-25,242.2,244.2,233.5,237.25,2452790
2021-01-27,236.0,247.25,235.5,238.35,5061060
2021-01-28,239.7,243.7,235.5,241.3,4224735
2021-01-29,245.0,247.8,228.0,231.5,7418934
2021-02-01,235.0,241.7,231.4,240.2,2913692
2021-02-02,244.0,253.0,242.2,247.4,7791175
2021-02-03,250.2,251.45,244.45,248.1,6953619
2021-02-04,250.5,256.5,249.0,253.85,6067339
2021-02-05,256.0,256.3,246.8,254.05,7472097
2021-02-08,239.85,245.0,236.65,239.95,6746469
2021-02-09,242.5,263.4,242.1,253.7,21502470
2021-02-10,253.5,253.7,244.3,247.6,7449138
2021-02-11,248.0,252.0,245.4,250.25,2857799
2021-02-12,249.95,254.9,244.15,245.65,3574037
2021-02-15,248.0,252.0,246.5,249.35,3252376
2021-02-16,250.05,252.2,244.1,247.15,3184642
2021-02-17,247.15,258.2,246.15,256.55,15254400
2021-02-18,258.0,264.8,250.6,259.65,8439925
2021-02-19,258.45,265.85,254.05,260.75,5851020
2021-02-22,263.0,270.8,261.45,266.35,10993150
2021-02-23,267.75,277.75,266.9,271.65,11346327
2021-02-24,272.0,282.0,244.5,277.45,3005240
2021-02-25,282.0,282.65,269.5,273.5,5343715
2021-02-26,266.95,272.8,253.55,257.8,41090229
2021-03-01,261.15,265.0,250.7,252.25,5607199
2021-03-02,254.95,259.3,251.4,257.5,3724070
2021-03-03,260.0,260.1,256.2,257.8,2279120
2021-03-04,254.5,261.5,253.15,259.15,1572712
2021-03-05,258.1,258.75,245.0,249.05,4973536
2021-03-08,249.75,255.6,249.5,252.25,2289922
2021-03-09,255.35,256.4,249.5,252.1,2551084
2021-03-10,253.95,255.9,249.1,254.8,1699707
2021-03-12,257.0,261.0,251.25,252.65,1991571
2021-03-15,251.6,255.8,248.2,254.8,1429372
2021-03-16,258.0,265.0,256.05,262.45,5451348
2021-03-17,263.75,263.75,253.5,254.3,2179326
2021-03-18,255.1,263.5,254.4,256.15,3724173
2021-03-19,252.05,267.0,242.0,263.5,24883084
2021-03-22,257.5,261.0,256.7,257.85,3151619
2021-03-23,259.1,262.9,254.35,255.2,2108557
2021-03-24,253.0,254.5,246.55,248.1,1696259
2021-03-25,249.45,250.0,239.75,241.15,1744243
2021-03-26,243.85,248.05,235.1,239.95,2006556
2021-03-30,244.75,261.8,240.3,254.6,8067414
2021-03-31,255.0,255.7,243.55,245.0,4822189
2021-04-01,249.8,256.9,246.8,255.45,3907171
2021-04-05,257.8,257.8,245.4,251.8,1243612
2021-04-06,250.65,254.85,248.25,251.0,1620237
2021-04-07,251.25,254.75,250.55,252.05,2046358
2021-04-08,252.3,269.3,252.3,263.75,7685517
2021-04-09,263.75,267.9,255.15,256.75,3101583
2021-04-12,252.0,253.0,241.0,242.9,2177265
2021-04-13,241.0,247.35,241.0,245.05,1855496
2021-04-15,245.05,252.95,242.2,251.5,2204043
2021-04-16,254.0,263.5,252.05,259.6,5195095
2021-04-19,253.7,254.8,248.3,253.05,2345054
2021-04-20,258.05,265.35,250.55,255.95,5429078
2021-04-22,255.05,262.45,248.5,260.45,4157737
2021-04-23,263.9,268.95,251.3,252.25,8842278
2021-04-26,255.0,256.0,247.2,248.15,2355190
2021-04-27,250.15,257.5,249.35,251.0,3578457
2021-04-28,254.0,256.3,252.05,255.8,1933776
2021-04-29,258.3,261.75,250.7,252.4,2820506
2021-04-30,251.0,257.8,250.25,252.5,1951318
2021-05-03,253.0,262.0,250.2,260.75,2142581
2021-05-04,262.2,265.0,252.0,253.05,2058334
2021-05-05,256.95,256.95,251.1,253.55,1099052
2021-05-06,255.0,259.85,253.0,259.3,2517332
2021-05-07,259.95,259.95,253.7,254.6,1836468
2021-05-10,257.25,258.4,254.35,257.1,1188608
2021-05-11,257.9,263.7,255.0,256.5,4094481
2021-05-12,256.9,257.8,250.0,251.65,2517388
2021-05-14,252.1,253.45,243.8,244.35,2882425
2021-05-17,245.7,245.9,239.0,243.45,3969872
2021-05-18,245.95,246.9,242.0,242.6,2563014
2021-05-19,243.25,245.0,242.0,243.65,1650878
2021-05-20,244.45,246.75,241.6,243.65,2787081
2021-05-21,244.0,246.4,242.25,245.2,1985366
2021-05-24,244.5,245.9,241.6,242.1,2612820
2021-05-25,242.95,244.35,241.45,241.85,1426163
2021-05-26,242.2,243.3,241.1,241.45,1362886
2021-05-27,241.9,244.8,238.55,242.6,4068705
2021-05-28,244.0,245.2,241.1,241.9,1500499
2021-05-31,241.5,244.55,240.65,242.3,1469467
2021-06-01,242.5,243.5,238.85,241.65,1189917
2021-06-02,241.4,242.15,240.1,241.6,1418076
2021-06-03,241.85,247.0,241.85,246.4,1717417
2021-06-04,247.0,248.9,244.25,248.15,2550954
2021-06-07,249.8,255.6,247.7,252.45,4249443
2021-06-08,254.0,259.4,252.55,257.4,3506366
2021-06-09,260.0,260.0,249.4,251.3,2460528
2021-06-10,254.0,255.6,252.4,254.35,1288154
2021-06-11,256.0,256.5,252.6,255.6,965382
2021-06-14,256.0,256.0,250.0,254.7,888083
2021-06-15,255.9,256.5,252.6,254.0,1165153
2021-06-16,254.0,256.4,251.05,252.0,1015626
2021-06-17,251.7,255.9,246.25,247.4,2092488
2021-06-18,248.8,248.8,238.0,246.15,2867210
2021-06-21,242.0,247.0,241.2,245.45,1998516
2021-06-22,252.0,258.8,248.5,249.95,7295901
2021-06-23,250.0,250.0,240.85,242.7,8909636
2021-06-24,244.1,244.6,241.3,243.45,2733914
2021-06-25,244.5,246.0,241.55,244.45,3049628
2021-06-28,246.8,248.0,243.0,244.6,5724084
2021-06-29,244.6,245.4,240.5,241.7,1874012
2021-06-30,242.05,242.85,237.5,238.65,1918828
2021-07-01,239.3,239.3,231.5,234.55,2367457
2021-07-02,236.0,238.9,233.5,234.55,2258960
2021-07-05,236.3,236.7,233.35,235.65,1032439
2021-07-06,236.0,236.9,233.15,234.0,925465
2021-07-07,234.5,236.25,231.2,235.1,1167154
2021-07-08,235.95,240.75,235.2,239.85,4857000
2021-07-09,240.3,242.8,237.7,241.5,2013028
2021-07-12,242.7,243.75,238.4,239.3,2430718
2021-07-13,241.0,241.0,238.3,239.15,1352847
2021-07-14,237.9,237.9,235.35,236.5,3029384
2021-07-15,236.0,236.5,234.0,234.6,850777
2021-07-16,234.6,244.3,232.9,240.9,18113146
2021-07-19,237.95,241.5,217.7,229.75,4336840
2021-07-20,231.0,231.0,224.0,224.6,2025563
2021-07-22,226.0,234.0,225.25,231.6,5020580
2021-07-23,233.0,233.95,215.45,220.5,5654561
2021-07-26,220.5,226.65,220.1,224.2,3925534
2021-07-27,226.5,227.4,221.15,222.9,2751131
2021-07-28,224.8,234.7,219.5,232.9,10105474
2021-07-29,233.6,234.0,220.95,221.95,5134902
2021-07-30,223.0,232.0,221.5,222.1,7346694
2021-08-02,225.0,225.3,220.2,223.1,3006922
2021-08-03,223.45,224.3,220.05,222.3,1992492
2021-08-04,222.3,225.95,205.3,206.8,10237744
2021-08-05,201.0,216.0,194.1,214.65,18949772
2021-08-06,216.1,217.15,211.5,213.05,4923648
2021-08-09,213.0,215.85,209.5,210.9,4430724
2021-08-10,212.0,217.0,208.3,211.1,4357258
2021-08-11,211.0,214.0,209.2,213.1,4273034
2021-08-12,213.2,215.5,212.15,214.1,1689583
2021-08-13,215.85,216.6,212.35,213.5,1965082
2021-08-16,214.0,215.0,210.7,214.5,1424285
2021-08-17,215.0,215.45,210.3,214.7,2295919
2021-08-18,215.45,224.25,214.55,218.6,4598376
2021-08-20,218.6,224.0,215.8,219.5,5789470
2021-08-23,220.35,222.85,212.8,217.15,3490743
2021-08-24,219.45,222.45,217.35,221.8,1821794
2021-08-25,223.0,223.0,218.7,220.6,1370745
2021-08-26,220.4,220.4,214.15,215.2,1529070
2021-08-27,215.95,219.0,214.25,216.3,1216047
2021-08-30,217.3,219.4,215.05,216.6,1796916
2021-08-31,216.5,218.0,214.1,215.35,6454620
2021-09-01,216.25,220.8,215.5,216.4,2211111
2021-09-02,217.9,222.75,216.75,220.25,2397598
2021-09-03,220.85,230.8,220.0,225.65,5852027
2021-09-06,226.0,226.35,222.1,223.85,2510636
2021-09-07,224.0,244.0,222.8,241.65,20334589
2021-09-08,244.0,247.9,231.2,235.85,17079606
2021-09-09,234.0,243.75,232.1,242.3,6586351
2021-09-13,241.95,241.95,235.75,238.85,2450805
2021-09-14,238.85,249.8,238.0,246.25,6010556
2021-09-15,247.0,255.8,238.25,244.55,10657795
2021-09-16,256.0,279.55,251.9,269.35,42807739
2021-09-17,269.0,275.0,262.85,268.75,13749530
2021-09-20,267.9,274.15,261.5,263.05,5364134
2021-09-21,268.0,274.55,263.75,270.85,9607647
2021-09-22,271.45,275.65,269.55,273.35,5998444
2021-09-23,275.15,288.3,272.25,279.05,10740265
2021-09-24,280.7,324.0,278.5,317.65,58100771
2021-09-27,317.65,326.9,310.35,314.05,16451516
2021-09-28,315.0,332.8,312.6,320.15,21835879
2021-09-29,317.0,327.6,312.45,318.0,9690718
2021-09-30,317.95,324.55,304.45,308.7,14794626
2021-10-01,311.0,317.5,302.65,315.6,11203743
2021-10-04,315.0,315.9,302.15,304.65,15842060
2021-10-05,304.65,312.05,303.2,310.6,8130892
2021-10-06,308.0,316.1,308.0,313.0,7204136
2021-10-07,318.0,326.4,300.0,306.25,8843692
2021-10-08,307.8,311.8,300.2,305.0,5746316
2021-10-11,305.0,307.8,292.95,303.7,3595497
2021-10-12,305.0,305.0,293.05,299.0,4012453
2021-10-13,298.95,303.8,296.6,298.4,1888828
2021-10-14,298.4,311.0,298.05,306.0,4256928
2021-10-18,300.2,307.55,299.0,301.15,3192293
2021-10-19,303.7,305.6,293.45,294.95,3104071
2021-10-20,295.3,313.35,290.5,303.0,18376360
2021-10-21,305.45,305.45,294.0,295.8,7048354
2021-10-22,290.0,305.8,290.0,302.0,5330583
2021-10-25,298.9,302.65,286.1,288.55,4370271
2021-10-26,292.0,304.0,278.0,281.45,11610386
2021-10-27,284.4,284.5,270.4,274.95,8287553
2021-10-28,275.0,275.8,262.85,272.55,5966890
2021-10-29,274.55,280.5,266.65,271.5,2933333
2021-11-01,274.0,286.7,272.55,285.05,5892031
2021-11-02,285.4,287.8,282.3,285.35,2589924
2021-11-03,287.95,292.0,283.35,287.55,3996110
2021-11-04,287.55,290.2,285.35,287.15,221561
2021-11-08,295.0,296.0,288.4,290.55,4540426
2021-11-09,292.0,295.6,286.3,290.75,2779461
2021-11-10,290.0,298.85,289.15,293.55,3318285
2021-11-11,295.1,296.55,288.0,291.15,1700027
2021-11-12,292.7,296.9,290.55,293.1,3211857
2021-11-15,295.0,295.35,288.35,290.65,1154601
2021-11-16,291.7,298.25,290.0,296.1,2624301
2021-11-17,295.0,296.95,284.1,288.4,4149011
2021-11-18,289.2,291.1,281.8,284.45,1892371
2021-11-22,294.7,307.0,280.0,291.95,11173039
2021-11-23,292.45,296.9,285.4,294.25,5884383
2021-11-24,297.0,301.5,286.5,288.8,7543988
2021-11-25,287.9,297.95,280.9,296.8,5414623
2021-11-26,292.8,292.8,276.85,278.7,3331104
2021-11-29,286.0,288.0,268.95,281.5,6828312
2021-11-30,280.1,286.2,278.6,284.45,6236260
2021-12-01,282.9,287.6,274.2,284.4,5675397
2021-12-02,284.1,289.0,277.25,278.8,6385949
2021-12-03,278.8,284.5,275.55,280.7,5821900
2021-12-06,280.7,283.0,266.2,268.5,3947420
2021-12-07,271.5,272.55,265.0,269.3,2929191
2021-12-08,271.8,276.8,271.6,273.1,2382012
2021-12-09,268.6,281.5,268.0,275.1,7232434
2021-12-10,276.0,276.95,272.05,273.35,1948104
2021-12-13,275.0,275.3,268.0,269.8,2860633
2021-12-14,271.0,271.0,265.4,266.15,2911351
2021-12-15,266.5,269.9,264.0,265.2,2699092
2021-12-16,269.0,269.35,263.5,264.95,2940111
2021-12-17,264.8,264.8,251.0,252.3,4416343
2021-12-20,248.6,249.65,237.05,237.8,3353356
2021-12-21,240.0,254.2,239.2,252.55,6881399
2021-12-22,250.4,257.05,248.8,253.75,2870940
2021-12-23,254.5,257.5,250.15,253.55,2933645
2021-12-24,255.0,255.0,248.2,249.8,1020469
2021-12-27,248.0,249.65,245.65,247.95,1274828
2021-12-28,249.3,249.3,246.25,247.65,1702999
2021-12-29,247.95,248.4,243.6,244.95,1396097
2021-12-30,245.0,245.2,239.25,240.45,2175695
2021-12-31,242.15,249.8,241.1,248.3,2926408
2022-01-03,248.0,249.8,246.5,248.85,2088281
2022-01-04,250.0,257.35,244.55,255.15,6167759
2022-01-05,255.7,259.0,251.6,256.4,3049705
2022-01-06,256.0,263.0,253.6,261.9,3362343
2022-01-07,264.0,264.15,258.1,261.2,1903747
2022-01-10,261.0,263.8,260.0,261.2,1077333
2022-01-11,263.0,269.45,253.75,267.55,7664067
2022-01-12,269.85,277.9,268.05,275.8,3819111
2022-01-13,278.0,278.1,274.0,275.95,2052380
2022-01-14,275.0,276.55,271.2,272.1,1940406
2022-01-17,272.1,274.0,270.4,271.55,1471859
2022-01-18,273.0,275.0,260.4,261.65,2560562
2022-01-19,263.25,271.85,262.0,270.7,3683574
2022-01-20,270.5,271.6,265.7,266.4,1008831
2022-01-21,265.95,270.6,257.5,258.7,3259006
2022-01-24,257.7,259.25,246.45,248.55,2191607
2022-01-25,246.1,256.4,243.3,253.55,2649933
2022-01-27,253.9,254.65,245.0,249.6,3594666
2022-01-28,254.5,262.4,251.0,253.1,7406660
2022-01-31,257.45,260.0,251.55,252.55,2977647
2022-02-01,255.95,258.55,252.7,256.8,1335683
2022-02-02,258.85,261.45,257.2,259.75,1107005
2022-02-03,261.1,261.1,255.35,257.35,1090467
2022-02-04,261.35,263.25,254.15,255.2,3110266
2022-02-07,257.0,258.35,250.55,253.0,2823052
2022-02-08,253.0,255.55,250.5,252.85,1437733
2022-02-09,255.55,256.0,250.4,251.95,1765080
2022-02-10,252.0,253.8,250.7,252.9,1777969
2022-02-11,251.8,254.9,249.45,252.6,1992805
2022-02-14,247.75,254.45,245.05,247.2,3481353
2022-02-15,248.55,258.5,246.9,256.85,2942207
2022-02-16,258.35,269.0,254.6,259.2,7995091
2022-02-17,260.35,263.0,254.6,256.1,1967005
2022-02-18,256.1,256.7,251.55,252.9,2377390
2022-02-21,253.0,254.35,249.1,251.7,1236492
2022-02-22,244.5,254.05,243.8,252.05,2659242
2022-02-23,252.6,254.45,247.5,251.65,2374844
2022-02-24,231.0,239.0,203.1,206.0,105283747
2022-02-25,213.0,223.15,211.9,214.6,20941909
2022-02-28,214.6,218.25,209.1,215.1,13023885
2022-03-02,214.95,216.0,206.3,207.15,10782608
2022-03-03,209.0,212.85,207.5,211.8,6385651
2022-03-04,207.6,214.7,207.0,208.0,7836766
2022-03-07,203.0,206.25,196.85,198.85,4251367
2022-03-08,200.0,205.25,197.55,204.0,3382497
2022-03-09,206.9,214.4,202.05,212.25,4515406
2022-03-10,217.85,217.85,211.1,212.35,3374016
2022-03-11,212.1,214.9,211.6,214.2,1749413
2022-03-14,214.15,216.45,211.1,214.25,2881455
2022-03-15,214.5,215.0,208.5,209.6,2185096
2022-03-16,213.8,216.3,211.5,214.45,3464634
2022-03-17,217.45,218.4,213.45,214.7,5038190
2022-03-21,215.5,222.5,209.1,209.95,6255048
2022-03-22,210.2,213.05,208.75,211.85,2166509
2022-03-23,213.0,215.75,212.3,213.9,2445320
2022-03-24,212.9,215.9,212.0,213.8,3006407
2022-03-25,215.0,215.15,196.4,203.1,8789839
2022-03-28,201.0,213.0,199.15,209.8,13745719
2022-03-29,209.75,216.75,199.5,215.1,17296192
2022-03-30,217.8,222.65,212.9,221.05,8205081
2022-03-31,222.0,226.5,219.3,222.05,4936282
2022-04-01,223.0,223.9,218.55,221.35,3883657
2022-04-04,220.0,223.75,219.05,220.75,3999118
2022-04-05,222.0,223.45,219.65,220.4,1889153
2022-04-06,220.9,222.35,216.7,217.05,4489578
2022-04-07,217.05,220.3,215.7,218.5,5650354
2022-04-08,220.35,223.4,218.75,219.75,6689098
2022-04-11,220.0,221.3,217.95,218.5,5080486
2022-04-12,218.5,220.0,215.25,217.0,2072519
2022-04-13,218.0,219.45,216.25,216.7,2373371
2022-04-18,216.3,218.0,212.6,216.85,2288590
2022-04-19,218.0,220.25,210.6,213.65,1888734
2022-04-20,215.0,217.5,212.75,216.95,1847199
2022-04-21,218.85,218.85,215.7,216.45,1190758
2022-04-22,216.45,218.25,214.5,215.0,1780462
2022-04-25,215.0,215.8,210.3,211.1,2306741
2022-04-26,212.5,214.0,210.6,213.1,2076942
2022-04-27,210.0,214.0,205.9,207.45,3061918
2022-04-28,211.0,211.0,206.1,210.4,3232253
2022-04-29,212.0,215.2,208.45,209.0,3958232
2022-05-02,208.1,208.85,203.75,204.2,2142059
2022-05-04,204.9,207.25,199.65,200.45,3071098
2022-05-05,202.2,205.5,200.5,202.1,4206504
2022-05-06,197.95,204.0,193.3,198.9,8689544
2022-05-09,196.4,207.3,193.45,205.9,11959126
2022-05-10,205.95,209.1,204.0,208.0,5789382
2022-05-11,208.5,211.4,206.5,208.25,5737133
2022-05-12,206.9,208.45,199.5,201.55,4943694
2022-05-13,197.65,198.8,181.75,182.85,8559896
2022-05-16,185.0,191.2,181.2,190.45,3171525
2022-05-17,190.5,198.3,189.25,197.85,4557012
2022-05-18,198.9,203.6,197.95,200.9,4272128
2022-05-19,197.2,201.0,192.3,193.8,2407410
2022-05-20,196.9,202.6,196.25,201.85,2279582
2022-05-23,202.8,203.7,198.9,199.2,2298540
2022-05-24,200.15,201.9,198.5,199.1,2081868
2022-05-25,201.05,201.05,198.5,199.85,2695681
2022-05-26,199.95,204.5,197.75,203.25,3159956
2022-05-27,205.0,207.95,199.3,200.45,4116593
2022-05-30,202.0,203.65,200.2,200.45,1148579
2022-05-31,202.0,203.15,199.85,201.8,3687446
2022-06-01,203.0,205.8,200.0,201.2,1804341
2022-06-02,200.55,202.6,199.25,202.0,1828375
2022-06-03,204.0,204.0,199.75,201.55,2585087
2022-06-06,201.7,202.45,195.1,201.25,2096834
2022-06-07,201.6,206.6,198.5,206.05,3749456
2022-06-08,205.65,207.4,202.5,205.3,2907689
2022-06-09,204.3,207.9,202.1,207.5,1507766
2022-06-10,206.85,207.7,202.25,206.8,2714102
2022-06-13,203.55,204.9,200.0,202.6,2119805
2022-06-14,201.4,206.5,200.9,201.4,5043160
2022-06-15,203.4,207.15,197.7,206.15,4482071
2022-06-16,207.95,207.95,204.05,206.5,5132759
2022-06-17,206.5,211.25,203.75,208.0,26820362
2022-06-20,209.15,212.5,206.15,209.4,2850840
2022-06-21,212.0,212.0,207.75,208.2,2238910
2022-06-22,208.8,210.65,206.0,209.0,2399571
2022-06-23,209.0,212.85,207.1,211.25,2475717
2022-06-24,213.75,220.55,210.0,216.1,6328885
2022-06-27,220.0,220.0,211.0,211.85,4451700
2022-06-28,209.75,212.7,206.45,207.85,5494910
2022-06-29,206.2,209.25,201.7,202.9,5758687
2022-06-30,205.6,210.9,205.6,209.1,10644341
2022-07-01,210.0,210.9,204.5,208.0,2187045
2022-07-04,207.0,210.9,206.25,210.0,1240559
2022-07-05,210.0,212.3,207.0,208.2,1390002
2022-07-06,208.5,213.2,207.85,212.8,1103993
2022-07-07,213.0,214.7,210.0,211.0,762205
2022-07-08,211.95,212.95,207.8,209.4,779786
2022-07-11,210.7,218.0,210.7,213.3,3597124
2022-07-12,213.55,224.5,212.9,221.65,9375795
2022-07-13,223.0,225.5,220.1,222.65,3724986
2022-07-14,225.95,226.4,221.65,225.55,3790069
2022-07-15,225.55,230.4,225.15,229.15,3237091
2022-07-18,230.4,230.9,223.9,226.1,3930974
2022-07-19,223.0,223.65,217.5,221.45,6367320
2022-07-20,224.25,225.35,220.2,222.05,2666253
2022-07-21,223.0,226.15,222.15,224.45,1958624
2022-07-22,225.0,225.15,221.6,223.3,1378949
2022-07-25,223.5,228.0,220.95,222.65,2240801
2022-07-26,222.65,223.25,219.15,222.15,1814033
2022-07-27,222.0,225.0,221.5,222.95,1886769
2022-07-28,224.45,224.45,221.5,223.05,2210215
2022-07-29,223.05,224.25,220.3,222.55,1354206
2022-08-01,223.75,229.75,223.4,227.7,1887580
2022-08-02,228.3,229.7,218.3,219.35,3604956
2022-08-03,212.0,213.95,201.2,206.45,15598784
2022-08-04,208.0,208.0,202.05,203.3,4340512
2022-08-05,204.6,204.7,199.75,200.2,4564145
2022-08-08,201.0,201.5,198.2,199.75,2352124
2022-08-10,199.75,199.85,192.7,193.85,7599621
2022-08-11,195.6,197.0,192.35,195.1,3398538
2022-08-12,197.2,199.7,195.4,196.45,3636187
2022-08-16,198.0,198.4,194.8,195.8,3157543
2022-08-17,197.0,200.8,195.0,199.5,5247502
2022-08-18,200.25,200.55,197.0,199.15,2049264
2022-08-19,200.75,202.75,196.0,196.7,4539922
2022-08-22,196.7,198.0,194.05,195.95,2479481
2022-08-23,195.1,200.5,195.05,199.1,3266732
2022-08-24,200.0,200.7,197.0,197.8,3270877
2022-08-25,198.5,200.0,197.45,198.6,2204153
2022-08-26,200.3,202.0,199.3,200.8,3338104
2022-08-29,197.8,199.7,197.0,197.95,1546480
2022-08-30,199.35,201.0,198.2,199.8,1996870
2022-09-01,195.0,201.65,195.0,199.6,2895248
2022-09-02,199.2,200.4,198.2,199.3,1253847
2022-09-05,200.0,200.5,198.3,199.6,959640
2022-09-06,200.8,201.35,199.15,200.85,1970619
2022-09-07,200.0,204.5,199.5,202.85,3048536
2022-09-08,203.9,204.05,201.6,203.05,1696512
2022-09-09,204.1,206.3,203.0,203.7,1598984
2022-09-12,204.0,206.8,203.95,204.8,1471033
2022-09-13,205.0,206.1,200.9,203.55,3375961
2022-09-14,201.0,205.25,200.0,203.55,1659276
2022-09-15,205.0,208.0,203.3,203.8,3302644
2022-09-16,204.8,207.4,201.4,204.25,7515213
2022-09-19,204.8,204.8,197.1,198.0,2084247
2022-09-20,199.0,203.0,198.95,199.9,1547932
2022-09-21,200.0,201.45,197.0,197.45,1292687
2022-09-22,197.0,197.85,194.3,195.35,1247015
2022-09-23,195.7,196.45,192.8,193.1,1135789
2022-09-26,191.05,192.0,185.4,186.0,1478026
2022-09-27,187.75,192.9,187.4,189.05,2734383
2022-09-28,188.45,188.95,182.5,183.25,1851842
2022-09-29,184.35,188.8,184.0,185.9,3170990
2022-09-30,185.35,199.35,185.35,197.45,5599728
2022-10-03,198.95,202.4,195.95,197.2,4524716
2022-10-04,199.85,203.2,199.05,201.4,2126306
2022-10-06,202.45,203.6,200.1,200.95,1311742
2022-10-07,201.5,202.45,198.0,200.25,858038
2022-10-10,198.0,200.1,196.0,197.1,1055793
2022-10-11,198.0,198.1,189.55,190.4,1827138
2022-10-12,191.2,192.4,189.3,191.65,1054240
2022-10-13,192.6,192.6,187.6,188.5,1454103
2022-10-14,192.45,193.9,188.6,189.1,1465282
2022-10-17,189.7,190.5,187.8,188.55,1077270
2022-10-18,189.5,191.0,187.95,189.75,1434279
2022-10-19,190.7,195.05,189.3,191.1,3255288
2022-10-20,190.7,195.15,190.0,193.85,3344703
2022-10-21,193.8,195.95,192.8,194.45,1466279
2022-10-24,196.0,196.6,193.0,194.15,166042
2022-10-25,194.15,194.95,186.5,187.05,5253149
2022-10-27,188.6,191.75,187.25,190.95,2720112
2022-10-28,189.0,189.6,185.3,187.45,2581675
2022-10-31,187.85,189.15,184.75,185.5,2412942
2022-11-01,186.45,188.6,185.45,186.5,1988001
2022-11-02,186.5,186.5,184.15,185.0,2333037
2022-11-03,184.0,189.55,184.0,187.8,2325566
2022-11-04,187.9,190.5,187.55,188.9,1401932
2022-11-07,189.85,191.95,189.45,191.6,1595778
2022-11-09,192.0,193.65,191.2,192.85,1420478
2022-11-10,192.4,195.45,185.75,186.45,1889365
2022-11-11,188.0,192.05,187.3,191.55,1543772
2022-11-14,192.3,194.45,191.45,194.1,1196031
2022-11-15,194.7,195.7,193.3,194.9,1374790
2022-11-16,195.0,195.2,191.55,193.05,1273768
2022-11-17,193.45,197.3,192.5,196.55,2417586
2022-11-18,197.4,199.25,195.15,196.85,1788867
2022-11-21,196.9,202.6,196.9,201.65,4035561
2022-11-22,202.5,204.4,199.25,201.35,1845541
2022-11-23,202.4,202.65,199.45,200.75,1203661
2022-11-24,201.55,202.4,200.5,201.5,1078996
2022-11-25,202.2,203.7,198.8,203.1,1237082
2022-11-28,203.95,205.7,202.45,203.3,1095793
2022-11-29,203.3,203.95,199.05,199.45,1280928
2022-11-30,199.45,203.45,197.55,200.4,4961973
2022-12-01,201.5,202.65,199.15,201.65,1576447
2022-12-02,201.65,204.4,201.3,202.75,1119346
2022-12-05,202.8,203.3,200.5,201.55,987246
2022-12-06,201.55,202.45,198.0,198.5,1497697
2022-12-07,199.5,199.5,194.95,195.7,1325777
2022-12-08,195.8,196.85,194.0,194.5,1032619
2022-12-09,195.4,198.0,193.6,194.6,878758
2022-12-12,195.0,195.4,192.55,194.5,1033752
2022-12-13,195.3,195.5,193.1,194.45,946161
2022-12-14,195.0,200.5,193.85,199.7,2944060
2022-12-15,199.1,201.6,198.6,200.5,1864659
2022-12-16,200.0,202.4,195.3,196.25,1902311
2022-12-19,196.9,198.85,195.25,196.5,1000864
2022-12-20,196.45,196.85,189.45,191.9,2732197
2022-12-21,192.5,193.6,189.9,190.65,1434722
2022-12-22,191.0,192.8,188.1,192.1,1599230
2022-12-23,190.75,192.6,188.6,189.5,1308319
2022-12-26,190.95,193.85,188.2,191.4,1185046
2022-12-27,192.0,195.0,191.7,194.0,966816
2022-12-28,195.0,195.0,187.25,191.6,2212578
2022-12-29,191.6,191.95,189.0,189.8,1872528
2022-12-30,190.95,191.95,189.75,190.45,781893
2023-01-02,191.5,191.5,188.45,189.95,1100291
2023-01-03,190.15,190.75,189.15,189.7,878669
2023-01-04,189.85,190.5,185.05,185.35,2557515
2023-01-05,185.95,187.8,185.8,186.45,1220510
2023-01-06,186.85,188.8,185.75,187.35,1116983
2023-01-09,188.3,188.65,184.6,185.85,1789339
2023-01-10,185.9,186.8,182.35,183.2,1464758
2023-01-11,183.2,184.3,182.0,183.65,1202429
2023-01-12,184.3,184.95,183.15,184.5,1224523
2023-01-13,185.0,185.65,182.9,184.6,2114272
2023-01-16,185.35,185.4,181.5,182.0,2039566
2023-01-17,182.0,182.0,175.7,175.95,5199324
2023-01-18,176.15,177.6,175.05,177.05,2040813
2023-01-19,177.1,178.5,175.15,176.3,1576750
2023-01-20,176.8,176.8,170.55,171.45,3122484
2023-01-23,172.3,178.3,171.55,172.9,5058097
2023-01-24,173.25,174.7,169.0,170.45,2794092
2023-01-25,164.2,171.4,155.5,157.9,15235690
2023-01-27,157.0,158.5,135.15,137.0,19274989
2023-01-30,137.6,150.7,137.6,146.95,15908857
2023-01-31,147.2,158.4,145.65,153.3,19170500
2023-02-01,154.6,155.25,140.85,144.35,11882959
2023-02-02,144.05,146.95,140.5,142.65,5407198
2023-02-03,143.4,145.3,138.45,143.65,4699945
2023-02-06,154.95,164.9,154.0,162.05,28895691
2023-02-07,163.65,163.7,156.5,160.35,12277097
2023-02-08,160.0,166.25,158.3,161.0,8956394
2023-02-09,161.95,164.5,158.0,159.4,6966090
2023-02-10,159.65,168.85,159.4,168.0,14806012
2023-02-13,167.85,168.65,162.55,164.65,6321928
2023-02-14,164.7,168.6,164.4,167.5,5689451
2023-02-15,167.5,170.6,165.0,169.7,3998752
2023-02-16,168.65,171.0,167.0,169.8,3704371
2023-02-17,168.95,170.0,165.25,166.95,2513091
2023-02-20,167.8,168.7,163.0,164.05,2953104
2023-02-21,165.0,168.4,163.35,164.1,5883164
2023-02-22,164.0,166.6,162.35,165.4,4555272
2023-02-23,165.4,175.75,162.75,173.0,11586271
2023-02-24,173.45,173.45,167.85,171.2,4644814
2023-02-27,168.5,169.45,164.9,167.0,3755716
2023-02-28,168.5,175.0,165.55,170.9,5775867
2023-03-01,170.6,172.4,166.3,171.45,3970118
2023-03-02,169.8,172.2,168.75,170.25,2529310
2023-03-03,171.4,172.35,165.5,167.0,3673562
2023-03-06,167.05,168.9,164.75,166.3,3589350
2023-03-08,166.0,167.1,160.05,160.6,4027560
2023-03-09,160.4,161.1,156.15,156.75,4425082
2023-03-10,156.25,157.15,154.3,155.3,2465157
2023-03-13,155.4,157.5,152.35,153.05,2713236
2023-03-14,153.15,154.85,150.6,151.9,3071413
2023-03-15,152.7,153.0,147.85,149.4,4333180
2023-03-16,149.9,154.7,147.1,153.2,4269554
2023-03-17,154.0,154.6,149.8,150.7,5347968
2023-03-20,150.3,153.55,148.1,152.3,3030546
2023-03-21,152.9,154.2,151.25,151.85,2708793
2023-03-22,151.85,153.15,150.05,150.9,2840370
2023-03-23,150.9,152.0,150.0,151.0,1870491
2023-03-24,151.2,153.65,147.65,148.05,2141268
2023-03-27,148.55,151.7,147.0,148.4,3273362
2023-03-28,148.8,150.45,143.5,143.95,3241712
2023-03-29,144.0,146.1,141.05,142.25,4106922
2023-03-31,143.05,144.95,142.25,143.0,2991622
2023-04-03,143.65,144.85,142.55,143.6,1510884
2023-04-05,143.75,144.9,141.4,143.2,3037257
2023-04-06,143.25,143.6,141.4,141.65,2309983
2023-04-10,142.9,143.5,141.2,142.05,1848841
2023-04-11,142.5,142.95,138.55,139.15,4647795
2023-04-12,139.75,140.0,137.65,139.55,3392103
2023-04-13,139.9,140.15,136.5,137.4,3179142
2023-04-17,138.25,139.2,136.75,137.1,3167197
2023-04-18,137.1,138.95,136.5,136.9,2823576
2023-04-19,137.25,137.9,136.3,136.75,3413882
2023-04-20,136.9,138.65,135.8,137.7,2710999
2023-04-21,138.25,144.7,137.85,139.1,17513812
2023-04-24,140.05,140.1,137.5,138.85,3961080
2023-04-25,139.3,139.5,136.8,138.0,5455345
2023-04-26,138.0,143.5,138.0,143.0,12326822
2023-04-27,145.25,148.75,142.8,144.85,19412303
2023-04-28,144.85,160.4,144.85,155.0,46124871
2023-05-02,158.0,160.85,155.7,156.45,10897706
2023-05-03,154.9,155.75,151.0,151.4,7998933
2023-05-04,151.95,154.65,151.1,152.8,4419649
2023-05-05,153.0,154.2,150.6,152.05,3204340
2023-05-08,152.0,152.05,147.8,150.7,3708001
2023-05-09,151.75,155.2,151.05,152.15,6192341
2023-05-10,152.65,153.9,151.6,153.0,2386697
2023-05-11,152.55,153.45,150.6,151.45,1956855
2023-05-12,150.4,150.85,147.85,148.15,3963941
2023-05-15,148.65,151.55,148.25,150.4,2401247
2023-05-16,151.05,156.15,150.45,154.6,7345718
2023-05-17,155.5,156.0,150.4,151.45,4689694
2023-05-18,151.8,152.55,147.0,147.5,5723714
2023-05-19,148.15,148.45,144.55,144.9,2768878
2023-05-22,145.05,145.2,141.9,143.1,2575811
2023-05-23,143.1,146.7,141.6,145.25,5136071
2023-05-24,145.4,145.45,142.15,142.75,6228920
2023-05-25,142.75,149.7,142.15,147.65,15730072
2023-05-26,147.95,157.65,147.05,156.65,20174493
2023-05-29,157.9,158.65,154.8,155.7,9249811
2023-05-30,155.0,157.25,153.3,156.75,6076133
2023-05-31,153.25,158.3,152.35,153.85,91351515
2023-06-01,156.0,160.7,155.85,158.55,14342857
2023-06-02,159.0,160.5,157.4,160.05,11760689
2023-06-05,160.05,162.2,157.1,157.65,9485886
2023-06-06,157.65,158.45,155.55,157.25,8295147
2023-06-07,156.65,164.8,154.65,161.55,17338074
2023-06-08,161.5,162.9,156.55,157.25,9181217
2023-06-09,157.25,161.2,155.65,157.25,8783170
2023-06-12,158.9,163.9,158.0,163.35,9901664
2023-06-13,164.65,167.1,162.55,166.3,10249011
2023-06-14,172.2,172.95,166.25,166.75,23432403
2023-06-15,166.8,168.75,163.1,163.5,11834286
2023-06-16,164.1,165.65,163.35,163.7,4336673
2023-06-19,164.0,164.6,160.3,160.8,3976280
2023-06-20,160.8,162.45,159.5,161.55,3802675
2023-06-21,161.8,171.75,160.55,167.0,31946660
2023-06-22,167.25,169.7,164.7,165.3,5231435
2023-06-23,164.0,164.9,160.65,161.9,5940041
2023-06-26,162.0,165.9,159.7,165.35,7492375
2023-06-27,165.15,167.35,161.65,162.65,9571105
2023-06-28,162.65,167.6,162.35,164.35,17952480
2023-06-30,165.0,165.95,158.35,164.25,20441559
2023-07-03,164.25,167.15,163.05,165.45,10161546
2023-07-04,165.55,166.4,161.75,162.35,5210276
2023-07-05,163.0,164.1,162.25,162.9,3864967
2023-07-06,163.05,166.95,162.4,165.9,7517412
2023-07-07,165.9,166.4,161.5,163.4,7801020
2023-07-10,163.4,164.15,160.55,162.5,3561645
2023-07-11,162.55,167.75,162.55,164.9,6869098
2023-07-12,165.0,166.45,163.3,164.1,5823583
2023-07-13,164.45,166.5,160.8,162.6,6420420
2023-07-14,162.7,164.55,160.8,163.8,7851865
2023-07-17,164.55,172.4,163.5,171.55,21682161
2023-07-18,172.5,175.0,168.7,169.4,14435781
2023-07-19,170.5,171.2,167.65,168.4,7234252
2023-07-20,169.1,172.0,166.35,168.15,4894739
2023-07-21,166.6,170.55,163.6,169.1,7130889
2023-07-24,169.85,171.9,168.65,169.45,4472837
2023-07-25,171.0,174.25,169.95,171.8,6162426
2023-07-26,174.0,183.0,172.1,180.7,19735250
2023-07-27,182.5,182.5,175.15,176.0,8395409
2023-07-28,179.5,179.5,172.0,174.0,12035009
2023-07-31,175.0,175.85,171.65,172.0,6537141
2023-08-01,173.2,175.75,171.2,173.7,6701530
2023-08-02,173.65,173.65,167.85,169.85,6734719
2023-08-03,170.0,172.15,168.6,171.1,5364885
2023-08-04,171.8,175.15,170.6,173.0,4483074
2023-08-07,174.45,175.75,172.9,173.7,4161910
2023-08-08,173.65,174.4,169.5,172.05,5004956
2023-08-09,171.9,172.1,169.6,171.4,2828155
2023-08-10,172.0,173.0,168.35,169.2,3648146
2023-08-11,170.0,172.9,168.6,171.55,4513129
2023-08-14,171.85,171.85,167.6,170.4,3098756
2023-08-16,169.5,169.9,160.0,160.5,10184159
2023-08-17,161.95,163.2,160.55,161.95,5557084
2023-08-18,161.9,162.0,157.35,158.95,5571194
2023-08-21,158.75,160.0,157.8,158.95,1918408
2023-08-22,159.25,163.0,157.55,161.65,6886124
2023-08-23,164.0,164.75,162.0,162.75,7256015
2023-08-24,163.75,167.45,163.1,163.55,7352581
2023-08-25,164.3,170.7,164.3,168.35,19375280
2023-08-28,169.0,175.0,166.35,172.6,16338055
2023-08-29,174.05,177.8,173.25,174.95,11556508
2023-08-30,175.95,180.5,175.1,179.4,11802434
2023-08-31,179.9,179.9,174.25,175.2,4893907
2023-09-01,176.0,183.85,174.7,181.7,13256940
2023-09-04,182.85,183.3,176.95,179.1,8293911
2023-09-05,180.25,181.45,177.0,177.4,3864788
2023-09-06,177.6,187.4,175.5,184.85,10894830
2023-09-07,184.85,185.85,181.5,184.15,7427796
2023-09-08,185.0,191.5,184.8,188.0,14985676
2023-09-11,188.95,194.95,186.1,192.5,11877352
2023-09-12,194.0,194.65,181.25,181.95,8731630
2023-09-13,181.95,185.0,179.45,183.6,16711511
2023-09-14,184.1,185.6,182.0,183.85,13541956
2023-09-15,184.95,192.4,183.6,188.25,29291456
2023-09-18,193.1,195.2,183.75,185.1,15620575
2023-09-20,183.95,187.5,179.95,181.7,7585974
2023-09-21,181.7,183.15,176.35,178.5,6586823
2023-09-22,178.5,186.9,176.8,183.4,16997539
2023-09-25,183.65,187.45,182.2,186.1,8287146
2023-09-26,186.9,190.2,186.1,189.65,8966087
2023-09-27,190.15,193.35,188.5,191.15,10950417
2023-09-28,191.0,193.5,188.1,189.6,19276798
2023-09-29,191.0,197.15,191.0,191.7,11088675
2023-10-03,192.9,193.2,189.0,190.75,5978259
2023-10-04,190.0,192.0,183.5,186.8,5663584
2023-10-05,186.9,188.65,182.4,183.35,5325801
2023-10-06,183.5,184.75,180.4,180.8,3999034
2023-10-09,180.1,182.8,177.0,179.25,6436174
2023-10-10,181.0,189.2,178.95,187.45,16429730
2023-10-11,188.25,193.5,186.65,192.8,12615088
2023-10-12,193.7,198.15,191.7,195.25,11961294
2023-10-13,194.0,197.15,190.4,191.3,6685992
2023-10-16,191.35,193.1,187.7,188.85,5815234
2023-10-17,189.05,194.3,188.4,192.1,7432089
2023-10-18,193.2,193.2,187.3,187.9,7434947
2023-10-19,187.5,191.5,186.45,189.55,5163481
2023-10-20,189.9,189.9,183.05,184.15,4177757
2023-10-23,185.0,185.0,176.7,177.8,5870095
2023-10-25,181.0,181.1,171.7,174.25,6886337
2023-10-26,173.95,177.1,168.8,170.2,9398072
2023-10-27,172.0,173.2,166.7,168.6,7811228
2023-10-30,169.05,173.8,167.0,169.85,8786437
2023-10-31,171.0,175.45,170.2,172.4,6005792
2023-11-01,173.3,183.7,172.45,180.6,20934573
2023-11-02,179.95,190.9,179.9,190.15,19311498
2023-11-03,191.0,193.0,186.7,188.35,11884262
2023-11-06,189.1,190.0,184.3,184.7,3475802
2023-11-07,185.7,187.35,183.4,185.85,4045821
2023-11-08,185.95,187.4,183.8,184.2,3079994
2023-11-09,184.2,186.8,183.5,183.85,3696788
2023-11-10,183.8,185.65,182.15,183.4,3223741
2023-11-12,185.25,187.0,184.45,186.4,901083
2023-11-13,185.2,188.55,184.05,187.35,3759779
2023-11-15,188.35,190.05,186.4,187.75,4321261
2023-11-16,188.0,192.95,185.4,187.0,5290191
2023-11-17,187.0,189.35,185.75,186.6,4054258
2023-11-20,186.65,192.85,186.65,192.2,7496361
2023-11-21,193.85,193.95,186.7,187.35,6823735
2023-11-22,188.3,189.0,185.2,186.85,4644015
2023-11-23,186.45,188.2,184.25,185.85,2933078
2023-11-24,187.35,187.35,184.3,185.6,2422201
2023-11-28,185.0,185.95,184.2,184.85,2961178
2023-11-29,185.3,186.8,184.6,185.1,3899275
2023-11-30,185.8,185.8,183.0,184.4,4331123
2023-12-01,185.0,189.25,184.4,187.65,7768619
2023-12-04,189.1,189.7,186.55,187.0,3001516
2023-12-05,187.05,188.4,184.3,185.95,3217974
2023-12-06,186.35,188.25,184.8,185.7,2801836
2023-12-07,186.4,196.35,184.5,193.8,16212936
2023-12-08,195.0,195.35,187.5,190.45,5555744
2023-12-11,191.5,193.95,190.3,191.95,3948121
2023-12-12,192.4,192.9,188.2,188.95,4082803
2023-12-13,190.25,191.7,187.05,187.9,4040437
2023-12-14,189.8,202.75,187.9,201.05,23451294
2023-12-15,202.55,203.0,196.05,197.65,10310677
2023-12-18,200.0,200.75,195.6,198.85,10260980
2023-12-19,199.05,201.8,196.0,196.7,10391005
2023-12-20,197.75,197.75,177.05,180.65,26983204
2023-12-21,178.25,186.9,176.55,185.35,11722941
2023-12-22,187.3,189.2,182.35,185.8,10447967
2023-12-26,185.8,187.0,183.7,185.4,5776694
2023-12-27,185.75,187.5,182.5,186.45,5968253
2023-12-28,187.8,189.8,184.3,186.1,8115113
2023-12-29,186.55,201.65,184.8,199.05,48624005
2024-01-01,198.1,206.35,195.5,202.75,25210453
2024-01-02,201.8,209.0,197.25,202.15,20581788
2024-01-03,202.95,209.35,200.3,207.7,16523995
2024-01-04,208.0,219.8,208.0,216.45,20981115
2024-01-05,218.0,229.95,217.1,222.15,40926196
2024-01-08,222.55,223.2,212.0,213.1,12927707
2024-01-09,217.0,217.6,209.8,211.95,15497766
2024-01-10,221.0,221.0,211.8,214.25,21104217
2024-01-11,214.95,219.25,213.0,214.65,11208037
2024-01-12,215.9,218.2,214.05,216.4,10601045
2024-01-15,218.0,219.7,212.6,218.25,6722406
2024-01-16,222.2,222.25,213.3,219.5,13370944
2024-01-17,215.9,218.7,209.3,211.25,12467379
2024-01-18,212.1,219.0,206.0,215.95,20306069
2024-01-19,217.9,221.9,215.85,220.35,14521093
2024-01-20,222.7,222.7,214.25,215.6,4657009
2024-01-23,216.2,225.4,215.8,217.1,15110861
2024-01-24,224.9,236.0,219.0,229.95,45883653
2024-01-25,232.25,233.45,221.2,225.45,16159229
2024-01-29,227.0,233.95,226.1,232.25,11621907
2024-01-30,234.05,234.85,228.65,229.95,13591981
2024-01-31,230.1,230.75,220.7,221.95,13074866
2024-02-01,215.0,223.45,210.8,219.0,179433641
2024-02-02,221.35,222.4,215.5,216.15,20610570
2024-02-05,216.5,218.2,213.15,214.5,12688736
2024-02-06,215.05,222.8,213.15,221.0,21232928
2024-02-07,224.0,226.55,215.0,225.65,31399900
2024-02-08,226.8,230.4,225.0,227.6,22948763
2024-02-09,228.9,229.05,217.95,226.15,19574909
2024-02-12,226.4,226.4,210.35,213.55,12889298
2024-02-13,213.5,214.5,206.35,209.4,16041187
2024-02-14,207.65,218.7,207.0,215.95,12948046
2024-02-15,217.95,223.65,216.55,221.25,17812731
2024-02-16,221.85,224.8,218.95,220.55,7867687
2024-02-19,222.05,228.0,220.6,223.2,14359432
2024-02-20,223.25,225.0,219.4,221.4,10004050
2024-02-21,223.0,225.85,216.9,218.85,11554309
2024-02-22,220.5,226.1,217.5,225.15,11796419
2024-02-23,231.65,245.5,231.1,241.15,77810544
2024-02-26,245.0,252.9,243.3,246.35,47416676
2024-02-27,247.0,250.4,239.1,240.25,19963258
2024-02-28,240.5,250.4,234.5,244.65,54016111
2024-02-29,244.0,255.2,240.4,252.8,32290220
2024-03-01,252.8,264.15,246.45,263.1,37746325
2024-03-02,264.15,267.0,261.05,265.7,2728890
2024-03-04,265.55,269.8,263.4,268.1,12237066
2024-03-05,267.45,271.35,260.4,261.45,16010730
2024-03-06,261.0,261.0,246.0,252.95,24899815
2024-03-07,254.2,258.35,252.55,255.4,9619303
2024-03-11,254.0,255.2,246.4,247.45,8073625
2024-03-12,249.05,250.55,241.7,247.2,10111209
2024-03-13,248.0,249.55,231.3,236.4,16039868
2024-03-14,234.85,247.85,227.25,245.7,15267590
2024-03-15,244.2,252.4,241.2,248.35,14024872
2024-03-18,249.8,251.0,245.85,248.5,5938154
2024-03-19,249.0,251.6,234.0,238.25,30394055
2024-03-20,242.0,252.2,241.55,250.7,30243183
2024-03-21,253.0,254.8,249.35,250.2,9360207
2024-03-22,250.5,275.2,250.2,271.3,33142623
2024-03-26,279.0,286.0,274.4,283.65,51320717
2024-03-27,283.65,286.75,279.35,283.6,15903523
2024-03-28,283.6,292.75,283.25,291.15,20460251
2024-04-01,294.9,319.5,292.15,315.2,40267500
2024-04-02,314.5,314.5,303.65,304.75,18843574
2024-04-03,304.8,307.4,298.4,300.55,21197899
2024-04-04,304.05,310.0,301.55,306.6,13875200
2024-04-05,305.95,321.55,302.1,314.0,21960872
2024-04-08,316.5,331.5,315.95,327.8,28736885
2024-04-09,328.5,331.0,324.2,328.0,13705541
2024-04-10,325.0,330.0,317.15,326.7,17295594
2024-04-12,331.9,336.0,323.7,328.05,20855397
2024-04-15,322.35,337.75,322.25,334.55,15430900
2024-04-16,336.8,339.15,326.45,332.5,14995680
2024-04-18,335.5,353.85,335.0,344.4,40001173
2024-04-19,342.05,359.5,336.85,351.4,40376246
2024-04-22,352.0,355.25,341.65,349.8,18832015
2024-04-23,359.85,366.55,356.85,359.5,27662734
2024-04-24,363.2,364.0,346.85,348.35,20859429
2024-04-25,349.0,356.8,345.2,351.65,15367285
2024-04-26,352.0,355.45,348.6,353.3,11226725
2024-04-29,352.0,354.9,343.85,352.0,14121040
2024-04-30,353.0,360.5,352.55,354.8,15377757
2024-05-02,359.0,363.6,348.45,352.95,19136966
2024-05-03,353.5,358.35,347.65,350.95,14060465
2024-05-06,353.8,356.0,345.45,351.15,7702154
2024-05-07,347.0,348.8,335.5,338.2,12770435
2024-05-08,336.0,342.15,333.75,337.3,9756671
2024-05-09,338.3,341.35,325.85,327.85,6656525
2024-05-10,324.85,332.75,322.65,330.55,6438304
2024-05-13,329.0,332.25,321.25,328.3,6016682
2024-05-14,330.25,342.0,328.05,339.5,8910910
2024-05-15,342.45,347.9,340.0,341.8,9691825
2024-05-16,342.7,343.8,337.55,341.0,6688038
2024-05-17,343.4,349.0,342.5,344.45,8269010
2024-05-18,345.0,347.6,343.0,344.95,293526
2024-05-21,347.0,347.55,338.15,339.05,7533289
2024-05-22,342.5,345.25,336.75,339.5,8139260
2024-05-23,341.65,347.65,340.15,343.8,6693276
2024-05-24,346.15,356.45,343.05,346.7,22371674
2024-05-27,347.0,352.0,340.8,342.75,7873067
2024-05-28,346.0,350.95,340.05,341.4,10680935
2024-05-29,343.0,345.3,340.25,340.95,6954616
2024-05-30,340.8,346.4,338.7,343.75,10307057
2024-05-31,347.2,350.7,342.0,348.15,110651268
2024-06-03,360.5,369.9,341.7,364.0,29686486
2024-06-04,363.0,363.0,292.0,307.95,28901481
2024-06-05,319.3,335.8,309.25,332.7,14300262
2024-06-06,335.0,344.95,334.5,339.35,8216145
2024-06-07,338.05,351.4,337.1,347.15,10966598
2024-06-10,347.15,352.5,344.45,348.15,5450324
2024-06-11,350.1,353.35,342.0,347.95,6964630
2024-06-12,349.4,349.4,340.95,342.15,9458583
2024-06-13,344.1,346.6,337.0,339.5,7980545
2024-06-14,340.0,346.8,338.5,340.75,12332822
2024-06-18,335.3,347.55,331.65,344.55,17706369
2024-06-19,329.1,341.95,311.4,334.0,832154977
2024-06-20,335.75,340.0,334.0,336.3,26757768
2024-06-21,337.75,339.45,330.1,336.45,38940980
2024-06-24,338.95,341.6,331.25,339.85,27730484
2024-06-25,342.95,344.95,341.0,344.2,20205939
2024-06-26,346.0,358.0,340.85,356.1,41378980
2024-06-27,363.0,369.2,351.3,365.15,70241770
2024-06-28,374.0,384.8,370.0,375.3,75125583
2024-07-01,377.0,391.0,372.75,389.65,32581017
2024-07-02,391.6,396.5,379.8,383.8,27609215
2024-07-03,389.0,397.45,385.0,396.5,20902391
2024-07-04,398.4,408.4,389.65,404.05,27983391
2024-07-05,401.0,403.45,392.3,395.65,13752975
2024-07-08,396.0,398.85,384.2,385.75,17394416
2024-07-09,385.0,387.45,376.35,385.0,12570385
2024-07-10,386.7,388.45,373.55,382.9,16109267
2024-07-11,383.0,395.6,383.0,394.25,13286371
2024-07-12,396.5,398.55,389.1,392.0,10718103
2024-07-15,392.05,398.05,388.0,396.55,7398000
2024-07-16,401.9,407.9,398.1,406.85,17411078
2024-07-18,407.5,423.2,407.5,418.95,41312223
2024-07-19,421.15,424.7,404.8,409.5,18446103
2024-07-22,409.6,422.9,403.65,421.75,12653379
2024-07-23,424.0,439.4,403.8,434.55,34818877
2024-07-24,439.15,439.7,418.75,426.15,71801651
2024-07-25,417.5,429.7,415.55,424.85,13231597
2024-07-26,439.9,447.35,435.0,444.85,20829504
2024-07-29,448.9,449.0,441.1,443.4,10917593
2024-07-30,444.5,453.3,443.6,446.8,10182321
2024-07-31,448.0,449.7,430.35,433.15,23215256
2024-08-01,435.9,436.6,424.3,428.75,10696575
2024-08-02,422.5,427.5,420.1,421.1,7685638
2024-08-05,417.9,425.4,407.0,413.65,14601326
2024-08-06,418.05,427.3,413.2,414.55,13583635
2024-08-07,420.05,422.5,414.5,421.3,12573368
2024-08-08,424.0,426.05,416.35,417.0,14007899
2024-08-09,416.0,422.35,414.4,414.95,6011495
2024-08-12,415.0,421.0,413.7,415.9,4743010
2024-08-13,418.0,418.0,403.2,405.3,7084701
2024-08-14,408.0,408.9,400.65,403.05,6900595
2024-08-16,406.45,413.2,405.45,411.8,4001648
2024-08-19,413.7,422.0,412.1,418.65,6217589
2024-08-20,421.0,430.35,419.6,428.3,9343091
2024-08-21,429.5,431.45,423.5,424.9,6930168
2024-08-22,426.5,439.2,426.0,434.9,10947918
2024-08-23,436.45,438.5,432.45,434.35,5262529
2024-08-26,435.45,439.3,428.55,433.25,6148376
2024-08-27,434.7,439.8,431.2,437.95,6392653
2024-08-28,442.0,448.6,440.75,444.45,15433839
2024-08-29,442.1,450.35,438.85,446.55,15663444
2024-08-30,447.95,460.35,445.25,458.5,17888531
2024-09-02,460.0,460.0,433.55,438.95,15612684
2024-09-03,439.75,444.3,438.85,441.4,5978801
2024-09-04,434.95,441.3,431.35,434.4,6147494
2024-09-05,440.45,444.55,436.2,443.1,7834138
2024-09-06,443.2,443.2,414.0,423.1,21421372
2024-09-09,420.95,426.0,416.8,421.5,7073948
2024-09-10,423.75,429.9,422.4,425.4,5089383
2024-09-11,433.85,436.2,423.95,428.0,13300174
2024-09-12,430.9,437.1,429.0,433.45,5905816
2024-09-13,435.6,438.65,427.25,428.45,6918635
2024-09-16,428.45,431.15,420.1,428.7,5356337
2024-09-17,427.2,433.6,426.5,430.45,2422065
2024-09-18,428.0,430.7,421.55,428.25,3228858
2024-09-19,423.0,430.9,366.35,389.8,83881230
2024-09-20,393.0,397.4,378.75,388.25,46485982
2024-09-23,399.9,412.6,397.1,403.7,27447906
2024-09-24,403.7,408.0,395.7,401.3,8767855
2024-09-25,401.0,401.15,385.05,391.15,12185928
2024-09-26,390.55,395.35,387.4,393.75,10843976
2024-09-27,392.55,395.65,389.25,392.4,8263851
2024-09-30,391.65,393.4,385.4,392.55,9678928
2024-10-01,389.05,395.6,382.35,384.05,7039394
2024-10-03,376.0,389.05,375.5,377.6,9305494
2024-10-04,378.6,381.75,369.45,372.2,10290272
2024-10-07,374.1,375.8,352.3,361.15,19905422
2024-10-08,360.0,371.9,358.3,370.0,7021080
2024-10-09,371.85,377.6,368.25,373.5,4667993
2024-10-10,376.0,383.25,376.0,378.9,6150764
2024-10-11,380.8,382.85,376.5,378.5,3322205
2024-10-14,380.4,389.0,378.25,386.9,5695193
2024-10-15,387.6,388.95,381.55,385.9,3460929
2024-10-16,384.95,390.4,380.3,388.25,3840308
2024-10-17,386.5,391.0,382.75,384.75,5379127
2024-10-18,383.65,386.35,378.2,384.55,2601893
2024-10-21,384.0,386.5,372.1,375.35,8530940
2024-10-22,375.0,378.4,364.35,366.75,5046553
2024-10-23,380.95,380.95,355.5,357.1,12160417
2024-10-24,358.0,359.45,349.05,350.25,6558434
2024-10-25,352.0,352.0,330.1,334.7,14093116
2024-10-28,340.95,348.65,336.5,346.25,6060360
2024-10-29,345.9,349.55,338.8,347.9,10432509
2024-10-30,347.7,349.4,341.6,342.75,4285325
2024-10-31,341.8,345.25,338.65,340.55,6947893
2024-11-01,342.35,346.0,340.75,342.85,756568
2024-11-04,346.85,350.0,335.35,337.4,12597097
2024-11-05,336.85,342.85,332.35,342.15,3304753
2024-11-06,343.0,344.85,338.65,342.05,4103190
2024-11-07,342.25,347.6,338.5,339.5,4622999
2024-11-08,340.3,340.65,324.25,326.2,8234519
2024-11-11,318.05,328.2,315.5,325.05,6026607
2024-11-12,326.0,331.1,319.25,321.0,3353016
2024-11-13,321.9,322.7,316.6,318.1,7525374
2024-11-14,319.0,321.1,315.6,317.75,8628870
2024-11-18,320.0,326.6,317.0,323.15,6992604
2024-11-19,328.75,335.25,325.15,328.15,5955778
2024-11-21,340.0,340.0,326.15,329.1,17871198
2024-11-22,330.0,332.8,325.55,330.1,3576020
2024-11-25,333.6,339.45,330.3,337.35,9817548
2024-11-26,351.0,355.85,339.65,340.95,23264396
2024-11-27,341.0,352.15,340.8,349.75,5617102
2024-11-28,349.0,354.5,345.6,348.25,5759041
2024-11-29,347.15,353.7,345.5,349.35,4666533
2024-12-02,350.0,350.3,345.6,346.65,3309131
2024-12-03,350.5,356.8,345.5,353.9,5656362
2024-12-04,354.9,361.0,348.35,357.2,7749633
2024-12-05,375.0,375.0,360.0,363.55,48848190
2024-12-06,368.0,373.25,363.0,364.65,16816288
2024-12-09,364.75,366.8,358.95,362.15,14327412
2024-12-10,362.45,362.75,355.0,360.05,9563283
2024-12-11,360.0,362.75,358.2,359.6,5852606
2024-12-12,358.85,359.1,342.75,343.85,14316251
2024-12-13,342.0,351.2,335.35,350.0,13444504
2024-12-16,351.0,355.9,349.55,353.0,5191999
2024-12-17,359.3,359.3,343.9,345.85,10729278
2024-12-18,344.7,346.8,339.9,340.75,3077237
2024-12-19,335.0,347.35,332.6,346.4,9661691
2024-12-20,346.5,348.75,335.2,337.1,7046688
2024-12-23,339.0,339.0,333.1,335.0,4070412
2024-12-24,336.0,337.5,327.15,333.55,5404134
2024-12-26,334.65,336.05,331.4,332.35,6062223
2024-12-27,332.5,337.2,328.65,329.55,4035369
2024-12-30,331.9,342.55,329.65,340.05,17505371
2024-12-31,341.8,343.8,335.2,341.8,7230147
2025-01-01,340.0,345.65,338.5,343.95,2228186
2025-01-02,343.85,347.2,341.35,346.4,5093469
2025-01-03,346.0,352.5,342.55,344.0,4130940
2025-01-06,345.8,345.8,328.05,329.8,6233638
2025-01-07,331.3,335.3,327.55,328.15,4495351
2025-01-08,329.8,334.0,325.2,330.35,5541381
2025-01-09,330.35,339.3,328.6,330.8,7595457
2025-01-10,330.0,330.65,319.45,320.4,6603060
2025-01-13,315.55,333.25,315.55,320.5,13453147
2025-01-14,324.0,341.85,323.4,340.3,12001185
2025-01-15,340.9,361.2,339.15,351.8,22050850
2025-01-16,363.0,363.0,353.4,354.55,8279242
2025-01-17,358.1,365.0,357.15,362.7,14711286
2025-01-20,380.4,390.45,370.35,375.6,23507683
2025-01-21,373.9,374.0,360.65,361.65,5167716
2025-01-22,361.6,361.9,348.5,357.1,9032850
2025-01-23,360.0,369.65,354.5,366.6,9182913
2025-01-24,367.2,374.2,365.25,367.95,19643296
2025-01-27,365.65,366.7,346.85,348.95,7693448
2025-01-28,352.0,356.9,342.85,353.5,7413921
2025-01-29,352.5,355.1,343.3,346.7,4888368
2025-01-30,347.0,349.5,342.05,345.6,8768186
2025-01-31,345.95,348.9,342.4,347.2,6499334
2025-02-01,346.9,366.4,334.0,352.8,7963805
2025-02-03,347.1,351.25,338.7,350.1,4618051
2025-02-04,353.65,359.15,349.7,356.9,5792352
2025-02-05,358.25,363.45,356.45,358.05,6894532
2025-02-06,359.95,368.3,354.05,356.1,8285405
2025-02-07,358.3,369.35,357.7,363.3,10231223
2025-02-10,363.25,364.8,348.55,352.05,4667093
2025-02-11,353.25,354.45,344.5,348.2,4574371
2025-02-12,349.0,350.75,332.15,347.4,7020361
2025-02-13,347.05,356.8,343.45,348.75,4427505
2025-02-14,350.15,350.4,329.6,335.5,3742431
2025-02-17,334.25,340.4,326.75,339.3,4162964
2025-02-18,339.3,340.1,329.05,337.05,2976715
2025-02-19,334.6,344.25,329.95,341.4,7010165
2025-02-20,337.05,344.5,336.05,341.1,3324577
2025-02-21,339.0,340.95,331.5,336.4,7741976
2025-02-24,332.0,333.9,325.25,330.2,5605913
2025-02-25,330.5,336.95,329.6,331.6,4709750
2025-02-27,331.65,339.9,329.5,338.25,8675643
2025-02-28,337.9,337.9,321.9,323.35,9209911
2025-03-03,325.0,328.25,312.75,326.7,6628370
2025-03-04,326.0,330.15,319.5,327.0,3429689
2025-03-05,329.9,337.5,326.55,336.8,3824203
2025-03-06,338.0,340.9,328.6,330.45,5352132
2025-03-07,331.05,332.25,325.9,327.4,3798696
2025-03-10,329.05,336.55,328.15,330.2,4911269
2025-03-11,326.3,342.5,325.2,341.4,6330559
2025-03-12,345.0,345.0,314.7,324.65,16599619
2025-03-13,324.95,330.2,323.35,327.0,6340342
2025-03-17,326.0,332.0,322.25,330.6,4496735
2025-03-18,332.3,338.0,331.75,336.85,3533635
2025-03-19,337.25,342.85,336.05,339.3,7037625
2025-03-20,341.0,342.1,334.1,340.6,3429892
2025-03-21,340.9,350.0,338.45,348.85,8201117
2025-03-24,355.0,358.9,348.25,349.05,5023515
2025-03-25,350.9,350.9,337.25,339.75,4042558
2025-03-26,339.7,344.0,334.9,339.25,3678722
2025-03-27,338.1,341.6,335.0,338.4,4513735
2025-03-28,339.95,343.2,332.0,334.3,5874129
2025-04-01,349.9,360.9,346.8,352.45,21049199
2025-04-02,352.4,362.7,350.0,361.3,8411874
2025-04-03,355.35,360.0,352.85,358.0,4129080
2025-04-04,360.0,368.0,356.4,360.5,16145235
2025-04-07,340.0,358.2,336.15,356.0,10272279
2025-04-08,363.95,372.0,359.5,370.65,10437414
2025-04-09,371.2,374.4,365.2,370.6,9155700
2025-04-11,371.05,375.2,365.3,373.65,7244994
2025-04-15,380.8,382.7,374.25,380.45,7889826
2025-04-16,375.0,387.2,375.0,386.1,9061814
2025-04-17,385.9,398.85,384.5,397.9,9288018
2025-04-21,398.35,409.5,397.4,407.5,3516980
2025-04-22,409.2,421.5,399.5,400.85,13842212
2025-04-23,400.0,405.0,393.9,400.1,8895838
2025-04-24,400.15,407.35,397.2,406.5,6409664
2025-04-25,406.5,406.9,390.3,397.35,6732062
2025-04-28,409.0,411.5,403.65,408.1,8988016
2025-04-29,410.8,413.8,401.45,402.6,3721608
2025-04-30,403.45,409.35,397.7,408.2,6841231
2025-05-02,394.0,395.45,378.0,379.3,19737832
2025-05-05,380.4,387.4,378.05,384.1,3295612
2025-05-06,384.9,387.5,376.55,378.9,6415596
2025-05-07,379.9,385.75,376.75,383.85,8336824
2025-05-08,383.9,395.6,380.6,384.65,11135804
2025-05-09,379.4,389.85,377.6,388.2,5477155
2025-05-12,395.4,400.0,392.25,397.4,5386177
2025-05-13,397.4,400.15,391.65,394.75,5876199
2025-05-14,396.75,398.95,392.05,396.0,6920703
2025-05-15,395.25,400.45,391.25,396.95,7283759
2025-05-16,397.7,407.35,396.1,400.45,5908953
2025-05-19,402.25,403.9,382.0,389.1,11516967
2025-05-20,389.1,392.5,384.85,386.5,5699529
2025-05-21,385.2,392.25,385.05,387.95,13139198
2025-05-22,386.0,388.85,382.25,383.95,3595416
2025-05-23,385.25,389.2,381.3,383.6,3469258
2025-05-26,383.6,385.0,375.6,380.5,8119620
2025-05-27,380.5,386.0,377.25,383.85,7402268
2025-05-28,385.7,398.95,383.8,391.3,14515992
2025-05-29,392.5,394.75,387.8,391.25,4344927
2025-05-30,391.25,394.5,381.35,384.15,23501700
2025-06-02,382.25,387.2,380.0,382.5,5400006
2025-06-03,384.35,386.2,378.3,380.85,5884017
2025-06-04,381.7,385.9,379.05,383.35,6075425
2025-06-05,385.0,387.7,382.1,384.4,4937853
2025-06-06,383.0,393.75,383.0,391.1,5045503
2025-06-09,391.0,401.4,388.5,395.7,8531345
2025-06-10,397.65,397.65,391.75,393.35,2823556
2025-06-11,395.0,396.3,386.0,387.9,4889189
2025-06-12,388.5,391.6,380.6,382.75,2868975
2025-06-13,374.25,381.45,374.25,380.35,2644160
2025-06-16,380.35,392.2,377.4,391.05,6542254
2025-06-17,390.0,394.6,390.0,392.1,5942280
2025-06-18,390.0,394.45,388.5,391.9,2753696
2025-06-19,391.9,393.75,387.9,389.65,2323401
2025-06-20,389.65,405.75,389.5,404.3,15341490
2025-06-23,403.9,407.35,400.45,401.9,3059353
2025-06-24,408.5,416.9,405.0,415.05,9559930
2025-06-25,415.9,419.2,412.0,415.5,4221078
2025-06-26,413.0,418.6,411.5,415.35,8679054
2025-06-27,417.45,421.9,411.0,412.2,7687289
2025-06-30,415.5,423.0,411.65,421.1,8228456
2025-07-01,424.85,426.4,417.35,420.35,9631934
2025-07-02,419.6,425.0,419.45,423.25,5734710
2025-07-03,425.4,430.0,422.65,425.75,6185945
2025-07-04,426.0,429.8,421.75,424.95,3900169
2025-07-07,422.7,422.7,407.55,408.4,7571465
2025-07-08,406.6,409.95,403.3,406.25,4897626
2025-07-09,406.3,410.0,404.0,405.15,4972819
2025-07-10,406.15,411.35,399.8,402.2,4146664
2025-07-11,402.0,405.8,394.6,404.4,4904859
2025-07-14,406.0,409.3,400.0,404.1,3807277
2025-07-15,405.05,409.8,404.15,408.0,3263712
2025-07-16,408.0,408.95,403.7,405.0,2886867
2025-07-17,406.95,407.85,402.85,406.25,3892900
2025-07-18,406.25,407.3,400.25,403.4,2999829
2025-07-21,398.6,406.1,396.25,404.15,4307190
2025-07-22,404.15,404.15,394.5,396.3,4850966
2025-07-23,396.3,406.65,394.6,405.25,4580827
2025-07-24,404.9,407.55,397.8,401.55,3573541
2025-07-25,398.5,399.4,391.2,393.55,4784269
2025-07-28,393.55,397.7,382.65,384.6,3389242
2025-07-29,383.0,392.3,381.95,390.55,3790547
2025-07-30,390.55,392.25,382.15,383.8,2430128
2025-07-31,377.5,380.0,361.0,363.0,12526255
2025-08-01,363.05,364.2,343.85,345.1,6251009
2025-08-04,346.0,348.15,339.25,345.8,6962596
2025-08-05,348.0,348.2,341.05,342.85,3459901
2025-08-06,342.85,346.4,339.8,340.95,8179886
2025-08-07,339.55,339.55,330.5,334.65,20953620
2025-08-08,335.5,339.45,330.7,332.55,13407199
2025-08-11,335.0,338.0,330.05,337.4,6020830
2025-08-12,337.4,343.4,337.2,339.5,3637933
2025-08-13,341.5,343.3,336.35,337.3,3352695
2025-08-14,337.2,337.8,330.2,333.0,8393964
2025-08-18,336.0,340.95,328.0,337.6,12633896
2025-08-19,339.7,342.5,335.25,339.95,3615727
2025-08-20,341.85,355.1,341.3,349.1,7536509
2025-08-21,350.05,353.45,346.6,348.05,2900166
2025-08-22,352.5,359.8,348.8,353.55,16977389
2025-08-25,356.75,357.7,351.3,354.75,4414881
2025-08-26,345.9,350.0,339.55,342.55,11956450
2025-08-28,343.0,344.0,334.65,335.6,7073411
2025-08-29,337.0,346.45,336.0,338.6,7338329
2025-09-01,340.0,342.3,338.35,339.4,3912531
2025-09-02,340.0,340.0,328.3,329.45,8558281
2025-09-03,324.9,326.5,312.55,324.15,50414456
2025-09-04,329.0,329.85,321.6,324.05,14259927
2025-09-05,325.55,341.9,324.3,337.4,17007563
2025-09-08,339.65,345.5,334.9,344.1,11053837
2025-09-09,344.95,349.7,343.0,346.9,8589184
2025-09-10,355.0,355.0,347.6,349.3,12143686
2025-09-11,349.3,355.8,348.35,353.25,9104627
2025-09-12,355.5,363.05,354.05,361.85,13224633
2025-09-15,362.7,369.55,358.1,359.3,7809090
2025-09-16,359.8,360.9,352.75,357.6,4475632
2025-09-17,359.5,359.5,352.3,354.25,6344314
2025-09-18,355.7,357.7,352.6,354.3,5598853
2025-09-19,354.3,361.7,350.95,356.85,7422079
2025-09-22,356.0,362.75,354.2,356.0,5271465
2025-09-23,356.15,360.0,353.35,359.1,7194465
2025-09-24,359.1,363.35,355.55,358.15,7448879
2025-09-25,358.0,361.0,355.05,356.45,6298204
2025-09-26,355.45,357.4,344.5,346.3,10014825
2025-09-29,347.95,350.85,344.9,347.2,5564080
2025-09-30,344.8,347.8,340.9,342.9,5785588
2025-10-01,342.3,353.0,342.3,352.05,4163278
2025-10-03,350.1,355.4,348.3,353.1,2694415
2025-10-06,354.1,355.95,349.2,353.65,2819005
2025-10-07,352.0,359.8,350.65,357.9,6631987
2025-10-08,358.0,360.5,353.8,354.75,2273254
2025-10-09,355.0,356.75,352.0,354.85,4320615
2025-10-10,354.85,358.9,353.0,353.7,4420019
2025-10-13,354.0,355.95,348.1,349.9,5017414
2025-10-14,350.45,351.45,337.8,338.55,9282025
2025-10-15,339.9,346.05,339.4,344.8,3966733
2025-10-16,346.55,346.55,343.35,343.95,3586844
2025-10-17,345.0,347.85,341.2,343.0,5754532
2025-10-20,345.0,356.1,344.0,354.4,4782239
2025-10-21,356.45,361.2,353.6,360.3,1140917
2025-10-23,359.0,363.45,357.55,358.75,5608282
2025-10-24,358.8,362.5,355.9,361.55,6707932
2025-10-27,363.7,381.4,359.65,371.3,26826730
2025-10-28,377.0,386.5,375.5,385.9,20602382
2025-10-29,385.95,389.2,379.35,381.05,8329384
2025-10-30,378.0,378.0,364.3,368.25,15575932
2025-10-31,367.75,371.35,362.8,363.6,6866183
2025-11-03,366.0,384.55,365.2,382.75,15961474
2025-11-04,392.0,397.25,389.05,392.55,24189758
2025-11-06,391.9,404.85,386.6,398.3,14237144
2025-11-07,396.5,404.8,391.0,400.8,6409878
2025-11-10,400.45,402.4,397.65,398.75,2465473
2025-11-11,402.0,404.9,395.95,400.6,4964281
2025-11-12,401.35,410.7,400.1,406.95,8054895
2025-11-13,406.0,414.0,405.55,407.85,5069406
2025-11-14,405.9,414.0,405.15,412.35,4523897
2025-11-17,413.7,413.7,408.25,410.15,2866155
2025-11-18,411.0,411.7,400.85,402.2,7797153
2025-11-19,402.0,405.9,399.9,403.25,4630031
2025-11-20,406.0,406.3,399.2,400.5,3782742
2025-11-21,399.7,402.15,395.5,397.0,3496761
2025-11-24,397.05,404.65,396.3,400.1,6005510
2025-11-25,399.45,405.65,397.55,403.6,2738092
2025-11-26,406.0,409.8,403.65,405.6,3963301
2025-11-27,405.0,409.05,401.25,404.25,3495842
2025-11-28,404.05,404.8,400.5,401.05,2277681
2025-12-01,404.6,405.4,395.25,396.6,2528988
2025-12-02,404.0,406.7,398.0,401.95,5325984
2025-12-03,402.45,413.3,401.45,404.65,11451550
2025-12-04,405.5,408.25,398.55,402.0,3535840
2025-12-05,400.9,416.85,399.1,415.7,9654037
2025-12-08,414.0,418.0,398.75,403.0,6435755
2025-12-09,400.9,404.95,396.5,403.05,5453366
2025-12-10,403.3,407.5,401.55,404.25,4960080
2025-12-11,403.4,411.45,401.2,410.35,4260259
2025-12-12,411.0,416.25,409.05,415.2,4899002
2025-12-15,418.0,421.95,406.8,409.45,9794272
2025-12-16,407.4,411.25,405.65,408.15,4424641
2025-12-17,408.15,409.2,403.55,407.2,4479594
2025-12-18,408.4,412.2,405.3,408.75,4672944
2025-12-19,411.0,415.2,408.3,414.05,10797815
2025-12-22,414.05,414.05,407.55,411.45,3737410
2025-12-23,412.4,417.2,410.4,414.35,3117996
2025-12-24,414.35,428.5,412.0,423.9,8149917
2025-12-26,423.9,427.55,419.05,419.85,2510361
2025-12-29,420.0,427.1,417.3,422.25,6424028
2025-12-30,422.0,426.4,419.8,422.05,4570566
2025-12-31,422.9,434.7,410.0,418.75,17326544
2026-01-01,421.05,439.85,421.05,435.8,17970341
2026-01-02,438.0,446.0,432.75,442.05,11982152
2026-01-05,439.3,442.65,432.0,434.2,5894990
2026-01-06,434.0,436.8,430.05,432.25,5754607
2026-01-07,433.0,433.5,427.05,429.0,5018878
2026-01-08,430.45,436.8,424.45,430.85,10696988
2026-01-09,450.0,454.95,430.05,433.4,26527175
2026-01-12,435.0,441.5,428.45,432.6,8821785
2026-01-13,433.0,433.45,423.1,427.9,5850975
2026-01-14,432.25,443.7,432.25,438.4,9332296
2026-01-16,438.4,438.95,429.5,433.85,10418752
2026-01-19,432.65,434.0,425.0,428.4,5898599
2026-01-20,427.0,427.75,412.7,414.55,5559575
2026-01-21,411.05,417.6,401.45,414.0,8491961
2026-01-22,417.0,420.35,413.1,419.2,7164284
2026-01-23,419.2,422.15,410.0,413.15,4665531
2026-01-27,416.05,425.95,411.25,422.55,7419336
2026-01-28,425.25,428.6,420.85,425.3,4337181
2026-01-29,429.0,442.7,426.05,441.55,8487120
2026-01-30,440.95,452.0,435.45,444.3,11897285
2026-02-01,443.95,443.95,418.0,423.95,4375451
2026-02-02,424.3,433.45,419.45,431.8,9268964
2026-02-03,443.4,450.0,425.4,438.55,10838614
2026-02-04,439.2,447.0,437.4,445.1,5316074
2026-02-05,445.1,445.9,438.95,442.4,4258051
2026-02-06,442.55,447.55,432.85,443.35,5313719
2026-02-09,446.5,457.15,443.75,456.15,6772155
2026-02-10,459.0,461.6,448.65,459.15,12345910
2026-02-11,461.0,472.0,457.2,467.05,9936035
2026-02-12,467.05,475.0,464.0,474.0,8131246
2026-02-13,469.5,472.0,464.15,466.6,4313315
2026-02-16,466.6,475.15,463.65,473.7,5723670
2026-02-17,475.4,477.0,467.6,472.7,3763634
2026-02-18,472.8,481.05,469.5,477.75,5407805
2026-02-19,479.0,481.5,469.2,472.9,5281104
2026-02-20,470.1,477.1,467.9,474.35,4473602
2026-02-23,476.75,476.75,468.1,472.2,3640333
2026-02-24,469.9,473.0,464.05,469.9,5575559
2026-02-25,470.0,473.0,454.25,461.45,6005431
2026-02-26,462.7,463.6,455.5,461.25,4080221
2026-02-27,459.0,461.7,452.15,454.95,7170798
2026-03-02,439.15,459.3,439.15,448.55,3235580
2026-03-04,443.8,445.0,431.15,442.3,5453113
2026-03-05,444.6,456.25,444.6,451.4,3038175
2026-03-06,450.75,457.65,449.0,452.05,2140959
2026-03-09,444.5,444.95,433.55,438.5,2829820
2026-03-10,442.05,447.75,439.1,445.45,2238534
2026-03-11,442.4,450.15,436.65,438.75,2585875
2026-03-12,436.9,444.75,430.55,442.05,5403935
2026-03-13,439.15,440.8,422.7,423.95,2702224
2026-03-16,425.0,430.65,418.45,427.1,3446835
2026-03-17,429.45,439.0,427.3,436.15,3131170
2026-03-18,437.1,443.75,434.2,440.95,3154268
2026-03-19,435.7,435.7,422.0,426.65,3178646
2026-03-20,429.65,441.75,429.65,434.55,5436700
2026-03-23,430.0,430.0,411.8,413.6,4793426
2026-03-24,422.0,432.9,415.45,429.3,4652608
2026-03-25,431.8,434.8,422.0,427.85,7419269
2026-03-27,423.6,429.5,419.25,426.3,6160559
2026-03-30,425.05,429.0,415.5,418.15,8737012
2026-04-01,436.8,436.8,420.85,423.25,4689273
2026-04-02,417.7,426.35,409.55,424.85,3693968
2026-04-06,422.0,432.55,420.8,425.5,3868647
2026-04-07,422.0,426.8,419.4,423.15,3134435
2026-04-08,433.0,442.95,430.6,440.95,3295745
2026-04-09,442.7,442.7,432.85,438.45,3485937
2026-04-10,438.0,443.2,433.85,437.85,4687274
2026-04-13,430.0,440.5,425.6,438.45,2764767
2026-04-15,434.5,436.9,419.15,420.25,10073376
2026-04-16,421.5,424.7,412.25,413.15,9807849
2026-04-17,413.15,416.6,409.0,412.25,10614267
2026-04-20,412.5,413.85,403.6,405.8,8774694
2026-04-21,403.1,419.6,403.1,414.75,7884039
2026-04-22,414.75,418.6,406.5,408.15,5628398
2026-04-23,405.15,408.3,400.95,404.7,7560920
2026-04-24,405.9,406.6,395.65,402.2,5743207
2026-04-27,403.45,407.5,399.5,402.3,3382004
2026-04-28,411.0,419.05,409.6,413.95,9680019
2026-04-29,419.0,421.85,411.55,413.9,10438131
2026-04-30,413.0,413.9,407.0,409.95,4414903
2026-05-04,414.55,415.0,390.8,400.25,12554778
2026-05-05,400.4,407.55,396.45,402.7,4591107
2026-05-06,406.15,412.9,404.45,408.3,5652180
2026-05-07,410.45,411.8,399.6,402.9,10362390
2026-05-08,403.9,406.55,397.6,404.3,11930810
2026-05-11,402.8,415.45,396.5,410.65,8534318
2026-05-12,411.8,411.85,400.0,400.8,6090311
2026-05-13,402.0,416.7,399.65,413.2,6032427
2026-05-14,415.95,425.1,415.0,422.35,9290441
2026-05-15,424.7,434.2,420.95,430.15,7749990
2026-05-18,425.0,434.55,421.9,430.9,12099517
2026-05-19,432.0,439.4,427.25,430.7,5642333
2026-05-20,427.5,431.0,424.25,427.85,4234164
2026-05-21,431.0,439.1,429.3,431.8,7212754
2026-05-22,433.0,434.65,430.1,432.05,3905979
2026-05-25,435.0,442.0,430.05,438.85,4332999
2026-05-26,441.4,443.05,430.55,433.25,10396696
2026-05-27,433.85,439.8,432.5,436.25,4909748
2026-05-29,438.0,449.4,432.1,442.05,14310382
2026-06-01,443.7,446.4,429.45,431.45,9802918
2026-06-02,429.2,431.7,424.45,429.15,10580065
2026-06-03,429.25,433.6,424.9,429.2,3891924
2026-06-04,427.95,433.75,425.1,430.45,5657168
2026-06-05,430.0,437.0,428.85,429.65,4806525
2026-06-08,427.0,429.5,423.85,426.15,6629947
2026-06-09,430.0,432.05,417.95,419.4,10047596
2026-06-10,416.8,417.7,408.55,413.15,4202786
2026-06-11,411.5,418.75,409.9,413.0,4804711
2026-06-12,417.0,424.6,417.0,421.2,4575037
2026-06-15,426.1,426.5,412.2,413.25,6445467
2026-06-16,414.0,415.95,409.7,411.75,6134631
2026-06-17,411.95,418.0,409.0,413.85,8540327
2026-06-18,414.0,417.4,411.2,414.3,4521472
2026-06-19,413.85,417.8,409.5,411.2,8098769
2026-06-22,415.0,415.95,410.75,413.4,2321188
2026-06-23,413.8,413.9,398.95,400.0,6107870
2026-06-24,400.0,404.15,398.0,398.6,5437373
2026-06-25,399.8,403.45,391.95,393.55,7861840
2026-06-29,394.9,396.6,386.35,394.65,4638379
2026-06-30,394.9,399.0,391.05,391.7,6895600
2026-07-01,391.0,397.95,380.3,388.85,7839832
2026-07-02,389.0,390.8,382.1,383.75,3629743
2026-07-03,385.25,387.95,382.1,383.3,6828283
2026-07-06,383.2,394.2,383.2,386.55,13687467
2026-07-07,387.0,387.35,375.05,382.8,18946184
2026-07-08,381.0,396.0,378.45,388.55,15396788
2026-07-09,391.45,399.5,391.1,398.15,11047205
2026-07-10,401.15,407.85,395.05,406.15,5128549
2026-07-13,402.25,411.15,401.6,409.55,5182694
2026-07-14,406.0,409.85,403.3,405.25,3968907
2026-07-15,405.5,410.8,404.15,406.9,6262528
2026-07-16,407.5,414.9,405.1,405.65,3961814
2026-07-17,407.0,408.0,401.75,403.5,4788472
2026-07-20,401.55,407.75,401.4,402.0,3065022
2026-07-21,402.25,407.7,396.5,404.45,2072472
2026-07-22,406.5,406.5,393.45,394.85,2210902
2026-07-23,393.2,398.55,389.25,390.25,3138765
2026-07-24,388.1,396.1,385.15,394.6,3130489
2026-07-27,396.0,397.25,382.5,387.4,3923875
2026-07-28,386.75,391.9,380.7,381.6,4530171
2026-07-29,385.35,389.4,380.6,386.15,3522014
2026-07-30,388.1,396.8,386.2,392.9,5966629
2026-07-31,394.9,394.9,371.4,391.1,8164388
2026-08-03,394.0,398.3,390.1,395.3,2253714
2026-08-04,396.0,396.5,387.15,390.0,3918825
2026-08-05,392.4,393.05,385.8,385.85,3522936
2026-08-06,386.95,389.6,383.3,383.3,5731783
2026-08-07,385.0,386.8,383.1,386.0,3442481
2026-08-10,374.0,377.15,363.5,368.0,9015128
2026-08-11,370.0,377.7,367.4,369.35,9925209
2026-08-12,370.0,385.2,369.75,383.4,10079537
2026-08-13,383.4,385.45,380.4,383.2,6069020
2026-08-14,383.15,388.55,379.45,384.35,5956784
2026-08-17,383.8,385.0,378.85,380.0,1415620
2026-08-18,378.8,379.8,371.5,372.4,4522943
2026-08-19,372.4,373.05,368.7,372.4,3330556
2026-08-20,373.75,373.85,367.35,368.8,3258892
2026-08-21,369.7,377.75,369.55,375.75,4157306
2026-08-24,377.45,378.05,372.9,374.25,2142749
2026-08-25,374.25,388.6,374.25,387.25,6995675
2026-08-26,389.4,389.4,377.7,377.7,4874991
2026-08-27,379.95,384.2,374.3,379.95,9414509
2026-08-28,379.95,385.7,378.75,380.0,1536497
2026-08-31,380.0,388.8,379.0,388.8,5409807
2026-09-01,386.0,386.2,373.0,375.0,5558555
2026-09-02,375.0,380.0,371.95,379.0,2707843
2026-09-03,380.5,381.3,373.35,374.95,4386555
2026-09-04,375.0,380.45,374.15,376.8,1578193
2026-09-07,379.25,383.75,376.0,376.45,4311184
2026-09-08,376.45,376.95,370.0,373.05,2490099
2026-09-09,371.75,376.45,369.75,373.7,1765333
2026-09-10,376.2,376.2,368.7,372.0,4491149
2026-09-11,372.0,390.85,372.0,388.0,16707001
2026-09-15,390.8,390.8,378.7,379.0,3807593
2026-09-16,381.0,381.5,375.2,375.6,4050806
2026-09-17,377.1,384.75,377.1,381.35,3756136
2026-09-18,380.9,382.5,375.9,375.9,4696284
2026-09-21,376.0,380.7,374.25,377.65,1695335
2026-09-22,377.65,382.1,373.65,382.1,3537704
2026-09-23,382.15,388.55,381.2,384.8,4979379
2026-09-24,382.0,384.85,376.55,379.85,3016883
2026-09-25,378.0,379.25,373.2,374.65,2952516
2026-09-28,373.5,374.25,355.55,360.0,6106607
2026-09-29,359.0,373.05,358.2,367.55,8836110
2026-09-30,370.35,376.05,368.6,373.2,6712752
2026-10-01,371.1,384.7,370.0,376.25,9498411
2026-10-05,381.4,381.45,375.25,380.2,5862757
2026-10-06,382.8,392.3,382.7,389.1,5484978
2026-10-07,392.0,392.0,381.3,385.05,2499487
2026-10-08,385.05,388.95,372.05,373.0,2309118
2026-10-09,378.0,382.0,375.0,380.85,2726912
