Datetime,Open,High,Low,Close,Volume
2011-06-01,2.04,2.04,1.85,1.86,34070
2011-06-02,1.88,1.89,1.87,1.89,48260
2011-06-03,1.9,1.92,1.87,1.9,36150
2011-06-06,1.9,1.9,1.85,1.88,19970
2011-06-07,1.83,1.9,1.83,1.84,11200
2011-06-08,1.88,1.88,1.83,1.85,35510
2011-06-09,1.9,1.9,1.82,1.89,72580
2011-06-10,1.86,1.89,1.84,1.85,16050
2011-06-13,1.87,1.87,1.83,1.83,17680
2011-06-14,1.87,1.89,1.83,1.84,38910
2011-06-15,1.83,1.89,1.83,1.88,22780
2011-06-16,1.85,1.85,1.83,1.84,4000
2011-06-17,1.8,1.88,1.8,1.82,13730
2011-06-20,1.76,1.87,1.61,1.69,283400
2011-06-21,1.62,1.79,1.62,1.73,61370
2011-06-22,1.66,1.72,1.66,1.71,5160
2011-06-23,1.65,1.75,1.65,1.73,15450
2011-06-24,1.7,1.76,1.62,1.75,23310
2011-06-27,1.8,1.8,1.71,1.74,25560
2011-06-28,1.72,1.78,1.71,1.72,24270
2011-06-29,1.65,1.79,1.65,1.76,25090
2011-06-30,1.72,1.77,1.7,1.72,88690
2011-07-01,1.72,1.84,1.72,1.76,15870
2011-07-04,1.71,1.79,1.71,1.74,30030
2011-07-05,1.75,1.77,1.74,1.77,30670
2011-07-06,1.79,1.79,1.75,1.77,14890
2011-07-07,1.73,1.83,1.73,1.79,177900
2011-07-08,1.76,1.78,1.75,1.75,62880
2011-07-11,1.8,1.8,1.75,1.79,2030
2011-07-12,1.77,1.77,1.73,1.73,7800
2011-07-13,1.6,1.77,1.6,1.71,38740
2011-07-14,1.73,1.79,1.73,1.78,113000
2011-07-15,1.75,1.75,1.72,1.74,157900
2011-07-18,1.8,1.8,1.72,1.76,97650
2011-07-19,1.72,1.77,1.72,1.74,80130
2011-07-20,1.73,1.75,1.72,1.72,79640
2011-07-21,1.68,1.75,1.68,1.71,17290
2011-07-22,1.73,1.74,1.72,1.74,54000
2011-07-25,1.75,1.77,1.75,1.75,36810
2011-07-26,1.71,1.76,1.71,1.72,42210
2011-07-27,1.71,1.74,1.69,1.7,106860
2011-07-28,1.62,1.73,1.62,1.67,77960
2011-07-29,1.7,1.71,1.64,1.66,27750
2011-08-01,1.66,1.69,1.64,1.67,29680
2011-08-02,1.63,1.66,1.62,1.63,28350
2011-08-03,1.6,1.6,1.55,1.57,60270
2011-08-04,1.55,1.66,1.51,1.6,48310
2011-08-05,1.52,1.63,1.52,1.55,79710
2011-08-08,1.33,1.59,1.33,1.53,210770
2011-08-09,1.5,1.6,1.39,1.41,324610
2011-08-10,1.41,1.5,1.41,1.5,42760
2011-08-11,1.4,1.48,1.4,1.47,14320
2011-08-12,1.45,1.56,1.45,1.5,21270
2011-08-16,1.4,1.48,1.4,1.44,34490
2011-08-17,1.4,1.44,1.36,1.37,54280
2011-08-18,1.31,1.48,1.31,1.38,16620
2011-08-19,1.31,1.39,1.31,1.38,11340
2011-08-22,1.31,1.39,1.31,1.37,9620
2011-08-23,1.41,1.41,1.29,1.31,179210
2011-08-24,1.3,1.36,1.29,1.31,39710
2011-08-25,1.28,1.3,1.25,1.26,54580
2011-08-26,1.21,1.39,1.21,1.26,60000
2011-08-29,1.25,1.37,1.25,1.26,82300
2011-08-30,1.25,1.34,1.25,1.3,67990
2011-09-02,1.3,1.35,1.3,1.35,15350
2011-09-05,1.3,1.35,1.3,1.35,33480
2011-09-06,1.35,1.37,1.29,1.35,73770
2011-09-07,1.35,1.4,1.34,1.37,102990
2011-09-08,1.4,1.4,1.35,1.38,7450
2011-09-09,1.4,1.46,1.39,1.4,90360
2011-09-12,1.31,1.39,1.31,1.36,13060
2011-09-13,1.32,1.39,1.32,1.35,10300
2011-09-14,1.3,1.4,1.3,1.35,24160
2011-09-15,1.36,1.4,1.34,1.4,16160
2011-09-16,1.31,1.47,1.31,1.36,25360
2011-09-19,1.4,1.4,1.33,1.37,12670
2011-09-20,1.36,1.4,1.36,1.4,13010
2011-09-21,1.4,1.42,1.36,1.41,72970
2011-09-22,1.4,1.4,1.36,1.38,59700
2011-09-23,1.31,1.39,1.31,1.39,16130
2011-09-26,1.35,1.4,1.25,1.32,99090
2011-09-27,1.38,1.39,1.31,1.34,28140
2011-09-28,1.38,1.39,1.32,1.32,27700
2011-09-29,1.32,1.37,1.32,1.33,10240
2011-09-30,1.39,1.39,1.32,1.34,37430
2011-10-03,1.3,1.59,1.3,1.33,58050
2011-10-04,1.3,1.57,1.3,1.32,16090
2011-10-05,1.31,1.34,1.3,1.32,25950
2011-10-07,1.31,1.35,1.31,1.34,76730
2011-10-10,1.3,1.39,1.3,1.36,75550
2011-10-11,1.3,1.4,1.3,1.34,27650
2011-10-12,1.3,1.39,1.3,1.39,28920
2011-10-13,1.36,1.41,1.36,1.41,16540
2011-10-14,1.42,1.49,1.37,1.39,57560
2011-10-17,1.33,1.44,1.33,1.42,24140
2011-10-18,1.4,1.43,1.38,1.4,20080
2011-10-19,1.32,1.4,1.32,1.37,7660
2011-10-20,1.34,1.38,1.34,1.38,24510
2011-10-21,1.31,1.49,1.31,1.38,82510
2011-10-24,1.32,1.49,1.32,1.38,13590
2011-10-25,1.33,1.45,1.33,1.38,25660
2011-10-26,1.35,1.43,1.35,1.38,4580
2011-10-28,1.33,1.43,1.33,1.42,11390
2011-10-31,1.4,1.43,1.35,1.38,18560
2011-11-01,1.4,1.41,1.33,1.39,63930
2011-11-02,1.31,1.45,1.31,1.43,10450
2011-11-03,1.45,1.48,1.39,1.4,15250
2011-11-04,1.39,1.46,1.39,1.42,119910
2011-11-08,1.4,1.47,1.4,1.47,2590
2011-11-09,1.4,1.47,1.39,1.42,36680
2011-11-11,1.4,1.4,1.37,1.38,13750
2011-11-14,1.3,1.4,1.3,1.39,8490
2011-11-15,1.31,1.35,1.31,1.32,65770
2011-11-16,1.3,1.37,1.25,1.29,18560
2011-11-17,1.25,1.39,1.25,1.3,43790
2011-11-18,1.24,1.34,1.24,1.3,12280
2011-11-21,1.23,1.27,1.23,1.26,4350
2011-11-22,1.16,1.29,1.16,1.29,760
2011-11-23,1.2,1.26,1.2,1.23,39850
2011-11-24,1.2,1.3,1.2,1.29,47160
2011-11-25,1.35,1.35,1.25,1.31,32830
2011-11-28,1.25,1.35,1.25,1.31,53020
2011-11-29,1.38,1.39,1.22,1.25,86840
2011-11-30,1.32,1.32,1.25,1.3,7070
2011-12-01,1.25,1.34,1.25,1.27,18640
2011-12-02,1.38,1.38,1.3,1.33,45700
2011-12-05,1.37,1.38,1.28,1.3,29650
2011-12-07,1.35,1.35,1.29,1.3,28970
2011-12-08,1.35,1.35,1.28,1.3,35360
2011-12-09,1.35,1.36,1.3,1.3,6270
2011-12-12,1.21,1.32,1.21,1.25,23080
2011-12-13,1.21,1.26,1.12,1.2,47840
2011-12-14,1.16,1.25,1.16,1.22,6640
2011-12-15,1.15,1.22,1.15,1.2,40400
2011-12-16,1.15,1.2,1.15,1.18,22420
2011-12-19,1.11,1.25,1.11,1.15,18750
2011-12-20,1.15,1.22,1.13,1.21,26950
2011-12-21,1.15,1.2,1.15,1.15,27250
2011-12-22,1.2,1.22,1.15,1.15,20920
2011-12-23,1.21,1.21,1.13,1.15,99740
2011-12-26,1.13,1.2,1.11,1.17,10040
2011-12-27,1.21,1.21,1.17,1.18,37330
2011-12-28,1.11,1.2,1.11,1.2,65770
2011-12-29,1.23,1.23,1.13,1.16,68090
2011-12-30,1.1,1.23,1.1,1.14,19240
2012-01-02,1.13,1.21,1.13,1.17,62210
2012-01-03,1.18,1.23,1.16,1.2,165980
2012-01-04,1.2,1.3,1.15,1.28,225130
2012-01-05,1.28,1.29,1.2,1.25,149480
2012-01-06,1.2,1.3,1.2,1.22,56350
2012-01-07,1.2,1.38,1.2,1.23,19840
2012-01-09,1.45,1.45,1.23,1.24,97650
2012-01-10,1.25,1.33,1.25,1.31,292550
2012-01-11,1.25,1.38,1.25,1.37,165180
2012-01-12,1.39,1.39,1.33,1.36,123680
2012-01-13,1.39,1.4,1.33,1.37,192500
2012-01-16,1.31,1.39,1.31,1.35,132540
2012-01-17,1.36,1.4,1.36,1.38,203250
2012-01-18,1.38,1.38,1.31,1.32,158720
2012-01-19,1.25,1.37,1.25,1.36,114120
2012-01-20,1.38,1.39,1.33,1.35,128070
2012-01-23,1.4,1.43,1.32,1.35,271930
2012-01-24,1.35,1.37,1.33,1.35,238090
2012-01-25,1.33,1.4,1.3,1.34,350750
2012-01-27,1.39,1.44,1.35,1.37,298800
2012-01-30,1.31,1.43,1.31,1.33,291550
2012-01-31,1.38,1.39,1.32,1.34,271400
2012-02-01,1.38,1.39,1.32,1.36,202890
2012-02-02,1.32,1.39,1.32,1.36,166040
2012-02-03,1.38,1.38,1.35,1.37,208020
2012-02-06,1.34,1.39,1.34,1.37,161320
2012-02-07,1.39,1.4,1.36,1.4,166440
2012-02-08,1.38,1.48,1.38,1.39,193500
2012-02-09,1.44,1.47,1.39,1.46,243750
2012-02-10,1.42,1.47,1.42,1.45,146170
2012-02-13,1.42,1.56,1.41,1.53,192250
2012-02-14,1.53,1.7,1.53,1.63,154450
2012-02-15,1.6,1.73,1.6,1.71,292350
2012-02-16,1.71,1.76,1.63,1.71,327030
2012-02-17,1.69,1.78,1.64,1.69,113960
2012-02-21,1.67,1.75,1.63,1.73,278080
2012-02-22,1.7,1.75,1.67,1.72,413260
2012-02-23,1.68,1.79,1.65,1.69,168400
2012-02-24,1.65,1.73,1.61,1.64,166950
2012-02-27,1.75,1.75,1.57,1.65,341470
2012-02-28,1.63,1.73,1.63,1.71,113190
2012-02-29,1.69,1.75,1.65,1.71,233120
2012-03-01,1.6,1.85,1.6,1.72,112360
2012-03-02,1.85,1.85,1.65,1.78,344640
2012-03-03,1.76,1.89,1.63,1.69,21610
2012-03-05,1.67,1.75,1.67,1.68,158560
2012-03-06,1.68,1.72,1.66,1.68,208710
2012-03-07,1.65,1.69,1.6,1.68,166130
2012-03-09,1.65,1.73,1.63,1.69,266310
2012-03-12,1.7,1.76,1.68,1.71,272290
2012-03-13,1.73,1.73,1.65,1.71,197700
2012-03-14,1.77,1.77,1.65,1.71,236210
2012-03-15,1.69,1.75,1.62,1.69,212480
2012-03-16,1.74,1.74,1.61,1.7,339940
2012-03-19,1.8,1.99,1.73,1.86,887000
2012-03-20,1.98,1.99,1.88,1.93,478560
2012-03-21,1.9,1.98,1.84,1.87,220750
2012-03-22,2.01,2.01,1.82,1.85,189590
2012-03-23,1.92,1.92,1.83,1.87,241860
2012-03-26,1.95,1.95,1.73,1.79,264440
2012-03-27,1.83,1.83,1.73,1.77,236400
2012-03-28,1.78,1.87,1.67,1.72,318610
2012-03-29,1.86,1.86,1.71,1.8,536830
2012-03-30,1.83,1.89,1.79,1.87,481220
2012-04-02,1.88,1.89,1.83,1.86,126470
2012-04-03,1.95,1.95,1.83,1.85,132140
2012-04-04,1.85,1.89,1.81,1.85,116490
2012-04-09,1.82,1.86,1.81,1.82,249020
2012-04-10,1.83,1.84,1.81,1.82,224890
2012-04-11,1.85,1.85,1.81,1.83,166650
2012-04-12,1.82,1.88,1.82,1.82,248350
2012-04-13,1.82,1.85,1.82,1.83,243740
2012-04-16,1.92,1.92,1.73,1.87,241180
2012-04-17,1.89,1.89,1.81,1.85,185870
2012-04-18,1.9,1.9,1.8,1.84,119700
2012-04-19,1.89,1.89,1.77,1.81,170470
2012-04-20,1.89,1.89,1.79,1.82,125560
2012-04-23,1.86,1.86,1.81,1.83,399390
2012-04-24,1.81,1.88,1.79,1.86,341350
2012-04-25,1.8,1.85,1.77,1.82,179780
2012-04-26,1.85,1.88,1.8,1.83,453220
2012-04-27,1.82,1.85,1.79,1.81,295870
2012-04-28,1.79,1.84,1.78,1.8,20300
2012-04-30,1.8,1.84,1.79,1.82,267180
2012-05-02,1.82,1.87,1.8,1.82,131080
2012-05-03,1.88,1.88,1.73,1.81,136010
2012-05-04,1.78,1.8,1.71,1.72,171930
2012-05-07,1.71,1.8,1.71,1.72,62490
2012-05-08,1.79,1.79,1.68,1.72,162840
2012-05-09,1.72,1.75,1.6,1.63,146800
2012-05-10,1.72,1.72,1.62,1.64,165260
2012-05-11,1.6,1.63,1.51,1.54,109500
2012-05-14,1.59,1.59,1.41,1.43,112150
2012-05-15,1.49,1.49,1.42,1.47,258790
2012-05-16,1.47,1.48,1.4,1.46,308630
2012-05-17,1.46,1.49,1.41,1.43,197950
2012-05-18,1.42,1.45,1.36,1.4,134610
2012-05-21,1.39,1.46,1.35,1.44,171340
2012-05-22,1.45,1.51,1.41,1.45,211550
2012-05-23,1.41,1.48,1.41,1.48,139070
2012-05-24,1.5,1.5,1.44,1.47,155120
2012-05-25,1.5,1.56,1.43,1.51,158900
2012-05-28,1.44,1.57,1.44,1.54,130200
2012-05-29,1.6,1.66,1.55,1.62,182010
2012-05-30,1.68,1.8,1.59,1.69,166260
2012-05-31,1.68,1.8,1.65,1.69,414830
2012-06-01,1.66,1.69,1.63,1.68,160680
2012-06-04,1.75,1.75,1.67,1.7,239480
2012-06-05,1.73,1.75,1.7,1.73,169500
2012-06-06,1.89,1.89,1.62,1.69,179030
2012-06-07,1.69,1.69,1.65,1.67,157610
2012-06-08,1.65,1.69,1.62,1.66,170900
2012-06-11,1.67,1.75,1.64,1.7,193640
2012-06-12,1.68,1.7,1.64,1.68,236160
2012-06-13,1.67,1.74,1.61,1.67,40520
2012-06-14,1.64,1.73,1.6,1.67,52970
2012-06-15,1.65,1.68,1.62,1.64,16160
2012-06-18,1.63,1.65,1.61,1.63,22200
2012-06-19,1.61,1.66,1.6,1.62,21480
2012-06-20,1.6,1.66,1.59,1.61,18950
2012-06-21,1.65,1.65,1.59,1.6,8240
2012-06-22,1.66,1.66,1.57,1.63,121980
2012-06-25,1.6,1.66,1.6,1.63,91260
2012-06-26,1.75,1.75,1.61,1.65,110990
2012-06-27,1.64,1.69,1.61,1.66,55820
2012-06-28,1.68,1.68,1.62,1.63,85270
2012-06-29,1.68,1.68,1.61,1.61,53840
2012-07-02,1.6,1.67,1.53,1.63,23570
2012-07-03,1.63,1.66,1.6,1.65,77030
2012-07-04,1.66,1.68,1.63,1.67,24010
2012-07-05,1.65,1.72,1.61,1.68,246780
2012-07-06,1.67,1.71,1.63,1.7,98480
2012-07-09,1.67,1.68,1.63,1.64,39820
2012-07-10,1.64,1.68,1.64,1.66,39090
2012-07-11,1.7,1.7,1.65,1.65,14030
2012-07-12,1.68,1.68,1.61,1.65,24500
2012-07-13,1.67,1.7,1.64,1.69,69590
2012-07-16,1.67,1.73,1.65,1.7,93220
2012-07-17,1.7,1.71,1.66,1.66,25820
2012-07-18,1.66,1.7,1.66,1.68,17790
2012-07-19,1.68,1.72,1.66,1.71,76920
2012-07-20,1.69,1.72,1.69,1.72,8150
2012-07-23,1.68,1.72,1.68,1.72,82970
2012-07-24,1.61,1.73,1.61,1.71,24420
2012-07-25,1.67,1.73,1.65,1.71,24710
2012-07-26,1.7,1.7,1.65,1.7,47580
2012-07-27,1.65,1.7,1.61,1.69,35230
2012-07-30,1.65,1.7,1.62,1.7,24290
2012-07-31,1.68,1.68,1.63,1.63,3070
2012-08-01,1.7,1.76,1.64,1.66,40370
2012-08-02,1.64,1.67,1.61,1.63,67730
2012-08-03,1.66,1.68,1.64,1.64,7140
2012-08-06,1.63,1.65,1.62,1.62,46350
2012-08-07,1.66,1.68,1.63,1.65,9780
2012-08-08,1.62,1.75,1.62,1.64,70580
2012-08-09,1.64,1.65,1.62,1.63,12360
2012-08-10,1.63,1.63,1.62,1.63,7350
2012-08-13,1.61,1.64,1.58,1.59,42700
2012-08-14,1.58,1.62,1.52,1.59,51170
2012-08-16,1.57,1.59,1.53,1.53,32210
2012-08-17,1.51,1.59,1.51,1.54,33560
2012-08-21,1.51,1.57,1.26,1.43,356710
2012-08-22,1.43,1.47,1.42,1.46,17920
2012-08-23,1.49,1.65,1.49,1.53,91440
2012-08-24,1.5,1.55,1.45,1.51,18940
2012-08-27,1.49,1.57,1.45,1.53,67210
2012-08-28,1.5,1.52,1.45,1.49,47990
2012-08-29,1.48,1.52,1.43,1.52,37780
2012-08-30,1.49,1.49,1.43,1.49,12030
2012-08-31,1.57,1.57,1.42,1.44,13250
2012-09-03,1.45,1.48,1.41,1.43,12910
2012-09-04,1.42,1.54,1.42,1.51,40930
2012-09-05,1.5,1.56,1.5,1.56,5500
2012-09-06,1.53,1.54,1.47,1.52,13290
2012-09-07,1.5,1.51,1.47,1.47,11300
2012-09-10,1.44,1.55,1.43,1.52,68090
2012-09-11,1.51,1.55,1.51,1.53,15580
2012-09-12,1.5,1.58,1.46,1.56,80850
2012-09-13,1.53,1.53,1.36,1.51,29880
2012-09-14,1.49,1.55,1.46,1.5,16010
2012-09-17,1.55,1.55,1.46,1.49,58600
2012-09-18,1.55,1.56,1.5,1.53,31130
2012-09-20,1.53,1.58,1.53,1.58,1750
2012-09-21,1.52,1.58,1.47,1.54,19170
2012-09-24,1.51,1.68,1.51,1.67,148400
2012-09-25,1.65,1.74,1.57,1.67,112430
2012-09-26,1.65,1.7,1.61,1.67,13000
2012-09-27,1.75,1.75,1.63,1.67,63650
2012-09-28,1.74,1.74,1.61,1.65,47800
2012-10-01,1.64,1.66,1.63,1.65,92880
2012-10-03,1.69,1.72,1.66,1.69,27780
2012-10-04,1.72,1.73,1.66,1.69,43740
2012-10-05,1.78,1.78,1.64,1.7,43400
2012-10-08,1.7,1.75,1.68,1.69,33400
2012-10-09,1.67,1.72,1.62,1.71,22260
2012-10-10,1.67,1.74,1.62,1.74,16830
2012-10-11,1.7,1.75,1.65,1.75,90060
2012-10-12,1.7,1.71,1.67,1.71,7050
2012-10-15,1.74,1.75,1.72,1.74,32570
2012-10-16,1.71,1.74,1.71,1.73,37720
2012-10-17,1.73,1.77,1.7,1.73,33720
2012-10-18,1.78,1.78,1.73,1.76,46450
2012-10-19,1.71,1.75,1.7,1.7,13610
2012-10-22,1.7,1.71,1.7,1.71,2520
2012-10-23,1.69,1.75,1.62,1.75,14020
2012-10-25,1.73,1.73,1.7,1.71,30010
2012-10-26,1.7,1.75,1.7,1.71,20280
2012-10-29,1.69,1.75,1.67,1.72,16120
2012-10-30,1.7,1.7,1.65,1.66,53050
2012-10-31,1.65,1.69,1.62,1.66,74260
2012-11-01,1.79,1.79,1.63,1.66,66630
2012-11-02,1.7,1.72,1.65,1.67,29780
2012-11-05,1.72,1.97,1.7,1.86,973200
2012-11-06,1.82,2.08,1.77,1.94,1298580
2012-11-07,1.91,2.15,1.91,1.99,672760
2012-11-08,2.1,2.1,1.85,1.89,275900
2012-11-09,1.94,1.94,1.82,1.86,252250
2012-11-12,1.85,2.23,1.85,2.23,3591930
2012-11-13,2.39,2.46,2.15,2.2,754550
2012-11-15,2.18,2.19,1.99,2.04,364580
2012-11-16,2.04,2.12,2.01,2.04,500760
2012-11-19,2.08,2.08,1.96,1.99,240760
2012-11-20,1.98,2.0,1.93,1.94,231640
2012-11-21,1.95,1.95,1.91,1.92,123500
2012-11-22,2.04,2.15,1.9,1.92,125650
2012-11-23,1.73,1.99,1.73,1.9,43660
2012-11-26,1.9,2.04,1.88,1.92,427170
2012-11-27,1.98,2.24,1.92,2.1,1346110
2012-11-29,2.1,2.15,2.01,2.01,162660
2012-11-30,2.01,2.03,1.97,2.0,157570
2012-12-03,2.0,2.19,2.0,2.17,347200
2012-12-04,2.15,2.17,2.06,2.09,152680
2012-12-05,2.09,2.44,2.08,2.32,1118630
2012-12-06,2.01,2.44,2.01,2.32,459800
2012-12-07,2.33,2.47,2.3,2.31,531100
2012-12-10,2.35,2.44,2.31,2.42,503350
2012-12-11,2.4,2.46,2.33,2.36,293650
2012-12-12,2.39,2.39,2.33,2.36,119730
2012-12-13,2.34,2.39,2.34,2.37,197070
2012-12-14,2.36,2.53,2.32,2.5,1036550
2012-12-17,2.48,2.69,2.42,2.59,718080
2012-12-18,2.65,2.67,2.55,2.63,694230
2012-12-19,2.64,2.8,2.55,2.7,1552080
2012-12-20,2.61,3.2,2.61,3.0,2889250
2012-12-21,2.98,3.08,2.84,2.86,796760
2012-12-24,2.9,3.05,2.83,2.96,1417730
2012-12-26,3.0,3.16,2.94,3.1,1376830
2012-12-27,3.23,3.23,3.05,3.13,1315740
2012-12-28,3.12,3.34,3.06,3.23,2700420
2012-12-31,3.2,3.28,3.1,3.23,1798290
2013-01-01,3.29,3.29,3.18,3.2,669180
2013-01-02,3.17,3.55,3.15,3.5,3934100
2013-01-03,3.62,3.69,3.38,3.45,5177620
2013-01-04,3.4,3.51,3.37,3.44,1236450
2013-01-07,3.5,3.52,3.41,3.45,768450
2013-01-08,3.48,3.58,3.36,3.52,1195360
2013-01-09,3.59,3.6,3.48,3.51,1051390
2013-01-10,3.51,3.54,3.36,3.47,1009680
2013-01-11,3.57,3.57,3.31,3.32,524760
2013-01-14,3.48,3.48,3.21,3.32,1261280
2013-01-15,3.31,3.42,3.28,3.33,710370
2013-01-16,3.37,3.37,3.06,3.16,1177430
2013-01-17,3.16,3.28,3.13,3.22,1071390
2013-01-18,3.2,3.25,3.16,3.21,862970
2013-01-21,3.21,3.34,3.1,3.25,785130
2013-01-22,3.26,3.3,3.16,3.2,638450
2013-01-23,3.19,3.28,3.15,3.2,704850
2013-01-24,3.2,3.2,3.11,3.12,880880
2013-01-25,3.11,3.15,3.02,3.07,486930
2013-01-28,3.1,3.11,2.96,2.98,1054250
2013-01-29,2.97,3.02,2.78,2.81,314320
2013-01-30,2.82,3.04,2.72,2.97,585810
2013-01-31,2.97,3.15,2.95,3.08,560820
2013-02-01,3.16,3.23,3.03,3.22,550730
2013-02-04,3.21,3.45,3.21,3.4,1002540
2013-02-05,3.39,3.48,3.2,3.3,537610
2013-02-06,3.29,3.4,3.2,3.31,563870
2013-02-07,3.29,3.41,3.21,3.36,556460
2013-02-08,3.44,3.47,3.32,3.35,1180490
2013-02-11,3.35,3.4,3.23,3.24,331160
2013-02-12,3.2,3.33,3.19,3.23,448160
2013-02-13,3.21,3.29,3.19,3.22,289970
2013-02-14,3.2,3.25,3.11,3.19,1572180
2013-02-15,3.18,3.27,3.16,3.22,234350
2013-02-18,3.2,3.2,3.13,3.17,481460
2013-02-19,3.14,3.18,3.13,3.15,270640
2013-02-20,3.15,3.15,3.06,3.09,251910
2013-02-21,3.08,3.1,3.0,3.03,437510
2013-02-22,3.0,3.1,2.99,3.01,244950
2013-02-25,3.01,3.02,2.91,2.98,328980
2013-02-26,2.96,2.96,2.89,2.9,87450
2013-02-27,2.85,2.98,2.81,2.91,57460
2013-02-28,2.92,3.04,2.87,2.9,457420
2013-03-01,2.9,3.0,2.7,2.82,138280
2013-03-04,2.8,2.85,2.66,2.78,227710
2013-03-05,2.77,2.9,2.72,2.76,58230
2013-03-06,2.83,2.83,2.67,2.72,123390
2013-03-07,2.7,2.95,2.6,2.82,687360
2013-03-08,2.8,2.86,2.75,2.76,46080
2013-03-11,2.75,2.8,2.63,2.67,107570
2013-03-12,2.65,2.81,2.52,2.75,313480
2013-03-13,2.75,2.81,2.73,2.79,431480
2013-03-14,2.76,2.82,2.76,2.8,239600
2013-03-15,2.78,2.82,2.76,2.79,935060
2013-03-18,2.83,2.83,2.7,2.77,305550
2013-03-19,2.75,2.77,2.63,2.7,148430
2013-03-20,2.65,2.9,2.57,2.67,777870
2013-03-21,2.6,2.7,2.42,2.52,115360
2013-03-22,2.57,2.57,2.23,2.3,461580
2013-03-25,2.38,2.47,2.15,2.26,267640
2013-03-26,2.21,2.35,2.21,2.28,135700
2013-03-28,2.21,2.42,2.21,2.4,456190
2013-04-01,2.38,2.78,2.38,2.67,443030
2013-04-02,2.65,2.93,2.62,2.89,502790
2013-04-03,2.8,2.96,2.74,2.8,609260
2013-04-04,2.73,2.9,2.71,2.8,398040
2013-04-05,2.74,2.85,2.71,2.72,214180
2013-04-08,2.66,2.84,2.65,2.79,230410
2013-04-09,2.77,2.8,2.66,2.69,230050
2013-04-10,2.63,2.75,2.58,2.68,47280
2013-04-11,2.61,2.69,2.61,2.68,140050
2013-04-12,2.6,2.7,2.57,2.64,394030
2013-04-15,2.63,2.69,2.63,2.68,115180
2013-04-16,2.63,2.89,2.63,2.67,20130
2013-04-17,2.64,2.68,2.62,2.63,103400
2013-04-18,2.7,2.7,2.63,2.65,69940
2013-04-22,2.83,2.83,2.63,2.7,130630
2013-04-23,3.08,3.08,2.63,2.7,523580
2013-04-25,2.7,2.7,2.64,2.64,22660
2013-04-26,2.64,2.69,2.64,2.67,149390
2013-04-29,2.53,2.75,2.53,2.72,241890
2013-04-30,2.65,2.69,2.64,2.66,120470
2013-05-02,2.75,2.75,2.65,2.68,144790
2013-05-03,2.65,2.67,2.61,2.65,130030
2013-05-06,2.6,2.71,2.52,2.71,182580
2013-05-07,2.65,2.74,2.65,2.7,110910
2013-05-08,2.63,2.79,2.63,2.73,245220
2013-05-09,2.7,2.83,2.63,2.76,243050
2013-05-10,2.7,2.79,2.67,2.71,54890
2013-05-13,2.67,2.83,2.63,2.64,92400
2013-05-14,2.62,2.69,2.6,2.67,21300
2013-05-15,2.65,2.99,2.65,2.83,290160
2013-05-16,2.89,2.89,2.75,2.78,61040
2013-05-17,2.77,2.85,2.72,2.8,113130
2013-05-20,2.77,2.89,2.72,2.81,375210
2013-05-21,2.77,2.82,2.76,2.76,162100
2013-05-22,2.74,2.86,2.67,2.82,267930
2013-05-23,2.85,2.85,2.71,2.75,239020
2013-05-24,2.73,2.83,2.72,2.79,371960
2013-05-27,2.76,2.84,2.76,2.81,135670
2013-05-28,2.78,2.85,2.75,2.75,135870
2013-05-29,2.72,2.84,2.71,2.81,315830
2013-05-30,2.75,2.85,2.75,2.78,113220
2013-05-31,2.79,2.79,2.67,2.75,86470
2013-06-03,2.77,2.86,2.77,2.83,115570
2013-06-04,2.8,2.85,2.8,2.81,105170
2013-06-05,2.8,2.84,2.74,2.77,100330
2013-06-06,2.75,2.79,2.73,2.79,95510
2013-06-07,2.79,2.79,2.73,2.76,100650
2013-06-10,2.79,2.82,2.79,2.8,122620
2013-06-11,2.77,2.78,2.71,2.77,124360
2013-06-12,2.71,2.71,2.67,2.67,40820
2013-06-13,2.62,2.62,2.6,2.61,12850
2013-06-14,2.62,2.68,2.62,2.65,15740
2013-06-17,2.6,2.83,2.6,2.78,178090
2013-06-18,2.79,2.79,2.7,2.77,118950
2013-06-19,2.79,3.15,2.77,3.01,489100
2013-06-20,3.0,3.0,2.76,2.83,289720
2013-06-21,2.82,3.04,2.82,2.92,353400
2013-06-24,2.89,2.95,2.83,2.89,221500
2013-06-25,2.99,2.99,2.81,2.82,79250
2013-06-26,2.87,2.87,2.72,2.75,187570
2013-06-27,2.7,2.85,2.7,2.77,400650
2013-06-28,2.82,2.84,2.75,2.76,102660
2013-07-01,2.62,2.95,2.62,2.85,133880
2013-07-02,2.83,2.85,2.76,2.8,111400
2013-07-03,2.77,2.79,2.72,2.75,113900
2013-07-04,2.78,2.78,2.75,2.76,112090
2013-07-05,2.75,2.8,2.74,2.75,106490
2013-07-08,2.7,2.8,2.7,2.78,126990
2013-07-09,2.7,2.78,2.7,2.73,104670
2013-07-10,2.73,2.77,2.73,2.73,118300
2013-07-11,2.7,2.77,2.7,2.72,131150
2013-07-12,2.7,2.86,2.63,2.84,475560
2013-07-15,2.82,2.84,2.75,2.8,186570
2013-07-16,2.77,2.8,2.74,2.75,177200
2013-07-17,2.71,2.79,2.71,2.72,19150
2013-07-18,2.71,2.72,2.35,2.68,369430
2013-07-19,2.67,2.7,2.62,2.63,32270
2013-07-22,2.61,2.62,2.59,2.62,13280
2013-07-23,2.64,2.68,2.62,2.68,73950
2013-07-24,2.66,2.76,2.61,2.64,80990
2013-07-25,2.65,2.65,2.61,2.62,139280
2013-07-26,2.61,2.64,2.6,2.61,121820
2013-07-29,2.6,2.68,2.6,2.61,165640
2013-07-30,2.61,2.66,2.52,2.55,88590
2013-07-31,2.55,2.67,2.5,2.56,153760
2013-08-01,2.74,3.05,2.55,2.56,213830
2013-08-02,2.55,2.65,2.5,2.59,430720
2013-08-05,2.53,2.87,2.44,2.53,371890
2013-08-06,2.53,2.59,2.44,2.5,118780
2013-08-07,2.65,2.65,2.5,2.51,165320
2013-08-08,2.6,2.6,2.54,2.55,80010
2013-08-12,2.75,2.75,2.55,2.6,107030
2013-08-13,2.56,2.61,2.56,2.58,92030
2013-08-14,2.55,2.71,2.46,2.6,122600
2013-08-16,2.65,2.67,2.54,2.6,133980
2013-08-19,2.57,2.6,2.5,2.55,19130
2013-08-20,2.5,2.51,2.33,2.47,45320
2013-08-21,2.48,2.9,2.48,2.55,56790
2013-08-22,2.5,2.57,2.45,2.51,40260
2013-08-23,2.51,2.56,2.45,2.5,36530
2013-08-26,2.55,2.55,2.46,2.54,34140
2013-08-27,2.5,2.55,2.42,2.53,80900
2013-08-28,2.48,2.52,2.35,2.42,227480
2013-08-29,2.42,2.59,2.4,2.55,323600
2013-08-30,2.5,2.53,2.44,2.5,12670
2013-09-02,2.6,2.6,2.49,2.5,8740
2013-09-03,2.47,2.6,2.42,2.54,41590
2013-09-04,2.48,2.59,2.48,2.59,202380
2013-09-05,2.62,2.62,2.57,2.59,35080
2013-09-06,2.55,2.6,2.5,2.56,55940
2013-09-10,2.42,2.64,2.42,2.55,72150
2013-09-11,2.55,2.58,2.5,2.56,63790
2013-09-12,2.52,2.55,2.44,2.55,52160
2013-09-13,2.57,2.59,2.51,2.56,8120
2013-09-16,2.67,2.67,2.51,2.56,8580
2013-09-17,2.5,2.52,2.47,2.52,11050
2013-09-18,2.5,2.5,2.45,2.47,32720
2013-09-19,2.45,2.55,2.42,2.45,33160
2013-09-20,2.42,2.46,2.36,2.37,59870
2013-09-23,2.34,2.4,2.33,2.33,21020
2013-09-24,2.32,2.38,2.31,2.32,14800
2013-09-25,2.33,2.39,2.33,2.33,17460
2013-09-26,2.33,2.38,2.33,2.35,21660
2013-09-27,2.77,2.77,2.33,2.35,12900
2013-09-30,2.31,2.35,2.27,2.3,32510
2013-10-01,2.29,2.35,2.26,2.29,21310
2013-10-03,2.3,2.38,2.26,2.32,18880
2013-10-04,2.3,2.3,2.25,2.25,27290
2013-10-07,2.25,2.29,2.24,2.25,4730
2013-10-08,2.25,2.26,2.22,2.22,11960
2013-10-09,2.21,2.43,2.21,2.3,22470
2013-10-10,2.5,2.5,2.28,2.38,42260
2013-10-11,2.35,2.5,2.23,2.46,45960
2013-10-14,2.43,2.5,2.38,2.42,20850
2013-10-15,2.43,2.51,2.43,2.48,75540
2013-10-17,2.48,2.52,2.4,2.48,26690
2013-10-18,2.56,2.86,2.5,2.69,318920
2013-10-21,2.78,2.78,2.6,2.61,39460
2013-10-22,2.59,2.7,2.59,2.62,174600
2013-10-23,2.7,2.7,2.52,2.56,17310
2013-10-24,2.54,2.61,2.5,2.55,14290
2013-10-25,2.67,2.67,2.54,2.57,14390
2013-10-28,2.6,2.65,2.48,2.52,46860
2013-10-29,2.5,2.87,2.5,2.66,118780
2013-10-30,2.82,2.82,2.55,2.56,12830
2013-10-31,2.53,2.6,2.5,2.56,25570
2013-11-01,2.67,2.67,2.46,2.53,31410
2013-11-03,2.57,2.58,2.54,2.57,55260
2013-11-05,2.63,2.63,2.46,2.47,62870
2013-11-06,2.5,2.55,2.47,2.51,83890
2013-11-07,2.58,2.58,2.42,2.46,36490
2013-11-08,2.56,2.6,2.44,2.44,54080
2013-11-11,2.43,2.49,2.42,2.45,53520
2013-11-12,2.49,2.49,2.4,2.41,7240
2013-11-13,2.4,2.45,2.4,2.4,11580
2013-11-14,2.58,2.58,2.35,2.44,43640
2013-11-18,2.42,2.45,2.42,2.43,19600
2013-11-19,2.44,2.49,2.35,2.4,75220
2013-11-20,2.78,2.78,2.42,2.44,47460
2013-11-21,2.48,2.48,2.41,2.45,11410
2013-11-22,2.59,2.59,2.41,2.42,33030
2013-11-25,2.4,2.49,2.4,2.4,28430
2013-11-26,2.42,2.42,2.4,2.42,38000
2013-11-27,2.4,2.44,1.98,2.23,214200
2013-11-28,2.3,2.33,2.21,2.23,114780
2013-11-29,2.29,2.33,2.24,2.25,52760
2013-12-02,2.27,2.5,2.26,2.34,194780
2013-12-03,2.4,2.4,2.33,2.35,22240
2013-12-04,2.36,2.42,2.34,2.4,44880
2013-12-05,2.37,2.73,2.35,2.48,549800
2013-12-06,2.47,2.55,2.33,2.38,66080
2013-12-09,2.47,2.47,2.37,2.42,36120
2013-12-10,2.39,2.4,2.38,2.4,4130
2013-12-11,2.37,2.47,2.3,2.38,34240
2013-12-12,2.36,2.37,2.3,2.32,57290
2013-12-13,2.42,2.42,2.33,2.33,10770
2013-12-16,2.3,2.39,2.28,2.37,37500
2013-12-17,2.35,2.39,2.3,2.31,7350
2013-12-18,2.33,2.4,2.3,2.34,32110
2013-12-19,2.47,2.62,2.4,2.44,156520
2013-12-20,2.61,2.8,2.46,2.56,136040
2013-12-23,2.68,2.68,2.52,2.58,62240
2013-12-24,2.67,3.0,2.54,2.57,522120
2013-12-26,2.65,2.69,2.56,2.57,144120
2013-12-27,2.75,2.75,2.55,2.58,366270
2013-12-30,2.54,2.59,2.5,2.53,6750
2013-12-31,2.5,2.57,2.41,2.47,40020
2014-01-01,2.45,2.58,2.43,2.52,60100
2014-01-02,2.56,2.56,2.48,2.49,196780
2014-01-03,2.45,2.54,2.43,2.48,52150
2014-01-06,2.45,2.5,2.42,2.47,8280
2014-01-07,2.59,2.9,2.44,2.45,31050
2014-01-08,2.44,2.5,2.41,2.42,28860
2014-01-09,2.4,2.47,2.37,2.4,55200
2014-01-10,2.39,2.47,2.36,2.4,61100
2014-01-13,2.4,2.4,2.36,2.38,41600
2014-01-14,2.36,2.45,2.33,2.36,21600
2014-01-15,2.38,2.4,2.3,2.33,26640
2014-01-16,2.35,2.35,2.25,2.34,101810
2014-01-17,2.33,2.36,2.26,2.29,46930
2014-01-20,2.36,2.36,2.27,2.31,24990
2014-01-21,2.31,2.35,2.28,2.28,46840
2014-01-22,2.26,2.32,2.26,2.3,32910
2014-01-23,2.3,2.38,2.3,2.32,527470
2014-01-24,2.48,2.48,2.31,2.36,42520
2014-01-27,2.34,2.35,2.26,2.3,10030
2014-01-28,2.29,2.31,2.2,2.25,19290
2014-01-29,2.33,2.33,2.29,2.29,541450
2014-01-30,2.26,2.26,2.2,2.21,52540
2014-01-31,2.19,2.26,2.13,2.23,20950
2014-02-03,2.19,2.2,2.13,2.16,115570
2014-02-04,2.13,2.28,2.07,2.12,18670
2014-02-05,2.1,2.36,2.09,2.26,78240
2014-02-06,2.25,2.3,2.19,2.2,9160
2014-02-07,2.33,2.33,2.21,2.21,3720
2014-02-10,2.19,2.28,2.19,2.2,6030
2014-02-11,2.19,2.27,2.19,2.27,13630
2014-02-12,2.24,2.26,2.17,2.25,11920
2014-02-13,2.21,2.47,2.19,2.26,187060
2014-02-14,2.26,2.26,2.15,2.2,26270
2014-02-17,2.18,2.3,2.15,2.2,11010
2014-02-18,2.19,2.22,2.11,2.19,10520
2014-02-19,2.18,2.26,2.15,2.21,41400
2014-02-20,2.2,2.25,2.15,2.25,5740
2014-02-21,2.22,2.24,2.16,2.22,13810
2014-02-24,2.15,2.25,2.15,2.24,13440
2014-02-25,2.22,2.22,2.15,2.17,661890
2014-02-26,2.22,2.28,2.16,2.16,13100
2014-02-28,2.17,2.17,2.15,2.16,8620
2014-03-03,2.19,2.2,2.15,2.15,504530
2014-03-04,2.26,2.26,2.15,2.19,7390
2014-03-05,2.16,2.16,2.13,2.13,31010
2014-03-06,2.1,2.2,2.04,2.19,8480
2014-03-07,2.17,2.2,2.1,2.13,647330
2014-03-10,2.12,2.16,2.07,2.13,13490
2014-03-11,2.12,2.21,2.12,2.17,8240
2014-03-12,2.15,2.17,2.1,2.13,5960
2014-03-13,2.15,2.17,2.11,2.15,12400
2014-03-14,2.12,2.15,2.0,2.06,79980
2014-03-18,2.05,2.14,2.0,2.1,45280
2014-03-19,2.1,2.1,2.05,2.09,3260
2014-03-20,2.08,2.09,2.05,2.08,19540
2014-03-21,2.1,2.11,2.05,2.08,93250
2014-03-22,2.07,2.14,2.04,2.07,8610
2014-03-24,2.13,2.19,2.1,2.14,596100
2014-03-25,2.12,2.2,2.04,2.13,42490
2014-03-26,2.17,2.22,2.08,2.11,211190
2014-03-27,2.12,2.12,2.05,2.06,44680
2014-03-28,2.08,2.1,2.05,2.06,18970
2014-03-31,2.11,2.17,2.06,2.1,89280
2014-04-01,2.12,2.17,2.06,2.11,744290
2014-04-02,2.08,2.25,2.08,2.23,97470
2014-04-03,2.2,2.24,2.12,2.21,31730
2014-04-04,2.19,2.19,2.07,2.17,129120
2014-04-07,2.2,2.31,2.17,2.28,129430
2014-04-09,2.26,2.41,2.26,2.39,237660
2014-04-10,2.42,2.42,2.32,2.37,23730
2014-04-11,2.37,2.44,2.35,2.39,64760
2014-04-15,2.38,2.38,2.31,2.35,35660
2014-04-16,2.35,2.4,2.25,2.29,43780
2014-04-17,2.27,2.35,2.19,2.23,99320
2014-04-21,2.25,2.34,2.25,2.31,9290
2014-04-22,2.3,2.4,2.3,2.32,65580
2014-04-23,2.32,2.43,2.27,2.3,16020
2014-04-25,2.29,2.32,2.27,2.29,20630
2014-04-28,2.35,2.35,2.21,2.23,80110
2014-04-29,2.37,2.37,2.23,2.3,33860
2014-04-30,2.28,2.3,2.24,2.24,47310
2014-05-02,2.33,2.33,2.22,2.23,26650
2014-05-05,2.21,2.23,2.17,2.23,42810
2014-05-06,2.21,2.25,2.21,2.25,5820
2014-05-07,2.23,2.25,2.14,2.25,70550
2014-05-08,2.36,2.36,2.19,2.2,31530
2014-05-09,2.19,2.2,2.15,2.2,64060
2014-05-12,2.19,2.29,2.19,2.19,62650
2014-05-13,2.2,2.25,2.17,2.17,34110
2014-05-14,2.17,2.19,2.15,2.18,53110
2014-05-15,2.19,2.19,2.15,2.16,46520
2014-05-16,2.13,2.15,1.97,2.08,154380
2014-05-19,2.11,2.35,2.1,2.24,300920
2014-05-20,2.31,2.57,2.28,2.5,270990
2014-05-21,2.56,2.65,2.49,2.49,212900
2014-05-22,2.5,2.59,2.45,2.47,646630
2014-05-23,2.52,2.61,2.49,2.51,1304360
2014-05-26,2.63,2.63,2.42,2.44,749580
2014-05-27,2.48,2.52,2.4,2.44,202070
2014-05-28,2.47,2.58,2.47,2.5,365040
2014-05-29,2.52,2.55,2.46,2.48,63380
2014-05-30,2.43,2.56,2.37,2.48,280380
2014-06-02,2.55,2.69,2.49,2.65,672190
2014-06-03,2.66,2.77,2.6,2.68,333020
2014-06-04,2.66,2.69,2.6,2.62,114160
2014-06-05,2.59,2.9,2.57,2.75,648890
2014-06-06,2.83,2.88,2.74,2.79,491380
2014-06-09,2.79,3.04,2.79,2.93,812800
2014-06-10,2.96,3.08,2.81,2.93,284750
2014-06-11,2.91,3.16,2.87,2.89,676530
2014-06-12,2.93,3.08,2.91,2.94,362850
2014-06-13,2.9,2.95,2.76,2.8,161770
2014-06-16,2.77,2.85,2.69,2.82,159760
2014-06-17,2.79,2.82,2.75,2.82,23260
2014-06-18,2.79,2.89,2.73,2.74,118090
2014-06-19,2.8,2.8,2.73,2.73,18830
2014-06-20,2.7,2.77,2.66,2.72,43700
2014-06-23,2.7,2.7,2.63,2.66,43640
2014-06-24,2.75,2.85,2.7,2.79,218680
2014-06-25,2.78,3.09,2.72,2.96,855550
2014-06-26,3.0,3.13,2.92,3.04,904050
2014-06-27,3.1,3.34,3.08,3.27,1330110
2014-06-30,3.37,3.59,3.25,3.46,1318890
2014-07-01,3.5,3.58,3.4,3.41,466400
2014-07-02,3.55,4.09,3.42,4.09,5706040
2014-07-03,4.2,4.78,4.2,4.62,10335800
2014-07-04,4.69,5.08,4.62,5.08,7749180
2014-07-07,5.25,5.58,5.23,5.55,3547020
2014-07-08,5.65,5.95,5.17,5.41,2401040
2014-07-09,5.2,5.44,4.87,4.87,1840800
2014-07-10,4.65,5.36,4.42,5.35,4878100
2014-07-11,5.5,5.81,5.35,5.44,1335980
2014-07-14,5.58,5.68,5.06,5.41,639230
2014-07-15,5.78,5.78,5.08,5.32,780800
2014-07-16,5.49,5.85,5.12,5.75,2410480
2014-07-17,5.75,5.75,5.41,5.47,1054990
2014-07-18,5.47,5.78,5.23,5.59,1643000
2014-07-21,5.62,5.89,5.59,5.66,1205590
2014-07-22,5.68,5.8,5.6,5.68,733430
2014-07-23,5.75,5.84,5.62,5.68,523460
2014-07-24,5.7,5.73,5.55,5.63,561810
2014-07-25,5.65,5.7,5.41,5.49,622730
2014-07-28,5.41,5.5,5.16,5.36,282600
2014-07-30,5.25,5.5,5.01,5.04,362840
2014-07-31,5.0,5.16,4.82,4.85,430740
2014-08-01,4.81,5.12,4.71,4.72,372920
2014-08-04,4.75,4.93,4.71,4.87,401130
2014-08-05,4.82,5.34,4.82,5.15,405370
2014-08-06,5.23,5.47,5.13,5.22,243230
2014-08-07,5.2,5.34,5.1,5.16,267160
2014-08-08,5.11,5.19,4.8,5.01,832670
2014-08-11,5.01,5.29,4.91,5.05,200390
2014-08-12,5.05,5.23,4.98,5.18,379990
2014-08-13,5.22,5.27,4.91,5.02,150170
2014-08-14,5.02,5.09,4.84,5.03,295170
2014-08-18,5.03,5.3,4.92,5.11,1269730
2014-08-19,5.1,5.25,4.92,4.96,587960
2014-08-20,4.96,4.96,4.86,4.89,212900
2014-08-21,4.91,5.03,4.82,4.91,391550
2014-08-22,4.91,4.93,4.86,4.88,159820
2014-08-25,4.99,4.99,4.68,4.8,419410
2014-08-26,4.8,4.93,4.67,4.74,432080
2014-08-27,4.83,4.83,4.64,4.68,105800
2014-08-28,4.7,4.79,4.53,4.56,283840
2014-09-01,4.56,4.85,4.56,4.79,225120
2014-09-02,4.75,5.74,4.71,5.74,9473940
2014-09-03,5.9,6.16,5.48,5.52,4893680
2014-09-04,5.52,5.7,5.21,5.47,2268710
2014-09-05,5.42,5.7,5.35,5.42,967200
2014-09-08,5.42,5.58,5.18,5.3,552020
2014-09-09,5.29,5.35,5.11,5.15,1304170
2014-09-10,5.12,5.79,5.12,5.49,2207110
2014-09-11,5.58,5.89,5.52,5.6,996520
2014-09-12,5.6,5.8,5.4,5.44,385200
2014-09-15,5.4,5.79,5.21,5.69,1545880
2014-09-16,5.52,6.0,5.45,5.56,2167130
2014-09-17,5.51,5.74,5.51,5.67,320800
2014-09-18,5.67,5.98,5.6,5.65,660960
2014-09-19,5.7,5.7,5.53,5.58,1112500
2014-09-22,5.69,5.69,5.46,5.55,356080
2014-09-23,5.53,5.56,5.2,5.24,294580
2014-09-24,5.3,5.42,5.13,5.25,228850
2014-09-25,5.25,5.4,5.18,5.2,1292010
2014-09-26,5.2,5.3,5.15,5.23,212380
2014-09-29,5.1,5.57,5.1,5.38,118290
2014-09-30,5.38,5.5,5.21,5.23,319390
2014-10-01,5.25,5.3,5.19,5.21,1015790
2014-10-07,5.22,5.67,5.01,5.27,442890
2014-10-08,5.21,5.34,5.21,5.26,21870
2014-10-09,5.26,5.53,5.26,5.33,368630
2014-10-10,5.33,5.33,5.13,5.16,245910
2014-10-13,5.23,5.49,5.15,5.41,469650
2014-10-14,5.5,5.78,5.41,5.45,790590
2014-10-16,5.45,5.55,5.23,5.26,181050
2014-10-17,5.28,5.34,5.25,5.26,49590
2014-10-20,5.35,5.35,5.21,5.22,57460
2014-10-21,5.35,5.35,5.25,5.26,36540
2014-10-22,5.49,5.51,5.23,5.32,81790
2014-10-23,5.4,5.5,5.4,5.44,106420
2014-10-27,5.44,5.56,5.2,5.32,158510
2014-10-28,5.45,5.45,5.21,5.25,181750
2014-10-29,5.31,5.7,5.3,5.52,378690
2014-10-30,5.49,5.77,5.46,5.56,223410
2014-10-31,5.52,5.63,5.41,5.42,319550
2014-11-03,5.59,6.16,5.53,5.7,4236420
2014-11-05,5.98,6.3,5.55,5.6,878820
2014-11-07,5.7,5.78,5.34,5.54,430880
2014-11-10,5.54,5.8,5.44,5.65,213090
2014-11-11,5.8,6.02,5.65,5.8,1142480
2014-11-12,5.8,5.88,5.43,5.5,1207760
2014-11-13,5.5,5.68,5.2,5.27,397220
2014-11-14,5.47,5.58,5.3,5.36,1441650
2014-11-17,5.36,5.44,5.31,5.35,151730
2014-11-18,5.26,5.79,5.26,5.56,937170
2014-11-19,5.56,5.58,5.39,5.45,264510
2014-11-20,5.54,5.54,5.34,5.38,62250
2014-11-21,5.38,6.23,5.17,6.11,2890410
2014-11-24,6.3,6.35,5.81,5.88,3836410
2014-11-25,5.88,6.17,5.68,5.76,1142820
2014-11-26,5.8,5.98,5.57,5.77,273890
2014-11-27,5.77,5.97,5.65,5.7,219990
2014-11-28,5.7,6.04,5.64,5.76,2289950
2014-12-01,5.8,5.82,5.6,5.63,327890
2014-12-02,5.59,5.79,5.51,5.53,203480
2014-12-03,5.5,5.67,5.5,5.52,198050
2014-12-04,5.48,5.65,5.41,5.44,229810
2014-12-05,5.44,5.65,5.44,5.49,165760
2014-12-08,5.47,5.57,5.34,5.4,103990
2014-12-09,5.37,5.48,5.26,5.32,449360
2014-12-10,5.41,5.44,5.27,5.31,269260
2014-12-11,5.25,5.38,5.21,5.22,280630
2014-12-12,5.27,5.31,5.11,5.12,101090
2014-12-15,5.11,5.27,5.05,5.2,398020
2014-12-16,5.24,5.24,4.92,4.97,118350
2014-12-17,4.92,5.19,4.76,4.95,191850
2014-12-18,4.9,5.6,4.9,5.13,221530
2014-12-19,5.16,5.25,5.0,5.01,168970
2014-12-22,4.97,5.12,4.86,5.03,223850
2014-12-23,5.05,5.12,4.95,5.05,454740
2014-12-24,5.0,5.1,4.94,4.99,156710
2014-12-26,5.0,5.11,4.93,4.96,73420
2014-12-29,5.09,5.17,4.95,4.98,99590
2014-12-30,4.96,5.0,4.96,4.97,29190
2014-12-31,5.1,5.25,4.98,5.0,339660
2015-01-01,5.1,5.1,4.98,5.01,74400
2015-01-02,5.01,5.09,4.91,4.93,247110
2015-01-05,4.99,5.0,4.91,4.92,155140
2015-01-06,4.88,4.96,4.74,4.76,193260
2015-01-07,4.75,4.94,4.7,4.72,160480
2015-01-08,4.72,4.84,4.66,4.72,149530
2015-01-09,4.7,4.85,4.7,4.74,95380
2015-01-12,4.79,4.79,4.68,4.75,210700
2015-01-13,4.87,4.87,4.65,4.67,67630
2015-01-14,4.64,4.72,4.53,4.58,49810
2015-01-15,4.58,4.74,4.55,4.58,182850
2015-01-16,4.53,4.64,4.44,4.47,152430
2015-01-19,4.47,4.63,4.47,4.6,175300
2015-01-20,4.6,4.73,4.58,4.66,115720
2015-01-21,4.8,4.87,4.66,4.72,127370
2015-01-22,4.67,4.85,4.57,4.64,98720
2015-01-23,4.84,4.84,4.3,4.38,342880
2015-01-27,4.33,4.47,4.21,4.22,130040
2015-01-28,4.3,5.04,4.22,4.87,1346890
2015-01-29,4.88,4.93,4.6,4.64,197810
2015-01-30,4.61,4.84,4.42,4.68,95390
2015-02-02,4.84,4.84,4.55,4.6,35180
2015-02-03,4.65,4.69,4.47,4.56,67190
2015-02-04,4.51,4.73,4.4,4.6,260210
2015-02-05,4.56,4.7,4.27,4.37,107000
2015-02-06,4.32,4.45,4.21,4.37,109900
2015-02-09,4.31,4.55,4.2,4.5,234830
2015-02-10,4.4,4.6,4.31,4.56,121340
2015-02-11,4.65,4.76,4.51,4.66,164520
2015-02-12,4.75,4.75,4.51,4.57,20600
2015-02-13,4.52,4.68,4.32,4.41,108550
2015-02-16,4.37,4.49,4.26,4.39,17810
2015-02-18,4.37,4.54,4.35,4.36,95740
2015-02-19,4.36,4.59,4.36,4.5,125930
2015-02-20,4.61,4.62,4.46,4.53,110180
2015-02-23,4.6,4.6,4.35,4.37,33680
2015-02-24,4.56,4.56,4.26,4.36,138530
2015-02-25,4.49,4.5,4.21,4.33,88160
2015-02-26,4.42,4.42,4.24,4.27,23550
2015-02-27,4.3,4.45,4.3,4.41,229810
2015-02-28,4.35,4.49,4.22,4.28,90320
2015-03-02,4.17,4.4,4.17,4.3,126490
2015-03-03,4.31,4.37,4.26,4.26,45640
2015-03-04,4.25,4.29,3.94,3.98,311210
2015-03-05,3.98,4.3,3.81,4.04,768890
2015-03-09,4.04,4.04,3.94,3.97,115020
2015-03-10,3.96,4.07,3.95,3.97,46310
2015-03-11,4.05,4.05,3.87,3.94,151760
2015-03-12,3.91,4.13,3.91,4.07,126720
2015-03-13,4.0,4.17,3.92,4.1,227500
2015-03-16,4.05,4.08,3.84,3.91,71160
2015-03-17,3.98,4.14,3.96,4.08,354040
2015-03-18,4.17,4.39,4.1,4.18,551440
2015-03-19,4.14,4.24,4.14,4.15,27490
2015-03-20,4.2,4.2,3.88,3.92,130500
2015-03-23,3.94,4.3,3.9,4.16,297440
2015-03-24,4.11,4.5,4.1,4.41,428340
2015-03-25,4.27,4.73,4.22,4.42,579220
2015-03-26,4.37,4.47,4.29,4.38,41870
2015-03-27,4.16,4.4,4.0,4.02,208510
2015-03-30,4.29,4.29,4.05,4.14,40270
2015-03-31,4.07,4.29,4.07,4.14,99020
2015-04-01,4.12,4.37,4.12,4.3,90640
2015-04-06,4.65,4.65,4.16,4.36,169280
2015-04-07,4.31,4.54,4.31,4.47,69480
2015-04-08,4.64,4.66,4.31,4.46,178760
2015-04-09,4.4,4.59,4.34,4.51,143610
2015-04-10,4.4,4.65,4.4,4.55,231710
2015-04-13,4.65,4.85,4.62,4.78,437100
2015-04-15,4.79,4.9,4.71,4.8,101780
2015-04-16,4.85,4.87,4.63,4.72,131530
2015-04-17,4.63,4.73,4.56,4.63,127060
2015-04-20,4.51,4.67,4.51,4.61,41570
2015-04-21,4.43,4.64,4.43,4.53,194760
2015-04-22,4.97,4.97,4.41,4.49,164510
2015-04-23,4.51,4.57,4.48,4.51,79400
2015-04-24,4.51,4.51,4.2,4.25,52660
2015-04-27,4.2,4.3,4.05,4.13,57280
2015-04-28,4.1,4.29,4.08,4.14,79790
2015-04-29,4.12,4.27,4.11,4.17,162080
2015-04-30,4.23,4.42,4.16,4.22,49870
2015-05-04,4.3,4.42,4.21,4.28,69100
2015-05-05,4.32,4.4,4.22,4.3,9420
2015-05-06,4.27,4.3,4.11,4.14,10960
2015-05-07,4.11,4.31,3.93,4.19,64450
2015-05-08,4.38,4.45,4.17,4.41,246760
2015-05-11,4.35,4.5,4.22,4.37,49060
2015-05-12,4.33,4.42,4.2,4.34,16700
2015-05-13,4.34,4.34,4.12,4.25,39380
2015-05-14,4.3,4.8,4.11,4.4,21270
2015-05-15,4.4,4.85,4.32,4.78,319690
2015-05-18,4.64,5.1,4.64,4.82,364710
2015-05-19,4.82,4.99,4.72,4.89,391680
2015-05-20,4.72,5.04,4.53,4.63,223770
2015-05-21,4.86,4.86,4.45,4.55,47360
2015-05-22,4.82,5.0,4.56,4.57,959240
2015-05-25,4.51,4.65,4.43,4.54,6000
2015-05-26,4.72,4.72,4.37,4.41,13800
2015-05-27,4.37,4.58,4.15,4.22,72620
2015-05-28,4.22,4.4,4.2,4.23,39060
2015-05-29,4.18,4.26,4.18,4.2,16970
2015-06-01,4.35,4.4,4.2,4.23,16380
2015-06-02,4.21,4.35,4.0,4.06,160420
2015-06-03,4.1,4.24,3.77,3.94,130860
2015-06-04,3.94,4.18,3.94,4.0,21850
2015-06-05,4.12,4.12,3.91,3.93,7410
2015-06-08,4.0,4.08,3.7,3.82,52420
2015-06-09,3.82,3.82,3.78,3.78,3470
2015-06-10,3.85,3.98,3.85,3.91,14790
2015-06-11,3.99,4.1,3.93,3.98,49240
2015-06-12,3.94,4.02,3.75,3.87,74700
2015-06-15,4.14,4.14,3.87,4.01,50160
2015-06-16,3.96,3.98,3.86,3.95,10810
2015-06-17,3.91,4.05,3.81,4.0,8590
2015-06-18,3.96,4.09,3.95,3.97,20950
2015-06-19,4.01,4.01,3.95,3.99,154550
2015-06-22,4.01,4.03,3.91,4.01,23300
2015-06-23,4.05,4.09,3.96,4.0,15460
2015-06-24,4.18,4.18,3.96,4.05,3220
2015-06-25,4.01,4.1,3.92,3.95,11940
2015-06-26,3.93,4.0,3.91,3.95,11320
2015-06-29,3.91,4.01,3.86,3.89,17430
2015-06-30,3.88,3.97,3.88,3.9,10760
2015-07-01,4.01,4.01,3.83,3.92,22680
2015-07-02,3.89,4.0,3.89,3.99,22520
2015-07-03,4.0,4.05,3.91,3.97,93040
2015-07-06,4.05,4.12,3.94,4.07,26580
2015-07-07,4.01,4.2,4.01,4.14,55750
2015-07-08,4.21,4.64,4.21,4.47,750580
2015-07-09,4.57,4.6,4.24,4.31,177210
2015-07-10,4.37,4.37,4.22,4.31,37330
2015-07-13,4.31,4.31,4.11,4.17,56770
2015-07-14,4.2,4.45,4.13,4.26,125000
2015-07-15,4.25,4.25,4.13,4.21,27150
2015-07-16,4.22,4.95,4.2,4.54,1251090
2015-07-17,4.9,4.9,4.26,4.35,270190
2015-07-20,4.36,4.78,4.22,4.43,593950
2015-07-21,4.36,4.5,4.18,4.25,63820
2015-07-22,4.21,4.6,4.16,4.32,71980
2015-07-23,4.38,4.41,4.18,4.39,44100
2015-07-24,4.32,4.41,4.24,4.33,29210
2015-07-27,4.35,4.4,4.21,4.24,57540
2015-07-28,4.31,4.51,4.24,4.26,200320
2015-07-29,4.22,4.74,4.22,4.59,1056770
2015-07-30,4.55,4.7,4.36,4.43,366060
2015-07-31,4.39,4.6,4.33,4.38,58290
2015-08-03,4.74,4.74,4.3,4.32,152470
2015-08-04,4.43,4.43,4.18,4.3,153000
2015-08-05,4.29,4.49,4.27,4.29,202860
2015-08-06,4.29,4.48,4.18,4.39,454820
2015-08-07,4.43,4.58,4.29,4.43,676600
2015-08-10,4.4,4.87,4.3,4.47,1202350
2015-08-11,4.4,4.58,4.3,4.35,180190
2015-08-12,4.4,4.4,4.05,4.21,307970
2015-08-13,4.25,4.29,3.91,3.98,177170
2015-08-14,4.01,4.1,3.92,3.98,77440
2015-08-17,3.95,4.18,3.93,4.08,104240
2015-08-18,4.25,4.28,3.98,4.01,177310
2015-08-19,4.1,4.1,3.93,3.95,88340
2015-08-20,3.95,4.0,3.86,3.92,110770
2015-08-21,3.9,3.95,3.74,3.87,92410
2015-08-24,3.8,3.8,3.4,3.62,51270
2015-08-25,3.62,3.65,3.14,3.41,128430
2015-08-26,3.35,3.9,3.24,3.66,968800
2015-08-27,3.8,3.97,3.66,3.75,74020
2015-08-28,3.76,4.04,3.61,3.69,99110
2015-08-31,3.62,3.9,3.52,3.61,156320
2015-09-01,3.6,3.74,3.4,3.46,79850
2015-09-02,3.43,3.49,3.35,3.4,2790
2015-09-03,3.4,3.5,3.36,3.49,39230
2015-09-04,3.45,3.45,3.26,3.35,24850
2015-09-07,3.39,3.44,3.22,3.33,27030
2015-09-08,3.3,3.45,3.25,3.31,53010
2015-09-09,3.59,3.59,3.41,3.48,83850
2015-09-10,3.42,3.5,3.3,3.48,1220
2015-09-11,3.58,3.6,3.45,3.47,125080
2015-09-14,3.51,3.6,3.5,3.5,23320
2015-09-15,3.8,3.8,3.4,3.42,34040
2015-09-16,3.5,3.69,3.45,3.5,29790
2015-09-18,3.5,3.51,3.46,3.47,8210
2015-09-21,3.42,3.5,3.4,3.44,49740
2015-09-22,3.78,3.78,3.25,3.34,76300
2015-09-23,3.47,3.5,3.35,3.49,2430
2015-09-24,3.35,3.5,3.35,3.41,6480
2015-09-28,3.41,3.47,3.4,3.41,102820
2015-09-29,3.36,3.77,3.35,3.45,14540
2015-09-30,3.45,3.57,3.45,3.45,22250
2015-10-01,3.5,3.5,3.44,3.49,25040
2015-10-05,3.6,3.82,3.47,3.71,109550
2015-10-06,3.66,3.84,3.66,3.81,19980
2015-10-07,4.04,4.04,3.75,3.88,311030
2015-10-08,3.82,3.89,3.77,3.84,35550
2015-10-09,3.9,4.0,3.9,3.97,118510
2015-10-12,3.8,4.15,3.8,4.11,266900
2015-10-13,4.05,4.14,3.97,4.14,252480
2015-10-14,4.2,4.3,4.1,4.14,57830
2015-10-15,4.07,4.26,4.07,4.13,131700
2015-10-16,4.2,4.22,4.11,4.13,38250
2015-10-19,4.08,4.25,4.08,4.09,15240
2015-10-20,4.08,4.1,3.97,4.08,45030
2015-10-21,4.13,4.13,3.95,4.1,24840
2015-10-23,4.1,4.15,3.98,4.01,115250
2015-10-26,3.96,4.05,3.93,4.0,7500
2015-10-27,4.03,4.05,3.91,3.91,13020
2015-10-28,3.9,4.13,3.88,3.96,26050
2015-10-29,3.91,4.28,3.9,3.93,97980
2015-10-30,4.02,4.02,3.92,4.0,26510
2015-11-02,3.94,3.98,3.82,3.9,45070
2015-11-03,4.33,4.33,3.94,3.96,35840
2015-11-04,3.96,3.96,3.9,3.9,30160
2015-11-05,3.92,3.92,3.77,3.81,228410
2015-11-06,3.83,3.89,3.81,3.81,21120
2015-11-09,3.81,3.82,3.81,3.81,3720
2015-11-10,3.81,3.81,3.75,3.8,11020
2015-11-11,4.14,4.14,3.8,3.9,23830
2015-11-13,3.85,3.89,3.67,3.85,8570
2015-11-16,3.8,4.08,3.67,3.73,165790
2015-11-17,4.1,4.1,3.76,3.8,14240
2015-11-18,3.77,3.9,3.77,3.78,14650
2015-11-19,3.75,3.94,3.75,3.86,35840
2015-11-20,3.81,3.85,3.74,3.81,15610
2015-11-23,3.83,3.9,3.7,3.87,33050
2015-11-24,3.8,3.92,3.77,3.9,116550
2015-11-26,3.81,4.11,3.81,3.88,95440
2015-11-27,3.98,3.98,3.85,3.9,35940
2015-11-30,3.88,3.96,3.68,3.73,138850
2015-12-01,3.98,3.98,3.78,3.83,69820
2015-12-02,3.7,3.95,3.66,3.93,58670
2015-12-03,3.8,4.03,3.8,4.0,77750
2015-12-04,4.02,4.08,3.91,4.0,116520
2015-12-07,3.95,4.07,3.92,3.99,37480
2015-12-08,4.05,4.05,3.75,3.82,191030
2015-12-09,3.83,3.89,3.71,3.83,74880
2015-12-10,3.81,3.85,3.71,3.8,32650
2015-12-11,3.75,3.97,3.7,3.86,28160
2015-12-14,3.8,4.1,3.71,3.98,127340
2015-12-15,3.95,4.0,3.76,3.9,103550
2015-12-16,4.08,4.08,3.83,3.94,88100
2015-12-17,3.9,3.99,3.86,3.93,67410
2015-12-18,3.97,4.29,3.9,4.09,272030
2015-12-21,4.09,4.75,3.99,4.61,1661200
2015-12-22,4.68,4.79,4.37,4.43,392250
2015-12-23,4.43,4.59,4.32,4.39,276640
2015-12-24,4.3,4.57,4.3,4.42,109500
2015-12-28,4.51,4.55,4.41,4.5,82990
2015-12-29,4.54,4.7,4.4,4.45,238410
2015-12-30,4.54,4.54,4.31,4.37,129410
2015-12-31,4.32,4.38,4.25,4.33,40010
2016-01-01,4.3,4.45,4.25,4.39,173790
2016-01-04,4.48,4.48,3.94,4.03,686000
2016-01-05,4.03,4.35,4.01,4.22,885330
2016-01-06,4.51,4.89,4.46,4.57,2742830
2016-01-07,4.55,4.56,4.22,4.32,371200
2016-01-08,4.34,4.6,4.32,4.42,352270
2016-01-11,4.36,4.4,4.24,4.33,110890
2016-01-12,4.3,4.4,4.07,4.2,96380
2016-01-13,4.36,4.45,3.9,4.12,447600
2016-01-14,4.08,4.3,3.93,3.97,355530
2016-01-15,3.91,4.23,3.8,3.86,246330
2016-01-18,3.67,4.0,3.67,3.73,135770
2016-01-19,3.75,3.88,3.61,3.75,85940
2016-01-20,3.7,3.87,3.6,3.69,170610
2016-01-21,3.8,3.8,3.58,3.66,49690
2016-01-22,3.6,3.81,3.6,3.77,49330
2016-01-25,3.82,3.97,3.81,3.83,99490
2016-01-27,3.8,3.95,3.8,3.9,73840
2016-01-28,3.88,4.03,3.88,3.97,6430
2016-01-29,3.91,4.47,3.91,4.39,212940
2016-02-01,4.42,4.43,4.24,4.26,182560
2016-02-02,4.29,4.39,4.24,4.25,81120
2016-02-03,4.32,4.35,4.15,4.16,113190
2016-02-04,4.36,4.53,4.22,4.26,471330
2016-02-05,4.3,5.11,4.25,5.11,959700
2016-02-08,6.13,6.13,5.73,5.84,4800360
2016-02-09,5.8,5.85,5.36,5.45,1973600
2016-02-10,5.31,5.38,4.78,4.95,1421880
2016-02-11,4.93,5.32,4.17,4.37,1124810
2016-02-12,4.6,4.68,4.15,4.61,467790
2016-02-15,4.99,5.17,4.76,5.01,441110
2016-02-16,5.13,5.16,4.41,4.64,254110
2016-02-17,4.53,4.9,4.42,4.75,197640
2016-02-18,4.88,5.4,4.75,4.8,1234400
2016-02-19,4.68,5.05,4.68,5.02,93850
2016-02-22,5.0,5.15,4.81,4.92,248930
2016-02-23,5.07,5.08,4.72,4.83,81530
2016-02-24,4.82,4.82,4.6,4.66,236730
2016-02-25,4.66,4.85,4.51,4.63,104120
2016-02-26,4.82,5.0,4.5,4.57,113090
2016-02-29,4.75,4.75,4.41,4.48,97440
2016-03-01,4.65,4.68,4.51,4.63,91840
2016-03-02,4.7,4.95,4.65,4.8,317520
2016-03-03,4.9,5.07,4.8,4.86,381030
2016-03-04,5.0,5.0,4.75,4.87,125500
2016-03-08,4.88,5.08,4.7,4.78,175730
2016-03-09,4.7,4.76,4.61,4.71,168690
2016-03-10,4.71,5.1,4.71,4.83,313700
2016-03-11,4.89,4.99,4.67,4.76,158360
2016-03-14,4.83,4.83,4.72,4.74,47170
2016-03-15,4.7,4.8,4.63,4.66,28550
2016-03-16,4.66,4.85,4.62,4.75,51580
2016-03-17,4.77,4.84,4.62,4.66,249140
2016-03-18,4.76,4.76,4.53,4.6,35480
2016-03-21,4.72,4.75,4.6,4.7,66350
2016-03-22,4.7,4.72,4.59,4.71,74230
2016-03-23,4.65,4.85,4.59,4.68,53620
2016-03-28,4.76,4.76,4.47,4.5,85260
2016-03-29,4.62,4.62,4.4,4.42,62720
2016-03-30,4.52,4.6,4.4,4.55,125950
2016-03-31,4.55,4.62,4.42,4.49,63890
2016-04-01,4.6,4.6,4.44,4.59,53340
2016-04-04,4.6,4.7,4.6,4.64,87720
2016-04-05,4.61,4.64,4.45,4.51,88600
2016-04-06,4.53,4.6,4.42,4.58,62710
2016-04-11,4.7,4.85,4.7,4.8,170810
2016-04-12,4.75,5.2,4.75,5.04,437110
2016-04-13,5.05,5.63,5.05,5.55,1334240
2016-04-18,5.65,5.85,5.45,5.53,878330
2016-04-20,5.58,5.75,5.4,5.69,419690
2016-04-21,5.9,6.22,5.52,5.6,1755390
2016-04-22,5.6,5.9,5.55,5.72,375690
2016-04-25,5.75,6.1,5.65,6.01,890350
2016-04-26,5.94,6.35,5.94,6.1,1495370
2016-04-27,6.18,6.24,5.81,5.87,455560
2016-04-28,5.91,5.96,5.45,5.53,433490
2016-04-29,5.75,5.79,5.41,5.51,153110
2016-05-02,5.56,5.71,5.28,5.47,293860
2016-05-03,5.51,5.75,5.35,5.42,199980
2016-05-04,5.4,5.46,5.33,5.38,45750
2016-05-05,5.36,5.44,5.31,5.36,46250
2016-05-06,5.31,5.53,5.25,5.26,67410
2016-05-09,5.29,5.42,5.22,5.32,121060
2016-05-10,5.29,5.39,5.16,5.22,83810
2016-05-11,5.19,5.74,5.05,5.44,402310
2016-05-12,5.48,5.52,5.32,5.38,41550
2016-05-13,5.32,5.46,5.23,5.3,71810
2016-05-16,5.31,5.47,5.31,5.37,67360
2016-05-17,5.48,5.48,5.28,5.33,104670
2016-05-18,5.29,5.39,5.18,5.32,89090
2016-05-19,5.43,5.43,5.25,5.26,59580
2016-05-20,5.23,5.27,5.0,5.07,78480
2016-05-23,5.27,5.34,5.11,5.15,81920
2016-05-24,5.28,5.28,5.05,5.2,26500
2016-05-25,5.16,5.3,5.06,5.25,93080
2016-05-26,5.2,5.28,5.15,5.17,75280
2016-05-27,5.15,5.25,5.01,5.17,47490
2016-05-30,5.35,5.5,5.3,5.47,376210
2016-05-31,5.53,6.0,5.41,5.77,1176000
2016-06-01,5.91,5.91,5.52,5.54,811210
2016-06-02,5.5,5.59,5.44,5.48,140600
2016-06-03,5.45,5.51,5.27,5.31,192530
2016-06-06,5.25,5.39,5.15,5.27,58740
2016-06-07,5.2,5.35,5.04,5.31,116410
2016-06-08,5.28,5.48,5.21,5.26,116770
2016-06-09,5.27,6.2,5.21,5.79,2202750
2016-06-10,5.63,5.63,5.31,5.44,492280
2016-06-13,5.4,5.4,5.22,5.34,245190
2016-06-14,5.45,5.56,5.31,5.49,278520
2016-06-15,5.48,5.7,5.4,5.43,176550
2016-06-16,5.4,5.5,5.33,5.45,155550
2016-06-17,5.41,5.53,5.28,5.35,84800
2016-06-20,5.48,5.48,5.3,5.38,75390
2016-06-21,5.3,5.48,5.3,5.32,123860
2016-06-22,5.3,5.51,5.25,5.28,103090
2016-06-23,5.2,5.37,5.15,5.25,63600
2016-06-24,5.13,5.24,4.9,5.19,267150
2016-06-27,5.1,5.4,5.05,5.31,204880
2016-06-28,5.4,5.4,5.15,5.32,73980
2016-06-29,5.35,5.45,5.3,5.44,120370
2016-06-30,5.4,5.5,5.3,5.38,151040
2016-07-01,5.39,5.55,5.36,5.4,142230
2016-07-04,5.42,5.8,5.34,5.66,371620
2016-07-05,5.6,5.85,5.55,5.63,250100
2016-07-07,5.63,5.74,5.63,5.66,117710
2016-07-08,5.7,5.72,5.63,5.65,126790
2016-07-11,5.78,5.78,5.53,5.55,128850
2016-07-12,5.49,5.69,5.42,5.53,147970
2016-07-13,5.62,5.69,5.35,5.4,95220
2016-07-14,5.34,5.66,5.28,5.44,267040
2016-07-15,5.54,5.69,5.41,5.55,510840
2016-07-18,5.67,5.67,5.47,5.52,66470
2016-07-19,5.47,5.54,5.41,5.47,69070
2016-07-20,5.42,5.65,5.42,5.58,151640
2016-07-21,5.6,5.64,5.47,5.53,78740
2016-07-22,5.49,5.6,5.45,5.59,91410
2016-07-25,5.55,5.61,5.47,5.57,212950
2016-07-26,5.5,5.61,5.47,5.49,80260
2016-07-27,5.5,5.55,5.46,5.49,180030
2016-07-28,5.6,6.35,5.6,6.02,2464600
2016-07-29,6.18,6.18,5.78,5.82,357440
2016-08-01,5.91,6.48,5.9,6.07,962700
2016-08-02,6.11,6.19,5.78,5.83,393370
2016-08-03,5.78,6.09,5.55,5.79,296080
2016-08-04,5.84,5.84,5.55,5.67,64460
2016-08-05,5.87,6.08,5.73,5.81,391830
2016-08-08,5.9,5.93,5.76,5.85,149010
2016-08-09,5.99,6.09,5.77,5.81,175420
2016-08-10,5.75,5.8,5.6,5.64,76620
2016-08-11,5.61,5.73,5.45,5.47,169230
2016-08-12,5.58,5.66,5.46,5.53,87770
2016-08-16,5.54,5.58,5.39,5.43,70500
2016-08-17,5.4,5.58,5.4,5.48,39900
2016-08-18,5.5,5.75,5.41,5.66,88700
2016-08-19,5.6,5.82,5.55,5.75,124300
2016-08-22,5.6,5.78,5.53,5.55,194270
2016-08-23,5.68,5.71,5.52,5.56,86570
2016-08-24,5.53,5.95,5.51,5.72,372940
2016-08-25,5.65,5.82,5.56,5.6,144900
2016-08-26,5.55,5.69,5.5,5.53,35130
2016-08-29,5.5,5.75,5.5,5.57,36250
2016-08-30,5.69,5.69,5.52,5.57,99360
2016-08-31,5.55,5.64,5.48,5.51,73390
2016-09-01,5.56,5.56,5.41,5.43,70410
2016-09-02,5.4,5.5,5.35,5.38,78090
2016-09-06,5.31,5.62,5.31,5.57,149750
2016-09-07,5.57,6.4,5.53,6.1,2828640
2016-09-08,6.18,6.46,5.97,6.22,1349950
2016-09-09,6.3,6.38,5.9,6.0,349320
2016-09-12,5.9,5.9,5.44,5.6,294210
2016-09-14,5.64,5.7,5.45,5.5,488750
2016-09-15,5.51,5.75,5.49,5.59,144190
2016-09-16,5.56,6.1,5.56,5.91,335690
2016-09-19,5.85,7.01,5.85,7.01,7306150
2016-09-20,7.2,7.49,6.77,6.91,5604280
2016-09-21,6.87,7.5,6.87,6.95,2120900
2016-09-22,7.08,7.1,6.75,6.87,801790
2016-09-23,6.82,6.94,6.7,6.81,493510
2016-09-26,6.8,6.85,6.53,6.67,431810
2016-09-27,6.62,6.87,6.6,6.65,274700
2016-09-28,6.78,6.85,6.62,6.72,297050
2016-09-29,6.62,6.83,5.9,6.05,488670
2016-09-30,6.1,6.2,5.98,6.11,303390
2016-10-03,6.16,6.35,6.16,6.25,158030
2016-10-04,6.25,6.4,6.19,6.25,155290
2016-10-05,6.24,6.48,6.2,6.42,278810
2016-10-06,6.42,6.74,6.32,6.48,673150
2016-10-07,6.5,6.67,6.41,6.59,252670
2016-10-10,6.68,6.8,6.52,6.67,234500
2016-10-13,6.73,7.29,6.71,6.83,1159710
2016-10-14,6.99,7.25,6.9,7.12,675050
2016-10-17,7.19,7.5,7.06,7.15,1154410
2016-10-18,7.11,8.0,7.11,7.64,3282800
2016-10-19,7.72,8.2,7.7,7.87,1538420
2016-10-20,8.0,8.0,7.36,7.44,877420
2016-10-21,7.41,7.66,7.41,7.49,279030
2016-10-24,7.7,8.19,7.7,8.0,1074190
2016-10-25,8.1,8.1,7.83,7.93,493170
2016-10-26,7.9,8.25,7.88,7.99,755230
2016-10-27,8.1,8.1,7.8,7.86,335650
2016-10-28,7.9,8.05,7.74,7.8,230840
2016-10-30,7.95,8.25,7.91,8.17,447480
2016-11-01,8.02,9.19,7.93,8.94,1825270
2016-11-02,8.8,8.8,8.41,8.5,835210
2016-11-03,8.5,9.87,8.4,9.24,4796250
2016-11-04,9.44,9.95,8.72,9.02,3072000
2016-11-07,9.32,9.57,9.01,9.14,481100
2016-11-08,9.24,9.3,8.56,8.86,526900
2016-11-09,7.25,8.79,7.25,8.42,1027730
2016-11-10,8.8,9.11,8.6,8.79,408540
2016-11-11,8.7,8.78,8.13,8.34,446430
2016-11-15,8.22,8.22,6.68,6.69,2397680
2016-11-16,6.99,7.15,6.34,6.61,536090
2016-11-17,6.66,7.23,6.5,6.87,501060
2016-11-18,6.7,7.02,6.51,6.63,389500
2016-11-21,6.71,6.71,6.11,6.26,434550
2016-11-22,6.5,6.66,6.19,6.42,127550
2016-11-23,6.42,6.91,6.4,6.75,332570
2016-11-24,6.63,7.08,6.52,6.76,554360
2016-11-25,6.76,7.24,6.7,7.14,605220
2016-11-28,7.26,7.26,6.91,7.0,336650
2016-11-29,7.1,7.2,6.9,6.98,302090
2016-11-30,7.06,7.2,6.92,7.13,151710
2016-12-01,7.19,7.74,7.19,7.41,860770
2016-12-02,7.35,7.46,7.03,7.14,538260
2016-12-05,7.12,7.35,7.05,7.14,179900
2016-12-06,7.2,7.4,7.12,7.3,209620
2016-12-07,7.32,7.4,7.0,7.04,171380
2016-12-08,7.27,7.4,7.2,7.35,185490
2016-12-09,7.31,7.7,7.29,7.32,345260
2016-12-12,7.33,7.5,7.22,7.25,53220
2016-12-13,7.2,7.31,7.0,7.15,201960
2016-12-14,7.15,7.15,6.92,6.98,146210
2016-12-15,6.91,7.15,6.9,7.06,140020
2016-12-16,7.01,7.15,6.81,6.94,88400
2016-12-19,6.99,7.35,6.96,7.25,467930
2016-12-20,7.26,7.33,6.96,7.06,191990
2016-12-21,7.04,7.27,7.03,7.08,134000
2016-12-22,7.06,7.06,6.9,6.91,74980
2016-12-23,6.89,6.99,6.78,6.9,207230
2016-12-26,6.88,6.89,6.7,6.75,73410
2016-12-27,6.9,6.99,6.61,6.82,109470
2016-12-28,6.93,6.93,6.78,6.79,91300
2016-12-29,6.71,6.9,6.71,6.77,74440
2016-12-30,6.76,6.94,6.75,6.85,43380
2017-01-02,7.0,7.3,6.81,7.21,278040
2017-01-03,7.26,7.79,7.2,7.63,714860
2017-01-04,7.89,7.93,7.41,7.53,487740
2017-01-05,7.56,7.89,7.56,7.65,455590
2017-01-06,7.77,7.89,7.63,7.69,362540
2017-01-09,7.74,8.65,7.74,8.28,1785040
2017-01-10,8.38,8.45,8.11,8.35,668130
2017-01-11,8.31,9.1,8.24,8.69,1554360
2017-01-12,8.65,8.84,8.46,8.66,412400
2017-01-13,8.77,8.8,8.3,8.48,764050
2017-01-16,8.49,10.05,8.48,9.35,7720750
2017-01-17,9.41,9.74,8.97,9.36,2875370
2017-01-18,9.43,9.57,9.24,9.43,824050
2017-01-19,9.39,10.4,9.39,9.93,5428920
2017-01-20,9.95,10.17,9.45,9.54,1194740
2017-01-23,9.54,10.42,9.49,10.28,2286620
2017-01-24,10.34,10.36,10.02,10.16,483050
2017-01-25,10.23,10.25,9.84,9.88,841590
2017-01-27,10.0,10.1,9.57,9.61,700560
2017-01-30,9.55,9.7,9.4,9.43,599400
2017-01-31,9.49,9.82,8.81,9.35,1248070
2017-02-01,9.4,9.55,9.05,9.44,398460
2017-02-02,9.38,9.65,9.38,9.47,276830
2017-02-03,9.56,9.87,9.45,9.69,743030
2017-02-06,9.69,9.87,9.46,9.54,474640
2017-02-07,9.68,9.75,9.49,9.56,256890
2017-02-08,9.59,9.87,9.59,9.81,381900
2017-02-09,9.81,9.95,9.71,9.74,305550
2017-02-10,9.82,9.89,9.51,9.8,244310
2017-02-13,9.7,9.74,9.36,9.38,230900
2017-02-14,9.41,9.47,9.15,9.22,188350
2017-02-15,9.16,9.3,8.63,8.76,416300
2017-02-16,8.99,8.99,8.7,8.83,313360
2017-02-17,8.88,8.95,8.71,8.82,153930
2017-02-20,8.9,9.48,8.71,9.19,458060
2017-02-21,9.48,9.48,8.95,9.01,164540
2017-02-22,9.09,9.44,9.06,9.14,287790
2017-02-23,9.29,9.29,9.0,9.04,150390
2017-02-27,9.24,9.24,9.01,9.04,183810
2017-02-28,9.08,9.16,8.95,9.0,157480
2017-03-01,9.01,9.15,8.81,9.03,356110
2017-03-02,9.15,9.15,8.71,8.76,225930
2017-03-03,8.84,8.84,8.62,8.66,77650
2017-03-06,8.65,9.0,8.65,8.72,146210
2017-03-07,8.77,8.8,8.65,8.71,262910
2017-03-08,8.6,8.95,8.6,8.62,151320
2017-03-09,8.74,8.8,8.6,8.66,105040
2017-03-10,8.65,8.71,8.4,8.47,144440
2017-03-14,8.52,8.79,8.5,8.6,333900
2017-03-15,8.53,8.87,8.41,8.82,618540
2017-03-16,8.9,9.1,8.81,9.02,443450
2017-03-17,9.06,9.5,8.93,8.97,797670
2017-03-20,9.2,9.29,8.9,8.93,161870
2017-03-21,8.91,9.0,8.73,8.81,242730
2017-03-22,8.83,8.95,8.7,8.78,232800
2017-03-23,8.76,8.9,8.64,8.74,132580
2017-03-24,8.71,9.3,8.71,8.88,1011730
2017-03-27,8.88,8.89,8.71,8.84,130940
2017-03-28,8.9,9.1,8.82,8.99,421090
2017-03-29,8.95,9.07,8.83,8.88,321430
2017-03-30,9.11,9.11,8.83,8.88,226580
2017-03-31,8.88,9.09,8.63,8.87,194950
2017-04-03,8.81,9.37,8.81,9.3,512410
2017-04-05,9.35,9.9,9.24,9.62,919520
2017-04-06,9.85,9.85,9.4,9.51,197470
2017-04-07,9.49,9.6,9.26,9.32,299730
2017-04-10,9.5,10.13,9.35,9.84,988270
2017-04-11,10.05,10.3,9.71,9.81,870650
2017-04-12,9.81,9.99,9.27,9.46,367250
2017-04-13,9.55,9.74,9.31,9.37,261530
2017-04-17,9.5,9.75,9.37,9.53,328160
2017-04-18,9.87,9.9,9.33,9.51,592350
2017-04-19,9.51,9.7,9.45,9.63,273570
2017-04-20,9.8,9.85,9.56,9.61,419940
2017-04-21,9.8,9.8,9.6,9.61,162690
2017-04-24,9.6,10.15,9.57,9.73,466830
2017-04-25,9.75,9.85,9.47,9.53,270860
2017-04-26,9.66,9.7,9.31,9.4,303580
2017-04-27,9.42,9.54,9.23,9.34,191400
2017-04-28,9.3,9.49,9.25,9.28,413940
2017-05-02,9.4,9.6,9.28,9.49,170280
2017-05-03,9.53,9.85,9.32,9.68,629190
2017-05-04,9.97,11.18,9.97,10.61,7555680
2017-05-05,10.6,10.85,9.95,10.01,1609110
2017-05-08,10.1,11.31,9.98,10.78,2973330
2017-05-09,10.95,11.09,10.61,10.76,558680
2017-05-10,10.76,11.45,10.76,11.01,1663580
2017-05-11,11.1,11.2,10.75,10.85,564020
2017-05-12,10.8,10.8,10.45,10.56,393060
2017-05-15,10.64,10.86,10.54,10.65,333390
2017-05-16,10.76,11.34,10.61,10.9,1049200
2017-05-17,10.99,10.99,10.58,10.79,577310
2017-05-18,10.7,10.8,10.53,10.67,565150
2017-05-19,10.8,10.96,10.5,10.53,605080
2017-05-22,10.61,10.88,10.51,10.52,278430
2017-05-23,10.58,10.78,10.13,10.24,1025200
2017-05-24,10.41,10.8,10.22,10.36,1330070
2017-05-25,10.46,10.7,10.41,10.64,259360
2017-05-26,10.6,10.99,10.59,10.85,545150
2017-05-29,10.97,11.74,10.95,11.3,2298160
2017-05-30,11.37,11.39,10.84,10.93,463810
2017-05-31,11.5,11.99,11.27,11.59,2324870
2017-06-01,11.66,11.71,11.34,11.65,752390
2017-06-02,11.79,11.8,11.41,11.53,710490
2017-06-05,11.67,11.83,11.25,11.56,618130
2017-06-06,11.68,11.71,11.33,11.36,225340
2017-06-07,11.5,11.56,11.3,11.33,94530
2017-06-08,11.43,11.57,11.24,11.35,348180
2017-06-09,11.21,11.55,11.21,11.3,235590
2017-06-12,11.35,11.8,11.31,11.36,368940
2017-06-13,11.43,11.49,11.29,11.42,319840
2017-06-14,11.55,11.7,11.31,11.36,679610
2017-06-15,11.44,11.48,11.29,11.39,270210
2017-06-16,11.43,11.47,11.06,11.28,233270
2017-06-19,11.37,12.08,11.36,11.86,2502250
2017-06-20,11.9,12.0,11.71,11.83,600730
2017-06-21,11.7,12.27,11.7,11.99,1443610
2017-06-22,12.15,12.15,11.57,11.59,454890
2017-06-23,11.7,11.75,11.35,11.64,495290
2017-06-27,11.81,11.81,11.36,11.61,303670
2017-06-28,11.56,11.63,11.28,11.46,390750
2017-06-29,11.4,11.75,11.4,11.58,187770
2017-06-30,11.51,11.85,11.43,11.72,181920
2017-07-03,11.71,12.14,11.48,12.07,501230
2017-07-04,12.07,12.3,11.87,12.11,527450
2017-07-05,12.07,13.49,12.07,13.07,6471480
2017-07-06,13.03,13.55,12.55,13.05,2369380
2017-07-07,13.09,13.8,12.81,13.23,2055090
2017-07-10,13.39,13.6,12.43,13.42,351390
2017-07-11,13.55,13.62,13.1,13.16,594330
2017-07-12,13.26,13.47,12.77,13.07,449020
2017-07-13,13.42,13.42,12.8,12.97,381580
2017-07-14,13.01,13.05,12.61,12.86,339500
2017-07-17,12.86,13.38,12.62,13.16,562200
2017-07-18,13.1,13.28,12.9,13.01,365300
2017-07-19,13.1,13.15,12.9,13.05,220110
2017-07-20,13.05,13.15,12.88,12.91,186800
2017-07-21,12.91,13.88,12.8,13.29,2442170
2017-07-24,13.39,13.64,12.8,13.18,650730
2017-07-25,13.13,13.32,12.85,12.93,163940
2017-07-26,13.1,13.29,12.92,13.08,203470
2017-07-27,13.06,13.2,12.91,12.97,299270
2017-07-28,12.93,13.09,12.81,12.96,238980
2017-07-31,13.19,13.95,12.9,13.25,2345450
2017-08-01,13.3,13.38,13.11,13.23,180040
2017-08-02,13.29,13.3,12.95,13.11,172130
2017-08-03,13.03,13.5,12.92,13.03,308610
2017-08-04,13.02,13.17,12.83,13.06,218130
2017-08-07,13.06,13.23,13.0,13.13,157940
2017-08-08,13.13,13.32,12.8,12.89,254240
2017-08-09,12.95,12.95,12.43,12.56,262390
2017-08-10,12.43,12.5,11.7,11.94,277610
2017-08-11,11.38,12.25,11.1,11.48,382520
2017-08-14,12.2,12.65,11.8,12.23,117350
2017-08-16,12.5,12.59,12.01,12.46,126430
2017-08-17,12.46,12.84,12.41,12.56,213760
2017-08-18,12.55,12.7,12.32,12.46,104400
2017-08-21,12.41,12.74,12.1,12.36,135990
2017-08-22,12.6,12.75,12.32,12.45,103710
2017-08-23,12.88,12.89,12.32,12.7,187150
2017-08-24,12.8,12.9,12.46,12.59,190600
2017-08-28,12.85,12.9,12.35,12.51,120090
2017-08-29,12.8,12.85,12.3,12.33,74800
2017-08-30,12.29,12.6,12.29,12.42,73550
2017-08-31,12.78,12.78,12.36,12.62,76900
2017-09-01,12.68,12.75,12.4,12.72,204750
2017-09-04,12.87,12.87,12.45,12.48,194920
2017-09-05,12.69,13.5,12.53,13.12,894110
2017-09-06,13.25,13.7,13.02,13.17,1329030
2017-09-07,13.14,13.3,13.05,13.09,255260
2017-09-08,13.02,13.33,13.0,13.2,159160
2017-09-11,13.2,13.45,13.01,13.08,172730
2017-09-12,13.15,13.31,13.05,13.18,188420
2017-09-13,13.2,13.4,13.02,13.09,207930
2017-09-14,13.3,13.4,13.08,13.13,167820
2017-09-15,13.4,15.25,13.33,14.42,6440220
2017-09-18,14.51,14.87,14.21,14.31,1416910
2017-09-19,14.46,14.5,13.85,13.98,665500
2017-09-20,14.09,14.4,13.95,14.03,435560
2017-09-21,14.09,14.19,13.6,13.82,452390
2017-09-22,13.75,13.75,13.01,13.17,529540
2017-09-25,13.39,13.49,12.61,12.73,322830
2017-09-26,12.67,13.4,12.53,13.27,266340
2017-09-27,13.5,13.5,12.61,12.75,523280
2017-09-28,12.73,13.1,12.34,12.91,838040
2017-09-29,13.1,13.21,12.9,13.0,565950
2017-10-03,13.14,13.51,13.01,13.07,241190
2017-10-04,13.4,13.5,13.04,13.42,318600
2017-10-05,13.71,14.43,13.62,14.18,2217580
2017-10-06,14.05,14.6,14.05,14.29,787200
2017-10-09,14.44,14.5,13.96,14.13,400270
2017-10-10,14.06,14.3,14.0,14.1,302700
2017-10-11,14.4,14.95,14.11,14.24,1253240
2017-10-12,14.4,14.9,14.21,14.38,1102730
2017-10-13,14.54,14.8,14.25,14.28,512210
2017-10-16,14.48,14.6,14.17,14.25,382680
2017-10-17,14.35,14.74,13.96,14.37,352050
2017-10-18,14.58,16.8,14.42,16.27,8187130
2017-10-19,16.3,16.6,16.2,16.38,593980
2017-10-23,16.6,17.28,16.11,16.25,1693610
2017-10-24,16.4,17.47,16.25,16.75,2077270
2017-10-25,16.99,17.17,16.23,16.36,585370
2017-10-26,16.4,17.0,15.71,16.6,887300
2017-10-27,16.6,17.24,16.17,16.33,796710
2017-10-30,16.5,16.95,16.3,16.36,409990
2017-10-31,16.52,17.39,16.33,17.29,1230800
2017-11-01,17.5,17.99,16.9,17.28,1381260
2017-11-02,17.45,18.66,17.0,18.45,2967200
2017-11-03,18.61,19.9,18.4,18.98,2460660
2017-11-06,18.88,19.6,18.7,19.14,1093060
2017-11-07,19.37,19.43,18.11,18.42,837130
2017-11-08,18.39,18.57,17.5,17.67,404900
2017-11-09,18.08,21.2,17.75,21.2,4854900
2017-11-10,21.51,23.6,20.66,21.1,11762870
2017-11-13,21.34,21.87,20.7,20.86,1745410
2017-11-14,20.7,20.7,19.82,19.95,368660
2017-11-15,19.01,20.1,18.95,19.58,333280
2017-11-16,20.0,20.43,19.0,19.64,197740
2017-11-17,19.0,20.0,19.0,19.48,196350
2017-11-20,20.0,20.0,19.0,19.76,186710
2017-11-21,18.77,20.74,18.77,20.74,2895170
2017-11-22,21.18,21.2,20.05,20.64,546250
2017-11-23,20.64,20.95,20.2,20.53,101670
2017-11-24,20.56,21.2,20.56,20.66,144220
2017-11-27,20.4,20.94,20.2,20.52,103840
2017-11-28,20.56,21.54,20.31,21.28,287630
2017-11-29,21.5,22.34,20.81,22.04,454630
2017-11-30,22.9,23.14,21.8,23.04,703990
2017-12-01,23.9,23.9,21.89,21.95,354000
2017-12-04,22.2,22.2,21.2,21.48,132090
2017-12-05,21.79,21.79,20.41,20.87,162280
2017-12-06,20.6,21.39,20.3,20.51,208180
2017-12-07,21.2,21.2,20.04,21.06,100690
2017-12-08,21.0,21.3,20.5,20.95,79630
2017-12-11,20.9,21.8,20.72,21.48,241470
2017-12-12,21.2,21.7,21.05,21.21,119140
2017-12-13,21.0,21.47,20.5,20.6,94240
2017-12-14,21.3,21.3,20.5,20.68,70070
2017-12-15,20.31,21.3,20.31,20.76,67100
2017-12-18,20.4,21.2,20.1,21.0,92750
2017-12-19,20.63,21.45,20.63,21.24,88770
2017-12-20,21.01,21.3,20.8,20.95,1119480
2017-12-21,20.93,22.0,20.9,22.0,785190
2017-12-22,22.7,23.09,22.1,22.41,279460
2017-12-26,21.6,22.9,21.6,22.11,124850
2017-12-27,22.5,22.5,21.6,21.69,101730
2017-12-28,22.35,22.35,20.61,21.48,128390
2017-12-29,20.71,21.85,20.71,21.08,112850
2018-01-01,22.13,22.13,21.0,21.37,155890
2018-01-02,21.37,21.6,20.51,21.3,92400
2018-01-03,21.05,21.5,20.8,21.05,76720
2018-01-04,21.05,21.66,20.8,21.46,113410
2018-01-05,20.71,22.44,20.71,22.1,451420
2018-01-08,22.1,23.2,21.61,23.2,2329340
2018-01-09,23.3,24.35,23.05,23.9,656820
2018-01-10,24.23,25.09,23.23,24.99,2712510
2018-01-11,25.9,26.24,25.9,26.24,1403660
2018-01-12,27.55,27.55,27.55,27.55,197300
2018-01-15,28.92,28.92,26.17,27.35,1646950
2018-01-16,27.35,27.69,25.98,26.09,368310
2018-01-17,24.95,25.9,24.79,25.69,288350
2018-01-18,25.76,26.5,24.41,24.43,277810
2018-01-19,23.26,25.0,23.26,24.76,155710
2018-01-22,24.13,25.98,24.13,25.11,173410
2018-01-23,26.2,26.2,24.3,25.23,112010
2018-01-24,24.8,25.2,24.3,24.51,159840
2018-01-25,24.5,25.4,24.0,24.17,95760
2018-01-29,24.99,24.99,24.0,24.01,145500
2018-01-30,24.78,24.78,23.44,24.15,249400
2018-01-31,24.8,24.8,23.51,23.98,238750
2018-02-01,23.6,24.55,23.5,23.99,108690
2018-02-02,24.5,24.5,22.79,22.79,263510
2018-02-05,21.66,22.95,21.66,22.46,112000
2018-02-06,21.34,22.8,21.34,22.35,311400
2018-02-07,23.3,23.47,21.51,23.3,268940
2018-02-08,23.5,24.45,22.65,24.18,245740
2018-02-09,23.21,24.85,23.21,24.52,126100
2018-02-12,24.52,25.53,24.1,25.43,286840
2018-02-14,26.4,26.7,25.61,26.22,728300
2018-02-15,26.2,26.5,25.01,25.55,138840
2018-02-16,25.55,26.1,24.33,24.64,207850
2018-02-19,24.99,24.99,23.53,24.35,168250
2018-02-20,23.88,24.89,23.87,24.44,52360
2018-02-21,24.8,25.4,23.7,24.21,106950
2018-02-22,24.75,25.09,23.7,24.21,101520
2018-02-23,24.99,25.42,24.1,25.42,290520
2018-02-26,26.69,26.69,26.3,26.69,418620
2018-02-27,27.2,28.02,27.2,27.95,1208700
2018-02-28,27.7,28.09,27.01,27.25,197710
2018-03-01,27.25,27.57,26.95,27.11,126150
2018-03-05,27.0,27.0,26.0,26.21,172360
2018-03-06,26.39,26.65,24.9,25.34,184150
2018-03-07,25.3,25.3,24.08,24.59,306820
2018-03-08,24.81,25.82,24.01,25.8,356550
2018-03-09,25.8,26.4,25.33,25.88,247150
2018-03-12,27.16,27.16,25.5,26.42,621800
2018-03-13,26.6,27.72,25.83,27.26,940350
2018-03-14,27.2,27.7,26.73,27.43,213980
2018-03-15,27.5,27.8,27.0,27.24,169690
2018-03-16,27.26,27.39,26.72,26.85,163440
2018-03-19,26.91,26.92,25.8,26.1,132330
2018-03-20,25.2,26.7,25.01,25.92,203680
2018-03-21,26.0,26.0,25.46,25.68,124500
2018-03-22,25.32,26.5,25.0,25.51,162440
2018-03-23,25.07,25.07,24.3,24.61,282610
2018-03-26,25.4,25.4,23.72,24.06,457850
2018-03-27,24.2,25.0,24.12,24.85,355300
2018-03-28,24.22,24.75,24.21,24.32,79910
2018-04-02,25.2,25.5,24.3,25.21,320120
2018-04-03,26.29,26.47,25.16,26.2,603180
2018-04-04,26.4,26.4,25.02,25.49,223290
2018-04-05,26.1,26.76,25.47,26.19,694520
2018-04-06,25.4,26.5,25.4,26.05,430630
2018-04-09,26.05,26.15,23.45,25.84,121000
2018-04-10,25.9,26.18,25.5,25.58,156530
2018-04-11,25.8,25.86,24.21,25.17,439910
2018-04-12,25.1,25.65,24.6,25.48,255430
2018-04-13,25.49,25.55,25.0,25.12,88500
2018-04-16,25.12,25.77,24.68,25.16,80910
2018-04-17,25.0,25.3,24.61,24.75,62640
2018-04-18,24.96,25.3,24.8,24.87,116600
2018-04-19,25.2,25.7,24.7,25.01,577950
2018-04-20,25.0,25.0,24.5,24.6,63940
2018-04-23,24.7,25.45,24.43,25.23,97000
2018-04-24,24.91,25.4,24.5,24.68,111040
2018-04-25,24.19,24.69,24.19,24.46,171840
2018-04-26,24.2,24.45,23.61,23.85,84900
2018-04-27,24.0,24.7,23.81,24.14,194190
2018-04-30,24.16,24.63,24.13,24.41,56750
2018-05-02,24.5,24.5,23.5,23.81,85650
2018-05-03,24.0,24.5,23.5,24.33,75410
2018-05-04,23.61,24.79,23.6,23.95,36150
2018-05-07,23.65,24.29,23.4,23.57,76620
2018-05-08,24.1,25.5,23.2,24.83,218670
2018-05-09,25.3,25.87,24.2,24.68,172010
2018-05-10,24.48,24.88,23.62,24.33,68420
2018-05-11,24.3,24.5,23.7,24.06,172410
2018-05-14,24.0,26.4,23.71,25.37,627020
2018-05-15,25.3,25.9,24.3,24.97,149670
2018-05-16,25.0,25.0,24.42,24.56,46860
2018-05-17,24.8,24.97,24.29,24.45,40020
2018-05-18,24.95,24.95,23.7,23.72,60890
2018-05-21,23.8,23.99,23.0,23.3,179480
2018-05-22,23.3,23.4,22.7,23.16,231970
2018-05-23,23.2,23.9,22.81,23.47,159970
2018-05-24,23.99,23.99,22.85,23.21,59550
2018-05-25,22.45,23.6,22.45,22.95,121240
2018-05-28,23.15,25.0,23.08,24.64,341000
2018-05-29,25.5,25.5,23.75,24.22,314610
2018-05-30,23.8,24.45,23.5,23.66,85970
2018-05-31,24.0,24.0,23.4,23.74,192840
2018-06-01,23.21,23.75,22.8,23.43,84160
2018-06-04,24.0,24.0,21.3,21.53,486650
2018-06-05,21.4,22.2,19.57,20.37,250400
2018-06-06,20.5,20.97,19.48,20.56,214650
2018-06-07,22.0,22.0,20.61,21.63,105210
2018-06-08,21.99,22.2,21.21,21.98,60130
2018-06-11,22.0,23.6,21.82,22.09,133680
2018-06-12,22.74,22.9,21.56,22.77,59530
2018-06-13,22.99,23.4,22.42,22.94,92750
2018-06-14,22.9,23.0,22.01,22.14,45080
2018-06-15,22.01,26.56,22.01,23.78,1621810
2018-06-18,23.3,24.4,22.81,23.75,310020
2018-06-19,23.75,24.39,22.81,23.06,156660
2018-06-20,23.3,23.5,22.67,22.93,169180
2018-06-21,23.2,23.2,22.24,22.52,76740
2018-06-22,23.0,23.07,22.25,22.72,75300
2018-06-25,23.0,23.0,21.85,22.27,62100
2018-06-26,21.81,22.47,21.81,22.12,67770
2018-06-27,21.9,22.05,20.6,21.14,205700
2018-06-28,21.1,21.99,20.9,21.26,82850
2018-06-29,21.26,21.69,21.11,21.25,91480
2018-07-02,21.01,21.2,19.9,20.64,70860
2018-07-03,20.7,21.5,20.0,20.69,85090
2018-07-04,20.94,21.4,20.6,21.18,55910
2018-07-05,20.86,21.65,20.86,21.09,37380
2018-07-06,21.0,21.29,20.67,20.91,34350
2018-07-09,21.47,21.47,20.82,21.05,54700
2018-07-10,21.4,21.6,21.03,21.47,114040
2018-07-11,21.04,22.1,21.04,22.05,181940
2018-07-12,22.0,22.09,21.65,21.75,70700
2018-07-13,21.5,21.9,21.22,21.3,22910
2018-07-16,21.1,21.2,19.9,20.27,76150
2018-07-17,20.31,21.05,20.31,20.57,48350
2018-07-18,20.77,21.41,20.2,20.48,106340
2018-07-19,20.5,20.95,20.16,20.19,26090
2018-07-20,20.4,20.4,19.04,20.08,231170
2018-07-23,20.11,20.85,19.91,20.35,121690
2018-07-24,20.11,21.05,20.11,20.99,83120
2018-07-25,21.05,21.05,20.52,20.8,27220
2018-07-26,20.63,20.94,20.2,20.42,40970
2018-07-27,20.42,21.6,20.04,21.26,52660
2018-07-30,21.38,23.3,21.1,22.47,1248890
2018-07-31,22.59,23.2,22.2,22.92,997070
2018-08-01,23.0,23.1,21.85,22.17,538510
2018-08-02,22.24,23.6,21.99,22.43,1784220
2018-08-03,22.57,23.3,22.57,22.81,302790
2018-08-06,23.2,23.5,22.92,23.16,221860
2018-08-07,23.34,23.34,22.5,22.58,81760
2018-08-08,22.42,23.04,22.42,22.66,91560
2018-08-09,23.37,23.37,22.53,22.73,96360
2018-08-10,22.9,22.9,22.12,22.28,73530
2018-08-13,22.3,22.7,21.91,22.37,78390
2018-08-14,22.8,22.99,22.05,22.54,81750
2018-08-16,22.22,22.8,21.94,22.59,85740
2018-08-17,22.9,22.9,22.22,22.56,62860
2018-08-20,22.46,22.8,22.46,22.62,55630
2018-08-21,22.3,22.7,21.94,22.3,146650
2018-08-23,22.3,22.7,22.11,22.17,30700
2018-08-24,22.04,22.5,21.7,21.91,61000
2018-08-27,22.5,22.5,21.61,21.72,58510
2018-08-28,21.8,22.3,21.5,21.96,110170
2018-08-29,21.8,22.28,21.65,21.79,44420
2018-08-30,21.71,22.0,21.49,21.62,73830
2018-08-31,21.8,21.85,21.5,21.65,32950
2018-09-03,21.5,21.7,21.4,21.44,50860
2018-09-04,21.41,21.69,20.94,21.05,88950
2018-09-05,21.2,21.39,20.4,20.96,70210
2018-09-06,20.9,21.5,20.4,21.0,108240
2018-09-07,21.0,21.99,21.0,21.9,196200
2018-09-10,21.46,22.9,21.4,21.94,78140
2018-09-11,21.9,22.2,21.3,21.42,86730
2018-09-12,21.43,22.1,21.04,21.54,81880
2018-09-14,21.7,21.95,21.31,21.52,46920
2018-09-17,21.87,21.87,21.12,21.36,103360
2018-09-18,21.46,21.6,21.11,21.22,42200
2018-09-19,21.04,21.8,20.9,21.01,27000
2018-09-21,21.01,21.79,19.0,20.73,162380
2018-09-24,20.2,20.78,19.5,20.11,186150
2018-09-25,19.74,20.2,19.64,19.99,108210
2018-09-26,20.3,20.3,19.75,19.91,99530
2018-09-27,20.18,20.28,19.53,19.66,55040
2018-09-28,19.7,19.75,18.18,18.35,96510
2018-10-01,18.5,18.7,17.5,18.35,200890
2018-10-03,18.39,18.64,18.02,18.27,46780
2018-10-04,18.22,18.49,16.81,18.26,125280
2018-10-05,17.8,18.2,17.5,17.67,70250
2018-10-08,17.9,17.9,16.22,17.04,171770
2018-10-09,17.0,17.6,16.7,16.88,35340
2018-10-10,17.4,17.7,16.9,17.17,81870
2018-10-11,17.1,17.14,16.4,16.66,98000
2018-10-12,17.11,17.4,17.11,17.3,57880
2018-10-15,18.51,18.51,16.95,17.45,39800
2018-10-16,18.47,18.47,17.2,17.81,49300
2018-10-17,18.08,18.49,17.0,17.25,87610
2018-10-19,16.91,18.0,16.75,17.2,48420
2018-10-22,17.31,17.61,16.88,17.02,25500
2018-10-23,17.0,17.26,16.63,16.79,27630
2018-10-24,17.3,17.3,16.69,16.72,34670
2018-10-25,17.3,17.3,16.23,16.55,25340
2018-10-26,17.5,17.58,15.63,16.33,72310
2018-10-29,16.75,16.75,16.26,16.47,25120
2018-10-30,16.8,17.3,16.51,16.88,16230
2018-10-31,17.29,17.5,16.52,17.15,46400
2018-11-01,17.25,17.97,17.07,17.24,37910
2018-11-02,17.2,18.7,17.16,17.48,42540
2018-11-05,17.96,17.96,17.1,17.38,66520
2018-11-06,17.69,19.29,17.43,17.98,58920
2018-11-07,18.0,18.7,18.0,18.2,30750
2018-11-09,17.93,18.6,17.7,17.86,36030
2018-11-12,18.01,18.36,17.6,17.82,30670
2018-11-13,18.18,19.1,17.34,18.76,1136750
2018-11-14,19.2,19.4,18.7,18.75,269200
2018-11-15,18.67,19.0,18.52,18.61,72970
2018-11-16,18.77,18.88,18.4,18.49,138450
2018-11-19,18.4,18.67,17.72,17.94,139930
2018-11-20,18.27,18.27,17.64,17.78,16590
2018-11-21,17.7,17.83,17.27,17.57,33870
2018-11-22,17.8,17.8,17.15,17.24,22750
2018-11-26,17.16,17.43,16.8,16.83,46740
2018-11-27,16.85,17.18,16.63,16.79,30100
2018-11-28,16.86,17.0,16.47,16.6,40730
2018-11-29,16.99,17.0,16.6,16.79,22160
2018-11-30,17.81,17.81,16.82,17.01,68010
2018-12-03,17.2,17.72,17.14,17.45,198650
2018-12-04,17.82,17.82,17.25,17.34,19730
2018-12-05,17.26,17.26,16.62,16.93,28090
2018-12-06,17.0,17.0,16.35,16.48,34610
2018-12-07,16.48,17.0,16.28,16.59,119990
2018-12-10,16.51,16.75,15.66,16.36,48340
2018-12-11,16.99,16.99,16.23,16.33,46680
2018-12-12,16.51,16.7,16.45,16.57,10520
2018-12-13,16.2,17.08,16.2,16.86,177170
2018-12-14,17.2,17.48,16.91,17.18,225810
2018-12-17,17.52,17.55,16.74,17.01,148960
2018-12-18,17.0,17.79,17.0,17.08,145190
2018-12-19,17.7,17.8,17.05,17.4,232650
2018-12-20,17.32,17.48,17.01,17.15,199000
2018-12-21,17.66,17.66,16.8,16.89,175370
2018-12-24,17.4,18.5,16.6,17.11,140420
2018-12-26,17.25,17.38,16.6,16.81,199760
2018-12-27,17.31,17.31,16.33,16.68,320360
2018-12-28,16.6,17.18,16.6,16.83,203480
2018-12-31,17.3,17.3,16.8,16.93,44750
2019-01-01,17.4,17.4,16.86,16.89,36100
2019-01-02,16.82,17.1,16.8,16.95,15170
2019-01-03,16.94,17.23,16.72,16.73,26560
2019-01-04,16.74,16.92,16.53,16.65,18610
2019-01-07,16.98,16.98,16.44,16.55,40230
2019-01-08,16.57,16.88,16.31,16.6,40110
2019-01-09,16.6,17.15,16.6,16.76,40100
2019-01-10,17.1,17.1,16.56,16.65,128840
2019-01-11,16.9,16.9,16.4,16.54,24410
2019-01-14,16.9,16.9,16.13,16.45,153990
2019-01-15,16.54,16.86,16.27,16.35,40440
2019-01-16,16.83,16.83,16.04,16.35,63740
2019-01-17,16.47,16.59,16.2,16.42,117550
2019-01-18,16.35,16.54,15.96,16.35,229780
2019-01-21,17.33,17.33,16.4,16.51,177540
2019-01-22,16.68,16.84,16.5,16.54,179060
2019-01-23,16.9,17.0,16.5,16.85,193030
2019-01-24,17.2,17.9,16.9,17.16,505790
2019-01-25,17.4,17.4,16.63,16.71,225970
2019-01-28,16.66,16.66,15.79,16.1,253760
2019-01-29,16.04,16.4,15.7,15.86,185770
2019-01-30,15.82,16.09,15.71,15.96,196880
2019-01-31,16.22,16.6,15.61,16.31,233200
2019-02-01,16.57,16.57,15.73,16.01,122740
2019-02-04,15.96,16.11,15.86,15.96,115640
2019-02-05,16.11,16.13,15.7,15.8,115220
2019-02-06,15.76,15.85,15.41,15.76,173090
2019-02-07,16.3,16.3,15.6,15.96,135840
2019-02-08,16.2,16.2,15.81,15.81,118720
2019-02-11,15.79,15.82,15.36,15.4,107820
2019-02-12,15.41,15.67,15.05,15.42,137350
2019-02-13,15.35,15.35,14.93,15.28,138610
2019-02-14,15.21,15.3,14.98,15.3,255860
2019-02-15,15.23,15.24,14.98,15.2,190790
2019-02-18,15.21,15.23,14.71,14.98,141850
2019-02-19,15.28,15.35,14.72,15.0,270480
2019-02-20,14.92,15.32,14.6,14.69,119330
2019-02-21,14.62,15.2,14.62,15.2,138300
2019-02-22,15.3,15.7,14.8,15.07,135200
2019-02-25,15.43,15.43,15.0,15.21,240370
2019-02-26,15.13,15.5,14.84,15.44,269760
2019-02-27,15.55,15.99,15.44,15.72,142700
2019-02-28,16.42,16.42,15.55,15.79,137230
2019-03-01,16.0,16.41,15.99,16.19,139460
2019-03-05,17.23,17.23,16.41,16.87,214320
2019-03-06,17.16,17.16,16.53,17.02,146100
2019-03-07,17.04,17.28,16.95,17.26,164690
2019-03-08,17.27,17.4,16.56,17.31,238690
2019-03-11,17.28,17.4,16.76,17.19,140430
2019-03-12,17.45,17.8,16.73,17.27,225470
2019-03-13,17.69,17.69,16.84,17.4,159630
2019-03-14,17.5,17.8,17.33,17.63,174940
2019-03-15,17.6,18.2,17.6,18.12,274380
2019-03-18,18.7,18.7,17.26,17.48,161170
2019-03-19,17.74,17.75,17.07,17.36,192590
2019-03-20,17.28,17.3,17.0,17.11,172340
2019-03-22,17.46,17.8,17.0,17.08,213730
2019-03-25,17.05,17.29,16.75,17.09,213330
2019-03-26,17.09,17.19,16.64,16.79,198970
2019-03-27,17.53,17.53,16.8,16.9,121700
2019-03-28,17.49,17.49,16.78,16.87,179460
2019-03-29,17.09,17.28,16.61,16.8,163950
2019-04-01,17.04,17.28,17.0,17.12,140340
2019-04-02,17.9,18.5,17.63,17.92,433380
2019-04-03,19.87,21.5,19.2,20.61,7196550
2019-04-04,20.7,21.6,20.34,20.56,1770920
2019-04-05,20.59,20.82,19.6,19.93,439190
2019-04-08,20.2,20.5,19.73,20.02,357490
2019-04-09,19.93,20.15,19.57,19.93,172960
2019-04-10,19.92,19.92,19.51,19.59,165510
2019-04-11,20.0,20.0,19.04,19.43,239300
2019-04-12,19.42,19.42,17.82,18.53,592360
2019-04-15,19.4,19.4,18.26,18.49,254420
2019-04-16,18.4,18.76,17.82,18.07,199730
2019-04-18,18.1,18.18,17.68,17.96,192470
2019-04-22,17.88,17.88,17.41,17.52,180830
2019-04-23,17.51,18.18,17.51,17.69,152970
2019-04-24,17.7,17.85,17.11,17.27,156520
2019-04-25,17.32,17.36,17.0,17.14,197350
2019-04-26,17.05,17.39,16.86,17.13,165240
2019-04-30,17.5,17.5,16.26,16.46,301000
2019-05-02,16.88,16.88,16.16,16.24,227830
2019-05-03,16.18,16.33,15.8,16.25,304930
2019-05-06,16.16,16.33,16.01,16.27,170160
2019-05-07,16.43,16.59,16.25,16.31,153270
2019-05-08,16.23,16.25,15.31,15.42,173250
2019-05-09,15.42,16.9,15.15,16.49,576690
2019-05-10,16.7,17.0,16.08,16.87,178650
2019-05-13,17.02,17.48,16.5,16.85,143780
2019-05-14,16.77,17.05,16.04,16.79,227540
2019-05-15,16.72,17.0,16.31,16.58,154270
2019-05-16,16.58,16.93,16.14,16.79,176880
2019-05-17,17.68,17.68,16.12,16.39,165530
2019-05-20,17.0,17.77,16.36,17.36,221040
2019-05-21,17.7,17.7,16.8,16.91,127190
2019-05-22,17.1,17.27,16.66,16.89,137980
2019-05-23,17.68,17.69,16.9,17.1,130530
2019-05-24,17.18,18.0,17.16,17.87,169450
2019-05-27,19.0,19.0,17.62,18.41,270620
2019-05-28,18.02,18.6,18.01,18.36,136670
2019-05-29,18.36,18.6,17.63,18.04,150240
2019-05-30,17.97,18.37,17.97,18.16,124260
2019-05-31,18.16,18.5,17.74,18.32,105920
2019-06-03,17.95,18.08,17.77,17.93,142790
2019-06-04,17.81,18.15,17.5,17.55,121500
2019-06-06,17.41,17.6,17.03,17.21,128300
2019-06-07,17.11,17.11,16.49,16.75,194010
2019-06-10,16.75,17.47,16.73,16.91,122220
2019-06-11,16.81,17.14,16.7,16.84,108530
2019-06-12,16.8,16.85,16.51,16.6,120510
2019-06-13,16.59,17.39,16.31,17.11,167300
2019-06-14,16.81,17.2,16.32,16.82,157780
2019-06-17,16.82,16.85,16.26,16.66,115960
2019-06-18,16.51,16.56,16.02,16.27,176390
2019-06-19,16.54,16.79,15.81,15.96,75390
2019-06-20,15.95,16.69,15.6,16.35,197790
2019-06-21,16.3,17.0,15.81,16.02,244760
2019-06-24,16.4,16.8,16.27,16.51,141320
2019-06-25,16.85,16.85,16.04,16.22,165290
2019-06-26,16.11,16.54,15.75,16.36,133930
2019-06-27,16.85,16.85,16.05,16.3,122330
2019-06-28,16.8,16.8,16.0,16.25,153620
2019-07-01,16.74,16.75,16.11,16.18,116640
2019-07-02,16.49,16.49,16.06,16.13,118030
2019-07-03,16.01,16.7,16.0,16.51,103900
2019-07-04,16.11,16.74,16.11,16.39,108920
2019-07-05,16.42,16.48,16.0,16.08,105670
2019-07-08,16.2,16.2,15.51,15.63,224360
2019-07-09,15.51,15.89,15.36,15.44,118940
2019-07-10,15.37,15.77,15.16,15.64,113310
2019-07-11,15.78,15.9,15.32,15.77,107150
2019-07-12,15.95,16.16,15.21,15.41,135190
2019-07-15,15.79,15.79,15.02,15.46,224760
2019-07-16,15.37,15.6,14.62,15.17,212140
2019-07-17,15.15,15.49,14.81,15.14,133880
2019-07-18,15.3,15.3,14.85,14.99,118770
2019-07-19,14.9,15.0,13.7,14.01,214830
2019-07-22,13.26,13.91,12.75,12.89,231500
2019-07-23,12.64,13.05,12.03,12.91,248100
2019-07-24,12.8,13.65,12.52,12.76,173880
2019-07-25,13.1,13.1,12.29,12.65,189970
2019-07-26,12.89,12.89,12.18,12.29,149420
2019-07-29,12.23,12.53,11.52,11.94,128780
2019-07-30,11.81,11.88,10.32,10.8,148310
2019-07-31,10.6,10.6,8.94,9.03,645500
2019-08-01,9.24,9.93,9.06,9.41,591060
2019-08-02,9.49,9.49,8.81,9.11,85740
2019-08-05,9.4,9.54,9.0,9.09,61990
2019-08-06,9.0,9.99,9.0,9.6,252610
2019-08-07,9.8,9.99,8.99,9.03,188880
2019-08-08,9.48,9.48,9.01,9.08,86180
2019-08-09,9.3,9.75,9.16,9.54,116120
2019-08-13,9.34,9.5,9.0,9.08,42360
2019-08-14,9.2,9.2,8.9,8.99,35650
2019-08-16,9.0,9.2,8.22,8.66,245030
2019-08-19,9.2,9.2,8.32,8.92,80140
2019-08-20,9.19,9.19,8.4,8.5,140240
2019-08-21,8.96,8.96,8.34,8.44,36540
2019-08-22,8.34,8.43,8.0,8.07,86250
2019-08-23,8.3,8.76,8.1,8.37,60890
2019-08-26,8.96,8.96,7.61,8.59,300910
2019-08-27,8.95,8.95,8.54,8.85,78240
2019-08-28,9.2,9.2,8.88,9.05,157270
2019-08-29,8.7,9.0,8.61,8.86,38700
2019-08-30,8.8,8.9,8.2,8.49,38780
2019-09-03,8.6,8.95,7.78,8.65,54490
2019-09-04,8.53,8.87,8.51,8.84,23060
2019-09-05,9.25,9.25,8.88,9.06,17020
2019-09-06,9.09,9.96,9.03,9.96,277840
2019-09-09,10.1,10.69,9.8,10.16,199660
2019-09-11,10.16,11.18,10.16,10.96,126070
2019-09-12,11.49,11.51,10.68,11.06,209860
2019-09-13,11.58,11.58,10.73,10.93,84000
2019-09-16,11.39,11.39,10.46,10.81,74100
2019-09-17,11.29,11.29,10.68,10.86,43180
2019-09-18,10.9,11.2,10.51,10.75,24670
2019-09-19,10.7,10.9,10.45,10.6,52700
2019-09-20,10.58,11.12,10.57,11.09,167850
2019-09-23,11.63,11.64,11.58,11.64,116040
2019-09-24,11.69,12.09,11.06,11.76,136880
2019-09-25,12.14,12.23,11.51,11.57,77000
2019-09-26,11.88,11.96,11.7,11.71,32290
2019-09-27,11.99,12.0,11.26,11.35,29240
2019-09-30,11.49,11.5,10.93,11.05,39990
2019-10-01,11.3,11.3,10.5,10.6,43370
2019-10-03,10.41,10.99,10.41,10.69,27650
2019-10-04,10.69,10.73,10.21,10.48,30640
2019-10-07,10.6,10.86,10.19,10.27,42190
2019-10-09,10.94,10.94,10.41,10.68,20910
2019-10-10,10.43,11.09,10.32,10.45,21650
2019-10-11,10.45,10.74,10.07,10.17,28300
2019-10-14,10.18,10.59,9.8,10.11,29030
2019-10-15,10.23,10.5,10.01,10.09,21120
2019-10-16,9.99,10.44,9.83,9.89,11090
2019-10-17,10.46,10.46,9.55,10.11,54150
2019-10-18,9.52,10.48,9.52,10.19,37340
2019-10-22,10.19,10.35,9.6,9.74,173480
2019-10-23,10.23,10.24,9.63,9.74,58590
2019-10-24,10.2,10.2,9.82,9.96,21110
2019-10-25,10.0,10.0,9.7,9.8,55470
2019-10-27,9.9,9.96,9.72,9.93,19830
2019-10-29,10.65,10.8,9.3,10.14,160840
2019-10-30,10.8,10.8,9.81,10.13,64330
2019-10-31,10.06,11.12,10.05,10.47,327580
2019-11-01,10.5,10.85,10.41,10.55,83660
2019-11-04,10.6,11.1,10.1,10.67,179640
2019-11-05,10.84,10.94,10.62,10.72,65650
2019-11-06,10.73,11.13,10.73,10.81,200410
2019-11-07,10.7,11.0,10.7,10.76,39120
2019-11-08,10.81,11.08,10.7,10.78,51940
2019-11-11,10.98,10.98,10.56,10.74,23580
2019-11-13,10.53,10.75,9.86,10.02,296480
2019-11-14,10.07,10.37,9.64,10.21,74700
2019-11-15,10.1,10.4,9.86,10.29,56080
2019-11-18,10.4,10.9,10.33,10.41,99260
2019-11-19,10.31,10.6,9.83,10.26,57600
2019-11-20,10.27,10.46,9.65,9.79,147780
2019-11-21,9.87,9.97,9.7,9.82,34710
2019-11-22,10.2,10.2,9.8,9.96,80880
2019-11-25,10.4,10.57,10.0,10.09,405230
2019-11-26,10.02,10.19,9.8,9.88,162030
2019-11-27,10.18,10.18,9.81,9.9,206740
2019-11-28,9.9,9.97,9.7,9.83,49710
2019-11-29,10.0,10.0,9.65,9.83,49980
2019-12-02,9.9,9.98,9.51,9.65,73690
2019-12-03,9.6,9.74,9.21,9.41,79450
2019-12-04,9.21,9.4,8.47,8.66,549980
2019-12-05,8.95,9.0,8.56,8.66,106850
2019-12-06,9.16,9.16,8.51,8.68,111360
2019-12-09,9.1,9.1,8.41,8.51,71950
2019-12-10,8.51,8.8,8.48,8.5,66720
2019-12-11,8.6,8.72,8.5,8.62,29030
2019-12-12,8.88,8.88,8.45,8.52,63420
2019-12-13,8.55,8.8,8.51,8.75,89700
2019-12-16,9.1,9.6,8.6,9.35,369350
2019-12-17,9.72,9.8,9.14,9.3,67820
2019-12-18,9.4,9.63,9.3,9.4,85150
2019-12-19,9.41,9.58,9.33,9.46,29090
2019-12-20,9.56,10.2,9.55,9.98,225620
2019-12-23,10.37,10.47,9.89,9.91,205760
2019-12-24,10.04,10.27,9.52,9.57,118240
2019-12-26,9.46,10.1,9.31,9.93,124510
2019-12-27,9.91,10.0,9.5,9.58,92130
2019-12-30,9.88,9.88,9.1,9.41,243520
2019-12-31,9.63,9.63,9.4,9.45,43130
2020-01-01,9.63,9.75,9.36,9.74,101900
2020-01-02,9.75,11.42,9.75,10.77,2603310
2020-01-03,10.83,11.04,9.78,9.91,1895570
2020-01-06,9.95,10.03,9.1,9.35,261900
2020-01-07,9.69,9.99,9.4,9.57,258060
2020-01-08,9.4,9.66,9.39,9.45,83960
2020-01-09,9.79,9.79,9.5,9.54,223240
2020-01-10,9.55,9.99,9.55,9.69,417040
2020-01-13,9.88,9.9,9.55,9.57,220300
2020-01-14,9.79,10.2,9.6,9.71,655280
2020-01-15,9.81,9.81,9.5,9.72,191900
2020-01-16,9.8,9.8,9.41,9.59,293580
2020-01-17,9.73,9.88,9.6,9.64,337320
2020-01-20,9.67,9.77,9.63,9.73,116860
2020-01-21,9.77,9.8,9.56,9.6,120130
2020-01-22,9.6,9.7,9.44,9.48,187370
2020-01-23,9.51,9.74,9.45,9.64,167880
2020-01-24,9.54,9.75,9.51,9.6,164830
2020-01-27,9.6,9.74,9.4,9.46,247060
2020-01-28,9.59,9.64,9.4,9.44,82890
2020-01-29,9.46,9.63,9.25,9.35,101180
2020-01-30,9.55,9.55,9.26,9.38,88660
2020-01-31,9.36,9.65,9.0,9.31,399700
2020-02-01,9.31,9.7,8.76,8.87,585160
2020-02-03,8.65,8.99,8.65,8.8,87040
2020-02-04,8.72,9.15,8.6,8.83,261120
2020-02-05,8.94,9.11,8.62,8.82,103830
2020-02-06,8.99,9.0,8.7,8.73,192060
2020-02-07,8.65,8.8,8.37,8.51,251000
2020-02-10,8.51,8.6,8.4,8.53,66460
2020-02-11,8.65,8.81,8.46,8.47,143940
2020-02-12,8.73,8.73,8.49,8.65,58970
2020-02-13,8.46,8.6,8.4,8.41,65510
2020-02-14,8.4,8.63,8.4,8.5,109860
2020-02-17,8.33,8.79,8.33,8.47,46160
2020-02-18,8.74,8.74,8.3,8.36,133640
2020-02-19,8.28,8.6,8.01,8.12,91780
2020-02-20,8.4,8.4,7.82,7.91,185780
2020-02-24,8.1,8.1,7.45,7.64,114240
2020-02-25,7.89,7.95,7.6,7.68,30680
2020-02-26,7.68,7.68,7.43,7.5,68070
2020-02-27,7.42,7.6,7.01,7.19,119030
2020-02-28,6.8,7.05,6.62,6.84,213180
2020-03-02,6.9,7.64,6.4,6.62,157150
2020-03-03,6.63,7.07,6.62,6.82,70050
2020-03-04,6.75,6.89,6.31,6.47,160040
2020-03-05,6.47,6.69,6.2,6.31,115930
2020-03-06,6.24,6.3,5.81,6.01,83940
2020-03-09,5.74,6.19,5.39,5.71,436820
2020-03-11,6.0,6.08,5.68,5.93,92110
2020-03-12,5.41,5.8,5.04,5.19,193640
2020-03-13,4.8,5.5,4.62,4.96,210780
2020-03-16,5.1,5.39,4.8,5.0,477070
2020-03-17,5.38,5.79,4.5,5.18,821150
2020-03-18,5.65,5.7,4.9,5.17,603370
2020-03-19,5.2,5.29,4.8,4.98,671670
2020-03-20,5.4,5.4,4.9,5.23,468690
2020-03-23,4.9,5.5,4.21,4.77,83540
2020-03-24,5.6,5.6,4.5,4.6,140860
2020-03-25,4.31,4.76,4.1,4.64,49020
2020-03-26,4.79,4.79,4.5,4.76,164710
2020-03-27,4.75,5.05,4.63,4.7,74000
2020-03-30,4.75,4.8,4.56,4.64,49520
2020-03-31,5.08,5.08,4.51,4.68,91490
2020-04-01,4.72,5.05,4.61,4.77,72260
2020-04-03,4.7,4.93,4.51,4.64,153100
2020-04-07,4.9,5.18,4.64,5.01,68210
2020-04-08,4.9,5.4,4.6,5.12,134670
2020-04-09,5.4,5.4,5.04,5.29,241440
2020-04-13,5.21,5.4,4.9,5.28,181140
2020-04-15,5.21,5.75,5.02,5.27,447410
2020-04-16,5.3,5.5,5.3,5.49,106200
2020-04-17,5.61,5.77,5.11,5.35,467470
2020-04-20,5.6,5.63,5.25,5.54,327300
2020-04-21,5.54,5.54,5.26,5.43,131280
2020-04-22,5.26,5.6,5.26,5.32,214460
2020-04-23,5.39,5.49,5.16,5.24,220710
2020-04-24,5.24,5.3,5.07,5.15,101820
2020-04-27,5.23,5.49,5.01,5.29,241300
2020-04-28,5.32,5.4,5.23,5.24,106240
2020-04-29,5.31,5.32,5.11,5.23,319820
2020-04-30,5.4,5.5,5.21,5.29,162940
2020-05-04,5.17,5.17,4.95,5.03,171140
2020-05-05,5.11,5.29,4.99,5.01,167900
2020-05-06,5.0,5.09,4.9,4.91,101120
2020-05-07,4.91,5.03,4.91,5.0,35100
2020-05-08,5.01,5.01,4.85,4.87,58600
2020-05-11,4.97,5.01,4.73,4.94,117260
2020-05-12,4.83,5.1,4.76,4.91,117450
2020-05-13,5.09,5.13,4.89,4.91,346820
2020-05-14,4.98,4.99,4.78,4.84,336630
2020-05-15,5.01,5.01,4.85,4.93,151570
2020-05-18,5.15,5.15,4.81,4.87,108520
2020-05-19,5.1,5.1,4.81,4.9,82440
2020-05-20,4.9,5.0,4.76,4.88,144790
2020-05-21,5.0,5.0,4.8,4.84,122130
2020-05-22,4.85,4.93,4.8,4.84,68820
2020-05-26,4.94,4.94,4.85,4.88,83150
2020-05-27,4.88,4.98,4.81,4.92,83610
2020-05-28,5.07,5.07,4.84,4.94,91980
2020-05-29,4.97,5.05,4.9,5.0,157160
2020-06-01,5.0,5.31,5.0,5.25,223060
2020-06-02,5.25,6.29,5.25,6.29,4320730
2020-06-03,7.2,7.55,6.83,7.55,3960470
2020-06-04,7.99,8.3,7.55,8.27,2861080
2020-06-05,8.96,9.1,8.5,9.04,2658910
2020-06-08,9.49,9.9,8.56,8.69,2180710
2020-06-09,8.72,8.72,7.82,8.07,961390
2020-06-10,7.77,8.07,7.61,7.87,559540
2020-06-11,7.87,8.21,7.43,7.97,651350
2020-06-12,7.96,8.35,7.55,8.24,802490
2020-06-15,8.24,8.24,7.53,7.78,380790
2020-06-16,8.15,8.28,7.64,7.86,313120
2020-06-17,8.19,8.19,7.65,7.68,251480
2020-06-18,7.31,7.9,7.31,7.6,176040
2020-06-19,7.6,7.85,7.5,7.67,77390
2020-06-22,7.67,7.8,7.32,7.69,154080
2020-06-23,7.6,7.9,7.6,7.86,203290
2020-06-24,7.9,7.94,7.6,7.61,188990
2020-06-25,7.8,7.8,7.47,7.64,87610
2020-06-26,7.64,7.78,7.33,7.51,108600
2020-06-29,7.7,7.79,7.15,7.46,202920
2020-06-30,7.15,7.7,7.15,7.29,62810
2020-07-01,7.6,7.6,6.97,7.27,105980
2020-07-02,7.35,7.38,7.0,7.2,87450
2020-07-03,7.2,7.23,6.95,7.06,67210
2020-07-06,7.06,7.3,7.05,7.06,104130
2020-07-07,7.1,7.1,6.93,7.0,96770
2020-07-08,7.0,7.35,7.0,7.23,200370
2020-07-09,7.12,7.45,7.12,7.32,71720
2020-07-10,7.3,7.49,7.13,7.25,56380
2020-07-13,7.4,7.4,6.97,7.26,74080
2020-07-14,7.5,7.5,7.04,7.12,43950
2020-07-15,7.12,7.15,6.9,6.99,60670
2020-07-16,6.99,7.15,6.7,7.0,57280
2020-07-17,7.2,7.28,6.74,7.14,95730
2020-07-20,7.21,7.21,6.93,7.05,46890
2020-07-21,7.05,7.2,6.9,7.14,93530
2020-07-22,7.15,7.3,7.05,7.26,118670
2020-07-23,7.3,7.45,7.11,7.37,119380
2020-07-24,7.37,7.59,7.21,7.27,136780
2020-07-27,7.1,7.47,7.1,7.12,47310
2020-07-28,7.01,7.25,7.01,7.06,25550
2020-07-29,7.0,7.28,6.8,7.14,134760
2020-07-30,7.0,7.25,7.0,7.01,53400
2020-07-31,7.01,7.19,6.92,7.1,68700
2020-08-03,7.1,7.44,6.93,7.29,315770
2020-08-04,7.29,7.65,7.03,7.39,219310
2020-08-05,7.12,7.55,7.12,7.5,107210
2020-08-06,7.22,7.69,7.22,7.4,86220
2020-08-07,7.27,7.6,7.27,7.35,77660
2020-08-10,7.35,7.42,7.1,7.34,104440
2020-08-11,7.42,7.68,7.16,7.46,127470
2020-08-12,7.41,7.5,7.27,7.42,111560
2020-08-13,7.55,7.7,7.4,7.57,200750
2020-08-14,7.65,7.95,7.5,7.91,563790
2020-08-17,8.04,8.04,7.52,7.74,199090
2020-08-18,7.67,8.05,7.64,7.86,130160
2020-08-19,8.0,8.09,7.75,7.99,299130
2020-08-20,7.81,8.0,7.64,7.91,159500
2020-08-21,7.92,8.26,7.81,7.94,341420
2020-08-24,8.26,8.33,8.0,8.33,396500
2020-08-25,8.59,8.74,8.47,8.7,896380
2020-08-26,8.85,8.99,8.27,8.32,540980
2020-08-27,8.6,8.6,8.01,8.2,413390
2020-08-28,8.21,8.38,8.0,8.05,288610
2020-08-31,8.07,8.3,7.65,7.65,314520
2020-09-01,7.7,7.78,7.36,7.67,114990
2020-09-02,7.77,7.88,7.43,7.64,219910
2020-09-03,7.6,7.61,7.45,7.5,172500
2020-09-04,7.4,7.78,7.4,7.52,84910
2020-09-07,7.73,7.79,7.41,7.54,199780
2020-09-08,7.54,7.61,7.22,7.3,128610
2020-09-09,7.45,7.45,7.03,7.17,69070
2020-09-10,7.34,7.37,7.16,7.21,135550
2020-09-11,7.33,7.55,7.14,7.33,138690
2020-09-14,7.4,7.48,7.16,7.35,66000
2020-09-15,7.54,7.65,7.35,7.41,296860
2020-09-16,7.27,7.63,7.27,7.52,153050
2020-09-17,7.41,7.52,7.37,7.46,103840
2020-09-18,7.47,7.52,7.22,7.37,115340
2020-09-21,7.37,7.37,7.0,7.0,204050
2020-09-22,7.0,7.0,6.65,6.7,230610
2020-09-23,6.98,6.98,6.6,6.81,65080
2020-09-24,6.92,6.92,6.63,6.81,67600
2020-09-25,6.98,7.02,6.85,6.94,38840
2020-09-28,6.94,7.19,6.9,6.93,39980
2020-09-29,7.2,7.2,6.85,6.88,34650
2020-09-30,6.88,7.0,6.79,6.87,26670
2020-10-01,7.05,7.05,6.75,6.87,109190
2020-10-05,7.18,7.21,6.53,6.72,558060
2020-10-06,6.88,6.89,6.61,6.81,79210
2020-10-07,6.71,6.86,6.58,6.64,55630
2020-10-08,6.71,6.73,6.62,6.66,28410
2020-10-09,6.7,6.95,6.6,6.82,94090
2020-10-12,6.99,7.5,6.94,7.0,788280
2020-10-13,7.0,7.42,7.0,7.38,373240
2020-10-14,7.5,7.52,7.11,7.22,107160
2020-10-15,7.15,7.52,7.15,7.31,136140
2020-10-16,7.49,7.49,7.01,7.2,73880
2020-10-19,7.1,7.45,7.1,7.33,93940
2020-10-20,7.45,7.85,7.33,7.76,413820
2020-10-21,7.95,8.24,7.5,7.67,597830
2020-10-22,7.95,8.0,7.73,7.75,183070
2020-10-23,7.99,7.99,7.45,7.55,92160
2020-10-26,7.55,7.9,7.55,7.67,102330
2020-10-27,7.7,7.7,7.57,7.68,42800
2020-10-28,7.61,7.89,7.45,7.52,73330
2020-10-29,7.53,7.78,7.26,7.37,202320
2020-10-30,7.41,7.69,7.22,7.36,41030
2020-11-02,7.35,7.65,7.12,7.28,56000
2020-11-03,7.41,7.43,7.26,7.28,132090
2020-11-04,7.17,7.65,7.16,7.31,275000
2020-11-05,7.5,7.51,7.2,7.38,285800
2020-11-06,7.33,7.61,7.25,7.31,260940
2020-11-09,7.35,7.5,7.14,7.26,326810
2020-11-10,7.11,7.44,7.06,7.28,288080
2020-11-11,7.22,7.4,7.11,7.25,364760
2020-11-12,7.26,7.48,7.25,7.28,197850
2020-11-13,7.4,7.4,7.07,7.23,151420
2020-11-14,7.49,7.49,7.2,7.26,74070
2020-11-17,7.4,7.5,7.28,7.44,288880
2020-11-18,7.55,7.55,7.32,7.42,244620
2020-11-19,7.48,7.6,7.34,7.39,268310
2020-11-20,7.41,7.65,7.3,7.49,188020
2020-11-23,7.7,7.78,7.32,7.58,221330
2020-11-24,7.52,7.73,7.46,7.54,86550
2020-11-25,7.5,7.69,7.37,7.41,122960
2020-11-26,7.42,7.57,7.37,7.53,33000
2020-11-27,7.78,7.8,7.52,7.57,292390
2020-12-01,7.57,7.93,7.57,7.87,374310
2020-12-02,7.95,8.19,7.72,7.93,485480
2020-12-03,7.93,8.24,7.93,8.06,374760
2020-12-04,8.3,8.32,8.06,8.15,362010
2020-12-07,8.39,9.78,8.39,9.78,3352380
2020-12-08,10.0,10.5,9.31,9.68,3135240
2020-12-09,9.66,9.82,9.4,9.47,622930
2020-12-10,9.39,9.4,9.04,9.11,305030
2020-12-11,9.56,10.93,9.51,10.83,11034880
2020-12-14,10.99,11.13,10.18,10.75,2024730
2020-12-15,10.54,10.95,10.35,10.48,661060
2020-12-16,10.52,11.8,10.52,11.25,2786880
2020-12-17,11.37,11.6,10.65,11.1,766650
2020-12-18,11.01,11.5,10.5,10.68,642830
2020-12-21,10.68,11.08,8.9,9.26,1084040
2020-12-22,9.37,9.98,8.01,9.7,849180
2020-12-23,9.65,10.43,9.65,10.22,432570
2020-12-24,10.59,10.8,10.22,10.3,534400
2020-12-28,10.7,11.7,10.31,11.34,2798140
2020-12-29,11.36,11.49,11.0,11.07,566870
2020-12-30,11.1,11.33,10.6,11.01,468110
2020-12-31,11.2,11.61,10.7,11.4,951490
2021-01-01,11.52,12.53,11.52,12.3,4887730
2021-01-04,12.4,12.6,11.87,12.04,2791390
2021-01-05,12.0,13.79,11.6,13.08,5217940
2021-01-06,13.19,13.78,12.88,13.16,1574100
2021-01-07,13.28,13.41,13.01,13.08,818620
2021-01-08,13.18,13.3,12.72,12.79,669030
2021-01-11,12.88,13.2,12.18,12.43,694430
2021-01-12,12.35,12.89,12.35,12.6,440320
2021-01-13,12.78,13.5,12.5,13.37,2638780
2021-01-14,13.46,13.64,13.06,13.34,925470
2021-01-15,13.34,13.4,12.7,12.83,636400
2021-01-18,12.93,12.99,12.43,12.72,521390
2021-01-19,12.81,13.49,12.75,13.34,948800
2021-01-20,13.76,13.99,13.19,13.27,3375370
2021-01-21,13.35,13.47,12.96,13.01,487370
2021-01-22,13.05,13.05,12.42,12.57,560220
2021-01-25,12.69,12.82,12.03,12.08,385190
2021-01-27,11.98,12.1,11.62,11.72,234850
2021-01-28,11.72,12.11,11.33,11.79,235240
2021-01-29,11.89,12.05,11.63,11.75,107260
2021-02-01,11.75,12.4,11.75,12.19,389350
2021-02-02,12.2,13.1,12.2,13.02,1458100
2021-02-03,13.15,14.1,12.71,13.05,2391210
2021-02-04,13.3,13.4,12.7,12.87,886420
2021-02-05,12.87,13.04,12.0,12.26,1116070
2021-02-08,12.49,12.58,11.93,12.1,593440
2021-02-09,12.2,12.37,12.06,12.12,401240
2021-02-10,12.2,12.24,11.9,12.0,356750
2021-02-11,12.05,13.79,11.91,12.7,1135960
2021-02-12,12.8,12.8,12.24,12.32,444230
2021-02-15,12.32,12.56,12.2,12.26,445560
2021-02-16,12.34,12.66,12.23,12.44,744670
2021-02-17,12.5,12.84,12.44,12.66,1573130
2021-02-18,12.77,12.77,12.39,12.48,278060
2021-02-19,12.46,12.53,11.95,12.0,1312420
2021-02-22,12.0,12.5,11.98,12.07,428100
2021-02-23,12.26,12.5,12.0,12.17,588100
2021-02-24,12.26,12.58,12.1,12.27,338130
2021-02-25,12.3,12.47,12.2,12.34,297150
2021-02-26,12.34,12.34,12.07,12.18,261280
2021-03-01,12.46,13.98,12.35,13.34,4095680
2021-03-02,13.57,14.8,13.5,14.22,5319320
2021-03-03,14.5,14.75,14.0,14.21,1363900
2021-03-04,14.22,14.5,14.1,14.19,860520
2021-03-05,14.33,14.34,13.75,13.89,728370
2021-03-08,14.27,14.27,13.31,13.53,438260
2021-03-09,13.8,14.39,13.57,13.75,754220
2021-03-10,13.7,14.24,13.65,14.02,497720
2021-03-12,14.19,14.2,13.68,13.81,454010
2021-03-15,13.89,14.0,13.35,13.91,654370
2021-03-16,14.2,15.97,13.71,15.02,5849120
2021-03-17,15.13,15.47,14.03,14.29,1616840
2021-03-18,14.2,14.99,13.27,13.74,1097000
2021-03-19,13.72,14.17,13.01,13.88,1189250
2021-03-22,13.97,14.79,13.91,14.1,1024490
2021-03-23,14.2,14.4,13.82,14.04,447800
2021-03-24,14.05,14.3,13.5,13.62,1941040
2021-03-25,13.6,13.6,13.01,13.41,400310
2021-03-26,13.8,13.87,13.23,13.4,417840
2021-03-30,13.79,14.08,13.39,13.63,407570
2021-03-31,13.64,14.24,13.51,13.93,370670
2021-04-01,13.73,15.1,13.73,14.55,1594310
2021-04-05,14.65,16.45,14.65,15.58,6386370
2021-04-06,15.7,16.0,15.2,15.36,1399300
2021-04-07,15.28,16.49,15.08,15.96,4941210
2021-04-08,16.05,16.48,15.75,15.88,3101760
2021-04-09,15.8,15.94,15.4,15.46,784420
2021-04-12,15.3,15.3,14.0,14.04,1509820
2021-04-13,14.35,14.7,14.2,14.5,552670
2021-04-15,14.38,14.75,13.91,14.38,1006740
2021-04-16,14.6,15.08,14.34,14.77,1139970
2021-04-19,14.2,14.6,14.01,14.1,709640
2021-04-20,14.2,14.74,14.2,14.35,481200
2021-04-22,14.3,14.65,14.13,14.47,468400
2021-04-23,14.47,15.12,14.4,14.52,624660
2021-04-26,14.77,16.4,14.6,15.59,4948480
2021-04-27,15.71,16.17,15.47,15.87,1150810
2021-04-28,15.9,16.07,15.52,15.75,783960
2021-04-29,15.81,16.16,15.48,15.77,1576090
2021-04-30,15.8,16.18,15.25,15.78,1709960
2021-05-03,15.8,16.7,15.63,15.9,3740450
2021-05-04,16.1,16.13,13.53,15.03,3919640
2021-05-05,15.29,15.29,14.6,14.77,1363730
2021-05-06,15.26,15.4,14.74,14.82,522120
2021-05-07,15.0,15.8,14.92,15.45,1807430
2021-05-10,15.55,16.1,15.5,15.59,1735640
2021-05-11,15.3,15.79,15.17,15.52,1138030
2021-05-12,15.63,15.77,14.93,15.1,731230
2021-05-14,15.05,15.22,14.6,14.93,649540
2021-05-17,15.49,15.49,14.85,15.02,526030
2021-05-18,15.25,15.48,14.99,15.04,864070
2021-05-19,15.14,15.5,15.01,15.35,732450
2021-05-20,15.2,15.76,14.95,15.08,611730
2021-05-21,15.33,15.39,15.01,15.14,448520
2021-05-24,15.03,15.15,14.7,14.91,987480
2021-05-25,14.87,15.25,14.86,14.97,654150
2021-05-26,15.18,15.18,14.77,14.85,623320
2021-05-27,14.71,15.45,14.67,14.92,1058000
2021-05-28,15.13,15.3,14.95,15.06,562700
2021-05-31,15.19,15.25,14.84,15.0,644420
2021-06-01,15.0,16.6,14.85,15.55,2707730
2021-06-02,15.6,15.83,15.28,15.66,641890
2021-06-03,16.11,16.8,15.62,16.33,15973470
2021-06-04,16.38,16.74,16.02,16.28,2771370
2021-06-07,16.4,17.55,16.12,17.3,7852710
2021-06-08,17.5,17.57,16.55,16.66,2534720
2021-06-09,16.87,16.87,15.84,16.2,2043600
2021-06-10,16.2,16.79,16.12,16.25,1016770
2021-06-11,16.48,16.77,16.3,16.65,1134720
2021-06-14,16.6,16.7,15.62,16.47,1287180
2021-06-15,16.6,16.6,16.3,16.32,411070
2021-06-16,16.3,16.33,16.01,16.07,717450
2021-06-17,16.07,16.89,15.85,16.59,2167990
2021-06-18,16.77,16.77,15.83,16.19,1241660
2021-06-21,15.92,16.88,15.61,16.59,1993020
2021-06-22,16.6,16.88,16.35,16.51,2004090
2021-06-23,16.67,16.67,16.01,16.08,659460
2021-06-24,16.16,16.2,15.86,15.95,774540
2021-06-25,15.86,16.48,15.86,16.02,703000
2021-06-28,16.29,16.29,15.81,15.85,565530
2021-06-29,16.07,16.36,15.68,15.95,830910
2021-06-30,16.05,16.24,15.82,15.91,376610
2021-07-01,16.05,16.49,15.88,16.01,1057600
2021-07-02,16.2,16.2,15.91,15.95,202960
2021-07-05,16.15,16.77,15.91,16.61,1588170
2021-07-06,16.6,17.19,16.26,16.39,2366390
2021-07-07,16.34,16.7,16.1,16.47,555350
2021-07-08,16.49,16.85,16.25,16.6,734540
2021-07-09,16.67,16.69,16.1,16.17,718320
2021-07-12,16.33,16.75,16.25,16.41,680880
2021-07-13,16.41,16.8,16.41,16.6,773860
2021-07-14,16.7,17.77,16.6,17.35,4720290
2021-07-15,17.33,18.35,17.11,17.93,3988710
2021-07-16,18.04,18.54,17.91,18.05,5697000
2021-07-19,17.8,18.4,17.27,17.52,1359690
2021-07-20,17.6,17.6,16.75,16.94,894680
2021-07-22,17.22,18.25,17.16,17.89,2321810
2021-07-23,18.06,18.06,17.43,17.6,719730
2021-07-26,17.5,17.97,17.38,17.52,668920
2021-07-27,17.52,17.88,17.2,17.36,783760
2021-07-28,17.2,17.5,17.0,17.11,647900
2021-07-29,17.2,18.2,17.2,17.73,1478620
2021-07-30,17.8,18.4,17.56,18.06,2147790
2021-08-02,18.51,18.89,18.31,18.47,2647990
2021-08-03,18.58,19.49,18.58,18.7,2964570
2021-08-04,18.86,19.3,18.2,18.49,1433960
2021-08-05,18.6,19.42,17.74,18.76,2893610
2021-08-06,18.85,18.99,18.2,18.3,923790
2021-08-09,18.5,18.77,17.1,17.42,2236070
2021-08-10,17.5,17.78,16.3,16.86,1489580
2021-08-11,17.3,17.3,15.86,16.6,1315250
2021-08-12,16.6,17.69,16.6,17.62,977510
2021-08-13,17.73,18.17,17.18,17.27,1335460
2021-08-16,17.26,17.34,16.6,16.73,648040
2021-08-17,16.6,17.28,16.55,16.76,656450
2021-08-18,16.76,16.88,16.49,16.57,447690
2021-08-20,16.49,16.58,15.53,15.81,949510
2021-08-23,16.1,16.2,15.18,15.37,899260
2021-08-24,15.5,15.8,15.4,15.74,528970
2021-08-25,15.8,16.35,15.8,16.06,659330
2021-08-26,16.1,16.59,15.75,15.91,418800
2021-08-27,16.0,16.17,15.63,15.73,424480
2021-08-30,16.3,17.4,15.89,16.82,1341200
2021-08-31,16.85,18.69,16.84,18.1,3930980
2021-09-01,18.18,18.24,17.3,17.54,794140
2021-09-02,17.67,18.36,17.4,18.01,914380
2021-09-03,17.88,18.18,17.56,17.72,653230
2021-09-06,17.83,18.02,17.6,17.84,684090
2021-09-07,17.93,17.99,17.45,17.6,1008360
2021-09-08,17.6,20.65,17.59,20.09,11240590
2021-09-09,20.52,21.36,19.45,20.5,7518380
2021-09-13,20.8,21.02,20.24,20.35,1979810
2021-09-14,20.36,20.58,19.51,19.57,1068560
2021-09-15,19.67,20.1,19.6,19.72,789110
2021-09-16,19.8,20.4,19.51,20.11,1304500
2021-09-17,20.1,20.18,19.5,19.56,776300
2021-09-20,19.3,19.7,19.2,19.35,606600
2021-09-21,19.21,19.7,18.21,18.47,1242180
2021-09-22,19.09,19.23,18.69,19.0,553810
2021-09-23,19.19,20.87,19.19,20.44,2753950
2021-09-24,20.6,20.8,19.66,20.19,1441360
2021-09-27,20.26,21.3,20.26,20.72,2225430
2021-09-28,20.78,20.78,20.04,20.29,891600
2021-09-29,20.24,21.27,20.2,20.69,1049510
2021-09-30,20.6,21.19,20.56,20.82,1357130
2021-10-01,20.4,24.2,20.4,23.17,5346530
2021-10-04,23.4,26.37,23.23,25.14,7863330
2021-10-05,25.3,25.6,24.23,24.46,3248370
2021-10-06,24.4,26.19,24.26,25.09,2056240
2021-10-07,25.33,25.5,24.93,25.06,656560
2021-10-08,25.17,26.1,25.03,25.35,1175740
2021-10-11,25.26,25.35,24.88,25.13,674830
2021-10-12,25.15,25.79,24.66,25.48,858300
2021-10-13,25.69,25.7,25.01,25.15,427360
2021-10-14,25.03,25.3,24.41,24.62,385180
2021-10-18,25.0,26.83,24.95,25.9,2710900
2021-10-19,26.35,26.6,22.53,24.42,943370
2021-10-20,24.6,25.03,23.7,24.39,501980
2021-10-21,24.53,24.99,23.83,24.57,646130
2021-10-22,24.76,24.85,23.82,23.95,499910
2021-10-25,23.95,23.95,22.43,22.94,674490
2021-10-26,22.9,23.65,22.85,23.33,429300
2021-10-27,23.5,23.97,23.3,23.41,321430
2021-10-28,23.54,23.54,22.6,22.89,241490
2021-10-29,23.09,23.2,22.06,22.68,538050
2021-11-01,22.82,24.49,22.52,23.58,526610
2021-11-02,23.23,24.8,23.23,23.82,1152210
2021-11-03,23.96,24.29,23.56,23.74,482630
2021-11-04,23.9,24.33,23.6,23.73,128470
2021-11-08,24.16,25.34,23.65,24.88,765620
2021-11-09,24.68,25.13,24.22,24.41,344900
2021-11-10,24.34,24.8,24.01,24.3,927340
2021-11-11,24.03,25.1,24.03,24.68,508570
2021-11-12,24.9,25.64,24.07,24.43,891670
2021-11-15,24.69,24.69,23.52,23.77,505900
2021-11-16,23.8,24.32,23.6,24.2,179590
2021-11-17,24.35,24.35,23.5,23.56,247580
2021-11-18,23.56,23.75,22.4,23.0,539560
2021-11-22,22.96,23.19,21.38,21.73,485280
2021-11-23,22.0,22.98,21.53,22.78,566790
2021-11-24,23.27,23.64,22.67,22.98,657530
2021-11-25,22.9,23.54,22.9,23.11,372730
2021-11-26,22.88,23.22,22.1,22.26,574400
2021-11-29,22.71,22.78,21.15,21.92,739270
2021-11-30,22.4,22.55,21.77,21.91,395320
2021-12-01,22.13,22.79,21.85,22.68,389740
2021-12-02,23.0,23.25,22.01,22.18,359090
2021-12-03,22.17,22.5,22.01,22.25,332980
2021-12-06,22.19,22.5,20.01,21.88,382390
2021-12-07,22.06,22.9,21.81,21.93,260050
2021-12-08,22.12,23.44,22.12,22.96,643560
2021-12-09,23.14,24.45,22.87,23.87,1480510
2021-12-10,23.87,24.29,23.69,23.88,962520
2021-12-13,24.0,24.31,23.39,23.85,562210
2021-12-14,23.56,23.82,23.04,23.13,453030
2021-12-15,23.13,23.43,22.79,22.9,158270
2021-12-16,23.11,23.2,22.26,22.47,441040
2021-12-17,22.56,22.56,21.8,22.15,272370
2021-12-20,21.7,21.85,20.32,20.81,719790
2021-12-21,21.2,21.41,20.53,20.74,247730
2021-12-22,20.99,21.3,20.74,20.9,236390
2021-12-23,20.97,21.36,20.9,21.12,211430
2021-12-24,21.3,21.3,20.56,20.89,249960
2021-12-27,21.1,21.14,20.47,20.85,108290
2021-12-28,21.0,21.37,20.8,20.94,125430
2021-12-29,21.36,21.4,20.94,21.31,243320
2021-12-30,21.43,21.8,21.22,21.47,196050
2021-12-31,21.59,21.94,21.28,21.63,326000
2022-01-03,21.8,22.1,21.61,21.7,298900
2022-01-04,21.82,22.19,21.53,21.65,253330
2022-01-05,21.84,21.9,21.52,21.6,257680
2022-01-06,21.6,21.7,21.06,21.32,392690
2022-01-07,21.75,23.7,21.51,22.59,1604180
2022-01-10,22.69,23.31,22.41,22.83,573460
2022-01-11,22.98,23.55,22.56,22.76,793160
2022-01-12,22.95,23.13,22.13,22.22,486960
2022-01-13,22.31,22.61,21.82,22.21,445110
2022-01-14,22.3,22.98,22.06,22.68,1362590
2022-01-17,23.17,23.6,22.87,23.0,521590
2022-01-18,23.13,23.43,22.61,22.67,379620
2022-01-19,22.89,23.0,22.43,22.7,401630
2022-01-20,23.45,23.45,22.55,22.86,219410
2022-01-21,23.05,23.29,22.29,22.39,307260
2022-01-24,22.84,22.84,21.0,21.2,499540
2022-01-25,21.0,22.0,20.88,21.63,266530
2022-01-27,21.02,22.09,21.02,21.88,379130
2022-01-28,21.88,22.48,21.61,21.89,333600
2022-01-31,22.67,22.94,22.15,22.43,414670
2022-02-01,22.45,22.95,22.31,22.82,318230
2022-02-02,22.95,24.1,22.3,22.43,1299360
2022-02-03,22.78,22.84,22.44,22.48,283840
2022-02-04,22.53,23.35,22.49,23.07,613050
2022-02-07,22.99,23.46,22.85,23.1,537820
2022-02-08,23.38,23.5,22.0,23.28,706380
2022-02-09,23.4,23.58,22.52,22.72,213090
2022-02-10,22.93,23.8,22.84,23.49,1109760
2022-02-11,23.7,23.7,22.4,22.94,709040
2022-02-14,22.16,22.89,22.16,22.36,476660
2022-02-15,23.15,23.15,22.03,22.62,301080
2022-02-16,22.93,22.97,22.6,22.8,248260
2022-02-17,23.1,23.2,22.72,22.83,246290
2022-02-18,22.5,23.03,22.5,22.95,288170
2022-02-21,22.99,22.99,22.21,22.6,287550
2022-02-22,21.2,22.42,21.2,22.08,281810
2022-02-23,22.0,22.64,22.0,22.25,242920
2022-02-24,21.6,21.86,19.26,19.69,839460
2022-02-25,20.01,20.98,20.01,20.51,484240
2022-02-28,20.6,20.6,19.94,20.2,175190
2022-03-02,20.28,20.89,20.19,20.36,263160
2022-03-03,20.4,20.78,20.16,20.25,199160
2022-03-04,19.52,20.43,19.3,19.48,379140
2022-03-07,19.4,19.4,18.56,18.76,249190
2022-03-08,18.73,19.39,18.72,19.25,187320
2022-03-09,19.54,20.5,19.26,20.13,413680
2022-03-10,20.6,20.95,19.82,20.25,219470
2022-03-11,20.5,20.5,20.04,20.35,162700
2022-03-14,20.65,20.91,20.23,20.45,191500
2022-03-15,20.79,20.79,19.67,19.98,181480
2022-03-16,20.3,20.55,20.23,20.41,164730
2022-03-17,20.55,20.79,20.13,20.24,244740
2022-03-21,20.4,24.28,20.27,23.3,8551820
2022-03-22,23.52,23.8,22.87,23.06,1914070
2022-03-23,23.28,24.7,23.0,23.33,2959080
2022-03-24,23.43,24.0,21.94,22.55,1170830
2022-03-25,22.41,23.22,22.12,22.7,624600
2022-03-28,22.86,24.37,22.41,22.9,747890
2022-03-29,23.0,23.52,22.77,23.28,737420
2022-03-30,23.49,23.83,22.61,22.81,540150
2022-03-31,23.03,23.43,22.69,23.1,609880
2022-04-01,23.26,27.71,23.26,23.42,800380
2022-04-04,23.41,23.7,22.85,23.07,648680
2022-04-05,23.07,23.45,22.74,22.87,716610
2022-04-06,22.91,23.78,22.4,22.75,1431480
2022-04-07,22.87,23.33,22.5,22.58,601700
2022-04-08,22.77,24.99,22.5,24.28,2837610
2022-04-11,24.8,24.9,24.01,24.28,2345500
2022-04-12,24.37,24.97,23.62,24.46,2208350
2022-04-13,24.56,26.0,24.4,24.66,3237300
2022-04-18,24.75,27.0,24.0,26.59,2853370
2022-04-19,27.3,27.52,24.8,25.51,2734590
2022-04-20,28.0,28.0,24.64,25.02,1759810
2022-04-21,25.22,27.12,25.05,26.8,2272640
2022-04-22,25.66,27.14,25.66,25.8,1698270
2022-04-25,25.47,25.5,24.26,24.76,1115590
2022-04-26,24.96,25.55,24.44,25.27,980030
2022-04-27,24.61,25.47,24.61,25.26,696840
2022-04-28,25.39,25.47,24.26,24.39,615520
2022-04-29,24.64,25.63,23.52,23.88,600500
2022-05-02,23.65,23.8,22.83,23.05,598180
2022-05-04,23.05,23.31,21.88,22.15,513130
2022-05-05,22.4,24.3,22.13,23.8,1431840
2022-05-06,23.38,23.9,22.7,23.45,1167130
2022-05-09,23.04,23.41,22.5,23.22,725270
2022-05-10,23.16,23.24,18.61,18.8,3920030
2022-05-11,18.93,19.5,18.1,19.16,1632800
2022-05-12,18.72,19.27,18.5,18.89,814250
2022-05-13,19.29,19.74,18.3,18.6,621280
2022-05-16,18.6,19.2,17.8,18.2,733810
2022-05-17,18.28,19.07,18.07,18.58,809930
2022-05-18,18.78,20.5,18.52,20.08,1122000
2022-05-19,19.68,19.68,18.91,19.11,447700
2022-05-20,19.59,20.05,19.48,19.83,452160
2022-05-23,20.2,20.2,19.18,19.44,362200
2022-05-24,19.43,19.52,18.7,18.86,223660
2022-05-25,18.6,18.98,16.9,17.45,766550
2022-05-26,17.5,18.99,17.1,18.62,465410
2022-05-27,18.7,18.86,18.05,18.33,241860
2022-05-30,18.43,20.15,18.4,18.97,637570
2022-05-31,19.39,19.39,18.64,18.93,225730
2022-06-01,19.24,19.24,18.62,18.72,552150
2022-06-02,18.9,19.2,18.68,18.85,234040
2022-06-03,19.09,19.35,17.95,18.29,963600
2022-06-06,19.67,21.66,19.36,20.57,6096880
2022-06-07,20.07,20.77,19.9,20.66,579610
2022-06-08,20.75,20.75,20.06,20.2,386010
2022-06-09,20.08,20.93,20.08,20.61,473780
2022-06-10,20.3,20.58,20.08,20.26,273960
2022-06-13,19.75,19.99,19.01,19.64,303370
2022-06-14,19.64,20.7,19.37,20.35,581150
2022-06-15,20.3,20.7,19.5,19.76,345920
2022-06-16,19.83,20.22,18.67,19.08,258000
2022-06-17,19.0,19.52,18.58,18.9,226630
2022-06-20,19.1,19.1,16.47,17.37,965300
2022-06-21,17.59,18.77,17.4,18.45,484380
2022-06-22,18.65,18.65,18.01,18.24,198010
2022-06-23,18.28,18.48,18.06,18.2,178100
2022-06-24,18.31,18.45,17.91,18.27,231820
2022-06-27,18.67,18.88,18.27,18.59,344840
2022-06-28,18.7,18.88,18.27,18.45,144030
2022-06-29,18.4,19.65,18.29,19.14,331780
2022-06-30,19.29,19.77,18.9,19.27,261210
2022-07-01,19.11,19.6,18.96,19.07,184050
2022-07-04,19.17,19.51,19.13,19.26,150610
2022-07-05,19.34,19.57,19.03,19.16,151290
2022-07-06,19.23,19.3,18.86,19.1,149160
2022-07-07,19.39,19.8,19.11,19.52,246060
2022-07-08,19.55,20.33,19.13,19.43,699700
2022-07-11,19.38,19.74,18.71,19.13,332440
2022-07-12,19.1,19.6,19.0,19.19,148350
2022-07-13,19.22,19.55,19.01,19.17,258980
2022-07-14,19.27,19.31,18.81,18.95,99270
2022-07-15,19.09,19.19,18.6,18.97,192390
2022-07-18,18.98,19.43,18.81,19.07,301420
2022-07-19,19.0,19.25,18.95,19.04,292580
2022-07-20,19.17,19.4,19.02,19.04,251030
2022-07-21,19.1,20.1,19.1,19.45,612580
2022-07-22,19.59,19.81,19.4,19.66,206690
2022-07-25,19.66,20.3,19.51,19.57,329960
2022-07-26,20.2,20.2,18.83,19.22,502910
2022-07-27,19.16,19.7,19.11,19.34,228430
2022-07-28,19.26,19.56,19.24,19.31,144470
2022-07-29,19.59,19.69,19.33,19.54,407950
2022-08-01,19.51,19.9,19.41,19.68,374520
2022-08-02,19.5,20.0,19.33,19.68,335080
2022-08-03,19.67,21.49,19.16,21.23,1877870
2022-08-04,21.35,21.37,20.0,20.26,732930
2022-08-05,20.48,20.59,19.98,20.32,413320
2022-08-08,20.32,20.56,20.14,20.42,174310
2022-08-10,20.53,20.7,20.08,20.31,248890
2022-08-11,20.4,20.56,20.04,20.25,199280
2022-08-12,20.35,20.58,20.22,20.31,203160
2022-08-16,20.37,20.89,20.32,20.39,303960
2022-08-17,20.47,23.44,20.4,23.04,4569130
2022-08-18,23.24,23.79,22.05,22.36,2452850
2022-08-19,22.4,22.83,21.4,21.85,1013090
2022-08-22,22.01,23.47,22.0,22.79,1793890
2022-08-23,22.95,23.47,22.22,22.45,851690
2022-08-24,22.3,22.79,21.86,22.26,784340
2022-08-25,22.56,23.9,22.41,23.03,2288730
2022-08-26,23.37,24.7,23.36,24.4,2876120
2022-08-29,24.1,26.99,24.1,26.77,6709430
2022-08-30,27.5,29.74,27.4,29.2,14172740
2022-09-01,29.39,30.58,28.5,28.72,5619230
2022-09-02,28.89,29.14,26.19,27.25,4472160
2022-09-05,27.35,28.49,26.78,27.2,3593670
2022-09-06,13.86,14.55,13.17,14.54,2838960
2022-09-07,15.05,15.26,14.83,15.26,653630
2022-09-08,16.02,16.02,16.02,16.02,92900
2022-09-09,16.7,16.82,15.5,16.82,1675500
2022-09-12,17.0,17.1,16.1,16.51,767610
2022-09-13,16.74,16.74,15.68,15.71,1246160
2022-09-14,14.95,15.5,14.95,15.44,303410
2022-09-15,15.44,15.78,15.02,15.14,216360
2022-09-16,15.14,15.14,14.6,14.76,280580
2022-09-19,14.55,15.19,14.16,14.93,262260
2022-09-20,14.9,15.19,14.3,14.62,252900
2022-09-21,14.61,14.75,14.2,14.29,148080
2022-09-22,14.3,14.3,13.8,14.23,165940
2022-09-23,14.44,14.44,13.71,14.06,176090
2022-09-26,14.3,14.35,13.52,13.69,163560
2022-09-27,13.89,13.94,13.12,13.74,135350
2022-09-28,13.38,14.43,13.38,14.43,265380
2022-09-29,14.87,14.95,14.26,14.38,103260
2022-09-30,14.38,14.57,13.73,14.4,84360
2022-10-03,14.01,14.57,14.0,14.08,93420
2022-10-04,14.3,14.3,14.0,14.16,165970
2022-10-06,14.3,14.3,13.9,13.96,182610
2022-10-07,14.19,14.19,13.5,13.78,216850
2022-10-10,13.9,13.9,13.4,13.51,199160
2022-10-11,13.7,13.7,13.4,13.56,86110
2022-10-12,13.66,13.68,13.19,13.3,122680
2022-10-13,13.73,13.73,13.01,13.28,104340
2022-10-14,13.6,13.9,13.1,13.5,99590
2022-10-17,13.5,13.5,13.02,13.46,247190
2022-10-18,13.68,13.68,13.23,13.37,503930
2022-10-19,13.59,13.59,13.15,13.46,97020
2022-10-20,13.6,13.6,13.12,13.21,89890
2022-10-21,13.4,13.85,13.08,13.35,157380
2022-10-24,13.02,14.0,13.02,13.53,110860
2022-10-25,13.5,14.1,12.96,13.44,158330
2022-10-27,13.3,13.59,13.28,13.41,75770
2022-10-28,13.4,13.4,13.0,13.22,166080
2022-10-31,13.38,13.88,13.2,13.88,1185170
2022-11-01,14.45,14.45,13.8,14.18,353830
2022-11-02,13.78,14.45,13.48,13.93,284070
2022-11-03,13.94,14.54,13.9,14.43,369770
2022-11-04,14.88,15.15,14.5,15.15,648330
2022-11-07,15.59,15.91,15.59,15.91,430570
2022-11-09,16.7,16.7,16.7,16.7,307780
2022-11-10,17.54,17.54,17.54,17.54,369850
2022-11-11,18.41,18.41,17.02,18.41,6346570
2022-11-14,19.33,19.33,18.01,19.33,6978830
2022-11-15,20.3,20.3,20.3,20.3,388160
2022-11-16,21.31,21.31,21.31,21.31,2492210
2022-11-17,22.37,22.37,22.37,22.37,985190
2022-11-18,23.49,23.49,21.26,23.4,10899400
2022-11-21,24.15,24.57,23.1,24.57,3336250
2022-11-22,24.6,25.8,24.57,25.8,2865250
2022-11-23,25.8,27.08,25.8,27.08,2850550
2022-11-24,27.4,28.43,27.16,28.3,2626600
2022-11-25,28.5,29.5,26.89,27.14,5147180
2022-11-28,25.81,27.5,25.79,25.83,1759570
2022-11-29,25.3,26.77,24.61,25.64,2050010
2022-11-30,25.44,26.61,25.04,26.11,1622490
2022-12-01,26.6,27.4,25.8,27.08,1107430
2022-12-02,27.0,28.43,27.0,28.43,1919010
2022-12-05,28.6,29.84,28.6,29.05,2916190
2022-12-06,28.6,30.5,28.56,30.5,1298100
2022-12-07,31.8,32.02,30.1,32.02,7789700
2022-12-08,31.89,33.62,31.0,33.49,7715480
2022-12-09,34.0,35.0,33.05,34.31,5866070
2022-12-12,34.97,36.02,33.26,35.1,9949910
2022-12-13,35.7,36.02,35.01,35.24,2660410
2022-12-14,35.24,37.0,34.1,36.96,10733300
2022-12-15,36.99,37.44,35.88,36.6,4039690
2022-12-16,36.42,36.66,35.42,36.14,1409940
2022-12-19,37.0,37.0,35.9,36.24,1593850
2022-12-20,36.29,36.3,34.44,34.44,2807870
2022-12-21,32.72,35.42,32.72,32.72,10004730
2022-12-22,32.16,32.6,31.08,31.08,3054410
2022-12-23,29.53,30.07,29.53,29.53,845540
2022-12-26,28.06,30.79,28.06,30.28,4000240
2022-12-27,30.7,31.79,30.3,31.79,3377610
2022-12-28,32.9,33.37,32.17,33.37,1343010
2022-12-29,35.03,35.03,34.23,35.03,2284450
2022-12-30,36.78,36.78,34.16,35.74,4842900
2023-01-02,36.15,37.53,34.24,37.45,10158310
2023-01-03,37.42,38.88,36.4,38.48,4345830
2023-01-04,38.4,39.2,37.28,37.9,2786280
2023-01-05,37.81,38.48,37.1,37.85,2355100
2023-01-06,38.1,38.7,37.56,38.41,3276330
2023-01-09,38.9,39.6,37.64,38.4,5783620
2023-01-10,38.4,38.4,37.17,37.56,1203390
2023-01-11,38.1,38.48,37.16,37.59,2187050
2023-01-12,37.64,39.46,37.01,39.2,6486850
2023-01-13,39.4,40.88,39.13,39.45,2432620
2023-01-16,39.8,40.4,37.77,38.46,1629660
2023-01-17,38.49,40.38,37.81,40.35,8016500
2023-01-18,40.44,42.37,39.5,42.31,7425080
2023-01-19,41.61,43.0,41.43,42.09,1768630
2023-01-20,42.44,42.77,41.58,41.9,1368470
2023-01-23,42.0,42.5,41.53,41.76,885440
2023-01-24,42.15,43.8,41.0,43.35,6782410
2023-01-25,43.65,44.2,41.23,41.89,3094590
2023-01-27,42.0,42.48,39.79,39.79,1623590
2023-01-30,38.2,40.88,38.2,38.77,1391240
2023-01-31,39.96,40.4,38.91,39.34,1672510
2023-02-01,39.51,39.87,37.58,38.27,849370
2023-02-02,38.57,40.17,37.17,37.93,663970
2023-02-03,39.57,39.6,36.46,36.91,1877890
2023-02-06,37.0,37.91,36.49,36.92,1119960
2023-02-07,37.7,37.7,36.21,36.83,1089740
2023-02-08,37.37,37.37,35.68,35.9,617850
2023-02-09,36.0,36.59,35.2,35.76,663310
2023-02-10,35.76,37.0,35.3,36.56,687180
2023-02-13,37.18,37.48,34.73,35.55,953770
2023-02-14,36.22,36.42,35.17,35.92,414630
2023-02-15,36.34,36.34,35.11,35.34,181520
2023-02-16,35.4,36.84,35.2,36.06,455370
2023-02-17,36.3,37.2,35.51,35.77,1280670
2023-02-20,35.88,35.98,33.98,33.98,413680
2023-02-21,33.8,34.72,32.28,32.28,2062600
2023-02-22,31.38,32.88,31.11,31.86,1334520
2023-02-23,31.89,33.45,31.61,33.37,1143310
2023-02-24,33.37,34.9,33.01,33.86,1600380
2023-02-27,33.99,33.99,32.33,32.63,1515990
2023-02-28,32.4,34.24,32.4,33.21,2219960
2023-03-01,33.21,33.65,32.83,32.99,175810
2023-03-02,33.26,33.26,32.5,32.7,696690
2023-03-03,33.14,33.81,32.85,33.04,189700
2023-03-06,33.04,33.48,32.31,32.44,383360
2023-03-08,32.0,32.82,31.99,32.7,306850
2023-03-09,32.88,34.34,32.78,33.53,1200650
2023-03-10,33.69,33.97,32.69,33.21,305610
2023-03-13,33.4,33.6,31.67,32.05,425090
2023-03-14,32.5,32.7,31.11,32.47,232030
2023-03-15,32.3,32.97,31.01,31.6,957310
2023-03-16,31.58,32.41,30.8,32.24,355460
2023-03-17,32.7,32.7,31.8,31.92,257960
2023-03-20,31.31,32.99,30.9,31.77,4170340
2023-03-21,31.91,31.91,30.18,30.78,733170
2023-03-22,30.67,31.5,30.33,30.78,342800
2023-03-23,30.9,31.4,30.6,30.83,3872740
2023-03-24,31.2,32.17,29.53,30.13,1466540
2023-03-27,29.8,29.86,28.62,28.77,2452600
2023-03-28,28.85,30.21,28.36,29.89,2990960
2023-03-29,29.89,31.0,29.61,29.83,2476030
2023-03-31,29.87,31.32,29.87,31.32,1921650
2023-04-03,31.9,32.88,31.6,32.88,529760
2023-04-05,33.8,34.52,33.8,34.52,307770
2023-04-06,36.0,36.24,35.48,36.24,1206710
2023-04-10,37.99,38.06,35.6,38.01,6941830
2023-04-11,37.78,38.8,36.76,37.69,2908430
2023-04-12,37.69,38.44,36.2,36.44,2207830
2023-04-13,36.35,37.74,36.11,36.53,1610610
2023-04-17,36.0,36.79,35.66,36.06,2034940
2023-04-18,36.5,37.14,35.42,35.91,2054880
2023-04-19,35.6,36.4,34.41,35.05,1791850
2023-04-20,35.75,35.75,34.52,34.72,2009050
2023-04-21,34.2,36.45,34.1,34.84,2371680
2023-04-24,34.72,35.27,33.86,34.23,1664500
2023-04-25,34.42,34.47,33.82,34.19,1791980
2023-04-26,34.1,35.88,34.03,34.49,3091500
2023-04-27,34.39,34.39,33.72,34.11,1984130
2023-04-28,34.27,35.6,34.12,34.59,2827360
2023-05-02,34.59,35.8,34.35,34.49,2173400
2023-05-03,34.49,35.35,34.2,34.35,2182910
2023-05-04,34.05,34.99,33.95,34.06,3287720
2023-05-05,34.24,34.78,33.88,34.28,2608030
2023-05-08,34.28,34.4,33.3,34.05,2711790
2023-05-09,34.45,34.53,33.53,33.65,3394990
2023-05-10,33.79,35.33,33.57,34.41,3453930
2023-05-11,34.65,36.13,34.62,36.13,8528830
2023-05-12,36.1,36.99,34.32,34.32,3745630
2023-05-15,33.21,34.2,33.0,33.18,2312360
2023-05-16,33.38,33.49,31.9,32.03,2637840
2023-05-17,32.49,32.7,31.7,32.1,2106670
2023-05-18,32.47,33.3,31.8,32.87,1367220
2023-05-19,32.87,33.1,32.1,32.31,1916900
2023-05-22,32.79,32.82,31.28,31.63,1845490
2023-05-23,31.7,32.13,30.5,30.68,1705720
2023-05-24,30.1,32.21,29.68,32.2,1575870
2023-05-25,32.67,32.75,30.85,31.2,2421140
2023-05-26,31.1,31.55,31.0,31.16,1156880
2023-05-29,31.47,31.97,30.65,30.86,1556560
2023-05-30,31.03,31.95,30.91,31.56,1668330
2023-05-31,31.56,31.89,31.25,31.33,1283550
2023-06-01,31.58,32.27,31.07,31.23,2563020
2023-06-02,31.54,31.72,30.9,31.19,1060830
2023-06-05,31.5,32.74,31.28,31.94,5443470
2023-06-06,32.15,33.2,32.0,32.8,2833520
2023-06-07,32.8,32.8,31.73,32.16,2807090
2023-06-08,32.45,32.59,31.27,31.75,2059160
2023-06-09,31.75,32.17,31.29,31.62,550100
2023-06-12,32.07,32.5,31.5,31.95,2210170
2023-06-13,32.13,32.35,31.46,31.88,3659960
2023-06-14,31.76,31.95,31.31,31.76,720130
2023-06-15,32.08,32.08,31.31,31.44,625830
2023-06-16,31.61,32.92,31.29,32.34,2515390
2023-06-19,32.64,32.9,31.95,32.21,1477350
2023-06-20,32.21,33.2,32.02,32.34,1931570
2023-06-21,32.48,32.87,31.81,32.14,851600
2023-06-22,32.14,32.6,31.84,31.94,590830
2023-06-23,32.33,32.33,31.02,31.18,546940
2023-06-26,31.28,31.5,30.81,31.3,550490
2023-06-27,31.62,31.7,30.99,31.47,623850
2023-06-28,31.5,32.21,30.84,31.93,2404250
2023-06-30,32.12,32.29,31.31,31.86,1259470
2023-07-03,31.84,32.5,31.6,32.14,2039480
2023-07-04,32.5,32.7,31.81,32.16,3148140
2023-07-05,32.16,32.4,30.9,31.46,935170
2023-07-06,31.48,32.38,31.4,32.06,956340
2023-07-07,32.38,32.38,31.7,32.09,323590
2023-07-10,32.09,32.1,31.12,31.63,593420
2023-07-11,31.94,31.94,31.2,31.35,702040
2023-07-12,31.7,32.77,31.46,32.04,2571180
2023-07-13,32.35,32.74,31.78,32.24,2162200
2023-07-14,32.68,33.1,31.78,31.93,1152930
2023-07-17,32.1,32.49,31.73,32.14,1193660
2023-07-18,32.45,32.45,31.61,31.82,913520
2023-07-19,31.9,32.1,31.34,31.78,577940
2023-07-20,31.92,32.0,31.61,31.7,351600
2023-07-21,31.76,32.23,31.32,31.49,848430
2023-07-24,31.49,31.8,31.0,31.21,526040
2023-07-25,31.56,31.7,30.9,31.07,694920
2023-07-26,31.32,31.49,30.97,31.05,665460
2023-07-27,31.44,31.44,30.56,30.69,3023040
2023-07-28,31.0,31.0,30.04,30.43,844910
2023-07-31,30.77,31.3,30.37,30.91,1849630
2023-08-01,31.29,31.53,30.8,31.06,1076060
2023-08-02,31.06,31.14,30.1,30.33,913050
2023-08-03,30.63,30.7,30.06,30.45,540460
2023-08-04,30.45,30.92,30.0,30.24,426390
2023-08-07,30.54,31.03,29.41,30.19,3901420
2023-08-08,30.18,30.68,30.0,30.09,886000
2023-08-09,30.11,30.31,29.5,30.0,757430
2023-08-10,30.1,30.22,29.6,29.77,320850
2023-08-11,29.77,30.02,29.5,29.7,539650
2023-08-14,29.9,29.9,28.74,29.39,413740
2023-08-16,29.68,29.68,28.22,28.4,771800
2023-08-17,28.66,29.34,28.41,28.57,470060
2023-08-18,28.5,28.9,28.1,28.41,405790
2023-08-21,28.4,29.2,28.11,29.05,220810
2023-08-22,29.16,29.55,28.6,29.34,622220
2023-08-23,29.7,30.9,29.22,29.81,2979460
2023-08-24,29.99,32.99,29.86,31.35,3055420
2023-08-25,31.5,32.12,30.9,31.45,1198590
2023-08-28,31.5,31.85,30.77,31.14,655750
2023-08-29,31.36,31.41,30.37,30.86,976380
2023-08-30,31.05,31.31,29.85,30.02,1638450
2023-08-31,30.32,30.32,29.3,29.59,802870
2023-09-01,29.79,30.67,29.78,30.31,719170
2023-09-04,31.0,31.01,30.41,30.59,1425430
2023-09-05,30.81,31.1,30.18,30.3,873860
2023-09-06,30.48,30.73,30.21,30.63,598520
2023-09-07,30.94,30.94,30.2,30.37,528940
2023-09-08,30.57,30.92,30.37,30.62,606020
2023-09-11,30.8,31.31,30.59,30.67,826010
2023-09-12,30.87,31.09,29.28,29.75,990780
2023-09-13,29.94,30.11,28.94,29.4,685900
2023-09-14,29.67,30.3,29.56,29.94,328550
2023-09-15,30.29,30.29,29.4,29.75,636730
2023-09-18,29.75,29.93,28.55,29.06,1961490
2023-09-20,29.21,29.5,28.93,29.34,342460
2023-09-21,29.6,29.8,28.84,29.65,509990
2023-09-22,29.8,30.2,29.08,29.26,1845340
2023-09-25,29.15,29.96,29.05,29.72,304600
2023-09-26,29.98,29.98,29.25,29.73,174340
2023-09-27,29.73,29.84,29.11,29.48,202070
2023-09-28,29.76,29.84,29.03,29.15,251320
2023-09-29,29.2,29.45,28.8,29.01,267360
2023-10-03,29.2,29.78,28.71,29.66,363350
2023-10-04,29.69,31.49,29.4,30.74,3903340
2023-10-05,31.1,31.5,30.7,31.04,3288610
2023-10-06,31.27,31.39,30.7,31.11,1786920
2023-10-09,30.58,31.27,30.26,30.43,584000
2023-10-10,30.45,30.6,29.8,29.93,526750
2023-10-11,30.14,30.42,29.32,29.39,729720
2023-10-12,29.4,29.75,29.16,29.54,537900
2023-10-13,29.49,30.26,29.05,29.31,757680
2023-10-16,29.5,30.49,29.38,30.21,1019010
2023-10-17,30.55,32.0,30.25,31.13,3469280
2023-10-18,31.37,31.85,30.1,30.23,2206850
2023-10-19,30.25,30.64,30.03,30.26,1340260
2023-10-20,30.38,30.52,29.02,29.25,2154960
2023-10-23,29.0,29.39,27.46,27.92,1913580
2023-10-25,27.81,28.59,27.35,28.42,1344540
2023-10-26,28.42,28.42,26.0,27.36,1776810
2023-10-27,27.47,28.45,27.32,28.02,1179830
2023-10-30,28.18,28.18,27.52,27.8,191060
2023-10-31,28.06,28.3,27.33,28.09,922070
2023-11-01,28.09,28.8,28.09,28.41,1006320
2023-11-02,28.7,29.09,28.0,28.14,1050780
2023-11-03,28.32,29.29,28.21,28.73,873950
2023-11-06,28.82,29.2,28.2,28.38,962560
2023-11-07,28.56,29.5,28.42,29.12,1363510
2023-11-08,29.28,29.8,29.01,29.22,1237560
2023-11-09,29.25,29.57,28.71,29.08,1455580
2023-11-10,29.14,29.99,29.05,29.72,1260730
2023-11-12,30.1,30.3,29.72,29.91,265830
2023-11-13,30.0,30.04,29.36,29.5,784330
2023-11-15,29.8,30.9,29.55,30.39,1694630
2023-11-16,30.3,30.43,29.67,29.77,1621750
2023-11-17,29.77,30.7,29.77,30.09,1844570
2023-11-20,30.08,30.5,29.6,29.73,1149670
2023-11-21,29.89,30.1,29.4,29.66,993570
2023-11-22,29.7,29.91,29.48,29.59,902540
2023-11-23,29.7,29.76,29.0,29.1,1372770
2023-11-24,29.16,29.7,28.55,28.81,1350780
2023-11-28,28.92,29.5,28.4,28.76,1302340
2023-11-29,28.87,29.07,28.49,28.57,1284840
2023-11-30,28.68,29.45,28.41,28.84,948520
2023-12-01,28.99,29.45,28.3,28.4,1738820
2023-12-04,28.9,29.65,28.34,29.11,2741900
2023-12-05,29.25,30.15,29.23,29.51,1716950
2023-12-06,29.65,30.05,29.0,29.36,1196230
2023-12-07,29.41,29.8,29.0,29.2,1455140
2023-12-08,29.32,29.7,28.82,29.08,1789200
2023-12-11,29.23,29.3,27.4,28.28,2444790
2023-12-12,28.99,28.99,28.3,28.44,1176860
2023-12-13,28.56,28.56,27.87,28.15,1564170
2023-12-14,28.5,28.72,27.37,27.61,2864620
2023-12-15,27.75,27.88,26.89,27.43,2844530
2023-12-18,27.44,28.5,27.34,28.14,1615720
2023-12-19,28.25,28.5,28.0,28.39,1537120
2023-12-20,28.82,28.82,26.24,26.94,2455650
2023-12-21,26.87,28.8,26.58,28.13,2316720
2023-12-22,28.37,29.7,28.22,29.12,3489490
2023-12-26,29.21,31.2,29.15,30.89,5114180
2023-12-27,31.1,36.9,31.1,36.48,33193910
2023-12-28,36.54,38.5,35.72,37.92,14941400
2023-12-29,37.94,37.94,35.72,36.59,3970960
2024-01-01,36.59,37.49,36.26,36.49,1562440
2024-01-02,36.94,36.94,33.76,34.79,2689950
2024-01-03,34.97,35.9,34.19,34.63,1663270
2024-01-04,35.0,35.78,33.5,35.21,2598150
2024-01-05,35.8,35.98,34.81,35.17,1966010
2024-01-08,35.2,35.63,34.35,35.35,3108250
2024-01-09,35.67,42.41,35.35,41.29,24092910
2024-01-10,43.4,44.64,42.4,43.82,16719640
2024-01-11,44.87,45.27,43.82,44.86,5090650
2024-01-12,45.1,49.3,45.0,47.24,10160020
2024-01-15,47.4,49.1,44.05,47.07,3674210
2024-01-16,46.9,47.36,44.04,45.59,2091490
2024-01-17,45.25,47.3,44.0,46.4,2471460
2024-01-18,46.29,51.04,44.45,50.89,18647620
2024-01-19,52.0,55.98,51.7,55.98,10931690
2024-01-20,56.97,60.36,56.97,59.06,5726280
2024-01-23,62.01,62.01,56.11,56.35,4913290
2024-01-24,56.51,59.16,55.6,59.16,4028640
2024-01-25,59.12,60.2,58.03,58.55,1438250
2024-01-29,58.63,59.42,56.8,57.23,1171050
2024-01-30,57.6,58.68,56.5,57.85,987190
2024-01-31,58.47,58.69,55.57,56.99,1008050
2024-02-01,57.76,59.2,55.6,57.96,3359110
2024-02-02,58.56,59.8,56.05,56.66,4664870
2024-02-05,57.37,57.84,54.2,56.26,2417680
2024-02-06,56.9,58.95,56.06,56.97,5756040
2024-02-07,57.7,59.81,57.6,58.62,4263970
2024-02-08,58.29,61.0,57.15,58.15,7317290
2024-02-09,58.4,59.01,56.09,58.18,1256300
2024-02-12,58.37,60.47,56.01,56.73,4659080
2024-02-13,53.9,56.15,53.9,54.67,1512870
2024-02-14,54.3,57.4,53.31,56.06,4179280
2024-02-15,56.5,57.2,54.01,54.78,531300
2024-02-16,56.0,57.51,54.28,57.48,3897300
2024-02-19,58.5,59.95,57.41,58.71,1149310
2024-02-20,59.18,61.5,58.41,60.72,2994950
2024-02-21,61.5,62.8,59.0,59.18,3454720
2024-02-22,60.7,62.13,59.14,61.74,2213610
2024-02-23,63.0,63.75,58.84,60.56,2014360
2024-02-26,60.01,60.75,58.02,59.03,1316110
2024-02-27,59.79,60.1,58.6,59.65,1222720
2024-02-28,59.5,62.63,58.5,62.53,9210230
2024-02-29,61.51,62.6,60.26,61.42,1766420
2024-03-01,62.2,64.49,62.12,64.49,4650080
2024-03-02,65.3,66.87,63.0,65.33,1005250
2024-03-04,65.5,65.5,62.54,63.42,3418320
2024-03-05,63.42,63.42,60.66,60.92,1511800
2024-03-06,61.49,61.49,58.46,59.06,1956650
2024-03-07,61.0,61.6,59.21,61.06,1748980
2024-03-11,61.45,61.45,58.01,58.01,1033280
2024-03-12,56.54,57.0,55.11,55.11,1586880
2024-03-13,54.11,54.82,52.35,52.35,1227370
2024-03-14,50.8,54.97,49.82,54.97,3827960
2024-03-15,54.98,56.77,54.02,55.1,827680
2024-03-18,55.61,55.61,52.85,53.29,294040
2024-03-19,52.51,53.48,51.22,51.7,342170
2024-03-20,51.7,52.48,49.12,49.82,777280
2024-03-21,51.0,52.31,50.57,52.31,868420
2024-03-22,52.36,54.88,52.0,52.75,3259850
2024-03-26,53.0,53.01,50.3,50.93,919730
2024-03-27,50.63,53.47,50.6,51.26,4739220
2024-03-28,50.13,53.82,50.13,51.61,9115400
2024-04-01,51.99,54.19,51.96,54.15,2382040
2024-04-02,54.5,56.85,54.5,56.85,1349590
2024-04-03,57.66,58.97,56.2,56.87,958360
2024-04-04,57.9,57.9,54.8,55.12,1124790
2024-04-05,55.41,56.35,54.99,55.83,353370
2024-04-08,57.0,57.5,55.09,55.96,446770
2024-04-09,56.8,56.9,54.01,55.22,1371350
2024-04-10,56.0,56.0,54.69,55.31,352950
2024-04-12,55.5,55.5,54.12,54.32,1024840
2024-04-15,53.15,54.32,52.08,53.0,1046210
2024-04-16,52.5,53.2,51.92,52.57,1354030
2024-04-18,52.98,54.0,51.51,52.17,711240
2024-04-19,52.03,52.29,50.8,51.99,226030
2024-04-22,51.6,53.09,51.6,52.53,315440
2024-04-23,53.0,54.94,52.51,53.99,659920
2024-04-24,54.1,55.01,52.91,53.19,333640
2024-04-25,54.7,54.7,53.01,53.11,171940
2024-04-26,53.22,54.5,52.73,53.94,323380
2024-04-29,53.43,55.55,53.43,53.77,519250
2024-04-30,54.2,56.45,53.5,56.42,3134080
2024-05-02,57.4,57.4,53.61,54.69,3160670
2024-05-03,54.7,55.2,52.0,52.52,1339760
2024-05-06,53.0,53.9,51.34,52.0,751540
2024-05-07,53.4,53.4,51.21,52.01,386120
2024-05-08,52.79,53.54,50.94,53.03,2291820
2024-05-09,52.99,53.31,50.7,51.05,264440
2024-05-10,51.8,52.2,50.01,50.79,1435120
2024-05-13,52.1,52.1,49.5,50.25,759130
2024-05-14,50.34,52.76,50.34,52.52,3003220
2024-05-15,52.5,53.3,51.2,51.53,335610
2024-05-16,51.9,53.64,51.5,51.69,724720
2024-05-17,51.74,52.31,50.5,50.85,473510
2024-05-18,50.6,52.39,50.52,51.78,107920
2024-05-21,51.21,53.59,50.81,52.77,796100
2024-05-22,53.0,54.4,52.15,52.6,1041780
2024-05-23,53.5,53.5,51.51,52.0,368170
2024-05-24,52.18,54.1,51.94,52.38,4075160
2024-05-27,52.57,52.61,51.7,52.3,2168490
2024-05-28,52.1,54.2,52.1,53.33,8568140
2024-05-29,53.44,54.2,52.01,52.57,2004280
2024-05-30,52.2,53.82,51.05,51.67,745690
2024-05-31,52.44,52.44,49.55,50.69,845440
2024-06-03,51.8,53.2,50.75,50.97,855030
2024-06-04,51.0,52.0,48.43,49.37,1140350
2024-06-05,49.38,49.59,47.1,48.1,844080
2024-06-06,48.1,50.5,48.1,50.5,506230
2024-06-07,51.5,55.27,51.5,52.49,3839890
2024-06-10,52.84,54.0,52.61,52.85,5748770
2024-06-11,53.12,56.75,53.0,55.46,8298760
2024-06-12,55.9,56.11,53.52,54.56,2593210
2024-06-13,54.6,58.18,54.0,56.21,7585940
2024-06-14,56.35,57.4,54.7,54.93,1412710
2024-06-18,55.16,57.89,55.16,55.76,2227810
2024-06-19,56.0,56.81,54.61,55.2,1304030
2024-06-20,55.19,55.27,54.0,54.12,1610300
2024-06-21,54.1,56.5,52.5,54.28,2657540
2024-06-24,54.0,56.39,53.55,55.29,2080650
2024-06-25,55.4,56.1,53.55,53.85,2184620
2024-06-26,53.91,54.23,53.1,53.51,1625050
2024-06-27,53.66,54.8,52.53,52.81,1566030
2024-06-28,52.98,53.0,51.72,51.86,1788930
2024-07-01,52.0,55.35,51.94,54.49,3709210
2024-07-02,54.68,58.29,54.2,56.08,9808830
2024-07-03,57.0,57.99,55.56,56.73,4466400
2024-07-04,56.98,58.72,56.11,56.45,3791740
2024-07-05,56.45,57.0,55.25,55.72,1850380
2024-07-08,55.41,56.87,54.58,55.02,1720460
2024-07-09,55.98,55.98,52.8,53.26,2411390
2024-07-10,53.15,53.65,51.2,52.16,1850030
2024-07-11,53.0,54.01,52.2,53.36,1877620
2024-07-12,53.24,56.41,52.64,55.03,3984100
2024-07-15,54.23,55.7,53.94,54.2,1373220
2024-07-16,54.2,54.81,53.5,53.85,569230
2024-07-18,53.98,54.0,51.5,52.7,1424500
2024-07-19,52.94,53.0,51.3,51.63,1673940
2024-07-22,51.63,52.9,51.01,51.56,1590800
2024-07-23,51.58,52.14,49.96,51.44,1216060
2024-07-24,51.1,51.79,50.39,50.71,1840440
2024-07-25,50.71,51.95,50.5,50.66,1427240
2024-07-26,51.09,52.06,50.61,51.36,1554770
2024-07-29,51.61,52.48,50.7,51.04,1953030
2024-07-30,51.55,51.69,50.49,50.71,1992090
2024-07-31,50.5,51.6,50.21,50.89,2744090
2024-08-01,50.96,53.21,50.9,51.33,2158360
2024-08-02,50.93,51.1,50.3,50.63,1486350
2024-08-05,50.2,50.24,47.48,47.74,1819250
2024-08-06,48.46,48.99,47.63,48.25,1468650
2024-08-07,48.56,51.5,48.28,50.13,2001740
2024-08-08,50.13,51.33,49.72,49.97,2251710
2024-08-09,50.18,54.25,49.5,49.51,7097320
2024-08-12,50.5,50.99,49.51,49.94,1400750
2024-08-13,49.9,50.39,48.6,49.02,1274010
2024-08-14,49.53,49.8,48.01,48.21,1472850
2024-08-16,48.69,49.3,48.04,48.65,1363930
2024-08-19,49.29,50.31,48.01,48.57,1866530
2024-08-20,48.7,49.5,48.5,49.16,1334840
2024-08-21,49.57,49.99,48.6,48.75,1391930
2024-08-22,49.09,49.42,47.91,48.14,1370950
2024-08-23,48.01,49.0,47.69,48.19,1503320
2024-08-26,48.19,56.5,48.1,55.18,14426430
2024-08-27,55.77,58.69,53.29,57.27,12619330
2024-08-28,57.54,59.06,54.88,55.64,4782150
2024-08-29,55.8,56.94,55.01,55.77,2547310
2024-08-30,55.7,57.6,55.7,56.08,2235910
2024-09-02,56.09,56.69,55.01,56.15,1926470
2024-09-03,56.15,58.8,54.63,58.16,4841510
2024-09-04,57.89,59.51,56.85,57.15,3990860
2024-09-05,57.99,58.74,57.15,57.79,2275820
2024-09-06,57.9,63.47,57.51,61.92,24935690
2024-09-09,62.44,64.6,60.56,61.59,13651690
2024-09-10,61.7,63.82,61.24,62.96,6462790
2024-09-11,62.52,62.52,58.87,59.42,36189570
2024-09-12,59.8,64.9,59.41,64.3,27533620
2024-09-13,64.88,67.3,63.28,63.62,12734670
2024-09-16,63.66,64.67,60.79,61.12,5066910
2024-09-17,61.48,62.91,60.0,60.3,7544960
2024-09-18,60.4,61.5,60.11,60.92,3583820
2024-09-19,61.01,62.0,58.01,58.89,7227740
2024-09-20,59.2,60.65,58.53,58.97,3771310
2024-09-23,60.0,62.1,59.39,60.9,3781630
2024-09-24,61.25,61.7,60.14,60.29,2377240
2024-09-25,60.75,63.0,59.58,61.27,4029870
2024-09-26,61.7,61.96,60.2,61.05,2461310
2024-09-27,60.0,60.88,56.99,58.55,6626480
2024-09-30,58.15,61.0,57.12,60.41,4187300
2024-10-01,60.91,61.9,59.67,60.29,3113240
2024-10-03,59.4,60.27,55.83,56.98,3508540
2024-10-04,56.99,58.25,55.9,56.7,3090070
2024-10-07,57.0,57.45,50.51,51.11,5690670
2024-10-08,51.2,52.84,50.61,52.36,2991360
2024-10-09,52.78,53.87,51.11,51.36,2186360
2024-10-10,51.7,53.85,50.85,53.1,4996140
2024-10-11,52.2,55.59,52.1,55.02,2534460
2024-10-14,55.19,55.8,54.0,54.3,1707650
2024-10-15,54.02,54.95,53.51,54.25,3999290
2024-10-16,54.3,54.48,53.16,53.64,1477590
2024-10-17,53.8,53.8,51.84,52.22,787070
2024-10-18,52.17,52.5,50.96,51.73,849610
2024-10-21,51.12,52.09,48.97,49.94,2451230
2024-10-22,50.2,50.29,46.38,46.93,4374850
2024-10-23,47.63,49.5,46.17,47.49,4506610
2024-10-24,47.96,48.0,46.45,46.82,3468580
2024-10-25,46.7,47.8,43.85,44.35,1840560
2024-10-28,45.08,46.0,43.55,45.16,6080600
2024-10-29,45.84,45.84,43.75,44.37,2694430
2024-10-30,44.48,48.96,44.48,48.26,5492480
2024-10-31,47.24,49.4,47.17,48.88,1808070
2024-11-01,48.8,50.64,48.8,49.23,639670
2024-11-04,49.34,52.4,47.76,51.95,2357290
2024-11-05,51.12,53.5,50.65,52.77,2395460
2024-11-06,52.7,53.98,52.36,53.3,1388570
2024-11-07,53.48,53.7,52.69,52.81,731980
2024-11-08,53.09,53.29,51.55,51.76,401580
2024-11-11,51.94,52.52,51.21,51.75,413160
2024-11-12,51.9,52.41,48.0,48.42,954720
2024-11-13,48.36,48.99,46.71,47.05,451700
2024-11-14,47.76,49.12,47.06,48.07,866760
2024-11-18,48.26,49.0,47.8,48.62,4530180
2024-11-19,48.48,49.36,47.28,47.85,2058720
2024-11-21,47.85,47.85,46.11,46.36,371470
2024-11-22,46.28,46.89,45.9,46.28,796450
2024-11-25,47.44,47.44,45.71,46.18,566460
2024-11-26,46.32,46.89,45.78,45.92,729830
2024-11-27,46.51,52.4,46.5,49.87,8096160
2024-11-28,49.87,50.96,49.39,49.8,781860
2024-11-29,49.99,51.2,49.21,49.4,1640120
2024-12-02,49.4,49.5,48.47,49.29,1046560
2024-12-03,49.3,50.7,48.95,49.32,1551840
2024-12-04,49.3,51.34,49.3,50.19,1661320
2024-12-05,50.85,50.85,49.6,49.74,703510
2024-12-06,50.28,52.85,49.72,52.01,3648040
2024-12-09,52.5,52.59,50.63,50.85,754420
2024-12-10,51.3,51.32,50.21,50.75,696180
2024-12-11,50.75,52.17,50.0,51.09,778890
2024-12-12,51.6,52.89,51.01,51.36,1554920
2024-12-13,51.7,51.7,48.96,49.7,1081560
2024-12-16,51.0,51.6,49.71,49.99,1137600
2024-12-17,49.66,50.49,49.0,49.31,993250
2024-12-18,49.34,50.24,49.1,49.25,772250
2024-12-19,49.0,50.2,48.64,49.91,577670
2024-12-20,49.7,50.08,46.72,47.32,1219430
2024-12-23,48.4,48.4,46.51,46.8,759270
2024-12-24,47.46,47.94,46.52,46.81,540960
2024-12-26,47.0,50.2,47.0,49.64,1440030
2024-12-27,49.74,51.0,49.02,49.29,795770
2024-12-30,49.54,50.0,48.24,48.46,739860
2024-12-31,48.95,48.95,48.1,48.55,422120
2025-01-01,48.78,50.31,48.78,49.77,572080
2025-01-02,49.9,51.88,49.9,51.37,2538570
2025-01-03,52.0,52.5,50.4,50.55,998410
2025-01-06,50.99,50.99,45.99,46.99,3066680
2025-01-07,47.8,48.88,47.23,47.93,2399820
2025-01-08,48.25,48.8,43.25,44.5,1990976
2025-01-09,44.0,52.65,42.9,51.0,12414446
2025-01-10,49.95,50.5,45.65,46.4,3489474
2025-01-13,46.0,46.3,41.5,43.2,882022
2025-01-14,43.85,45.3,41.6,42.65,1782508
2025-01-15,43.0,44.4,41.5,42.0,5426553
2025-01-16,42.6,43.95,42.4,42.8,672208
2025-01-17,42.75,47.5,42.25,46.55,2531100
2025-01-20,46.5,46.6,44.5,44.9,562663
2025-01-21,45.3,45.9,43.1,44.25,3469395
2025-01-22,44.5,44.5,42.6,43.3,595609
2025-01-23,43.95,43.95,42.8,43.05,474015
2025-01-24,43.0,43.3,41.55,41.85,888343
2025-01-27,41.85,41.85,39.6,40.5,582766
2025-01-28,40.55,41.2,37.1,37.65,881992
2025-01-29,38.95,41.95,38.25,40.85,907664
2025-01-30,40.85,41.65,40.1,40.95,859784
2025-01-31,40.5,42.9,40.45,41.05,507266
2025-02-01,41.2,41.69,39.5,40.24,414665
2025-02-03,40.0,40.2,38.9,39.11,780531
2025-02-04,39.28,41.0,39.26,40.78,1812757
2025-02-05,40.65,41.14,40.47,40.65,234189
2025-02-06,41.2,41.2,39.11,39.48,707656
2025-02-07,39.99,40.73,39.16,40.21,1505616
2025-02-10,40.11,40.38,39.3,40.24,500092
2025-02-11,41.0,41.0,37.0,37.98,952310
2025-02-12,38.17,38.82,35.35,37.73,936861
2025-02-13,38.1,38.85,37.22,37.99,406916
2025-02-14,38.24,38.25,34.96,35.32,828083
2025-02-17,35.0,35.23,31.5,32.95,1478355
2025-02-18,33.2,33.76,31.1,31.45,822176
2025-02-19,31.55,33.46,31.55,33.04,741296
2025-02-20,32.5,34.14,32.05,33.71,1379180
2025-02-21,33.92,34.8,32.1,32.5,871007
2025-02-24,32.38,32.68,31.11,31.53,1073288
2025-02-25,31.3,32.27,30.91,31.5,1406510
2025-02-27,31.6,31.82,30.1,30.28,615837
2025-02-28,30.2,31.34,29.16,29.83,1751630
2025-03-03,30.05,30.55,27.36,29.12,1711077
2025-03-04,28.81,32.7,28.36,30.95,1647621
2025-03-05,30.86,34.69,30.86,34.02,5675363
2025-03-06,34.25,35.87,34.25,35.7,886419
2025-03-07,35.4,36.6,34.75,35.21,800313
2025-03-10,35.15,36.35,33.0,33.22,1090018
2025-03-11,33.2,34.19,31.25,31.68,1260638
2025-03-12,31.7,33.05,30.56,31.04,1320046
2025-03-13,31.25,31.85,30.2,31.52,2064309
2025-03-17,31.35,32.18,30.4,30.48,1885825
2025-03-18,30.62,32.13,30.46,31.77,4169063
2025-03-19,32.05,32.8,30.77,31.91,3722698
2025-03-20,32.4,32.84,31.51,31.84,1460801
2025-03-21,32.02,33.95,31.4,33.44,2139672
2025-03-24,33.44,34.5,32.01,32.43,4964834
2025-03-25,32.7,33.4,31.46,31.74,4290859
2025-03-26,31.95,31.95,29.74,30.06,6403759
2025-03-27,30.0,31.3,29.71,30.48,3575295
2025-03-28,31.0,32.8,29.2,29.54,2095107
2025-04-01,30.0,30.8,29.57,30.02,2256097
2025-04-02,30.33,30.64,29.2,29.72,4083904
2025-04-03,29.72,30.33,29.39,29.68,1430491
2025-04-04,29.7,29.9,28.0,29.1,2802267
2025-04-07,27.5,27.66,25.21,26.38,2210483
2025-04-08,27.01,27.94,26.7,27.18,1245263
2025-04-09,27.29,27.3,25.1,25.64,6474678
2025-04-11,27.99,27.99,25.95,26.46,4710201
2025-04-15,27.0,28.9,26.64,28.29,4350289
2025-04-16,28.66,29.21,26.85,27.32,2174811
2025-04-17,27.7,27.77,26.0,26.47,3870987
2025-04-21,26.85,27.86,26.08,27.65,1243975
2025-04-22,27.98,29.27,27.55,28.54,2615848
2025-04-23,29.13,29.2,27.93,28.33,1489555
2025-04-24,28.47,29.09,28.13,28.3,1309986
2025-04-25,28.51,28.51,26.62,26.97,2779240
2025-04-28,26.85,27.35,26.6,26.93,746180
2025-04-29,27.1,28.9,26.73,28.52,8496273
2025-04-30,28.52,28.52,26.75,27.27,1796415
2025-05-02,26.98,27.48,26.02,26.91,1961203
2025-05-05,26.95,28.54,26.1,28.04,5847737
2025-05-06,28.15,28.41,27.36,27.9,1407007
2025-05-07,27.5,27.8,26.96,27.42,933527
2025-05-08,28.3,29.66,25.79,26.2,7031588
2025-05-09,25.9,26.14,25.15,25.87,3004535
2025-05-12,27.2,27.68,26.7,27.17,2182721
2025-05-13,27.44,27.65,26.0,26.99,1503685
2025-05-14,27.19,28.25,26.41,27.94,1823198
2025-05-15,28.11,28.94,28.07,28.55,1538449
2025-05-16,28.49,29.24,28.42,28.96,1225632
2025-05-19,29.3,30.3,29.05,30.22,2650840
2025-05-20,30.46,30.58,28.95,29.14,1360284
2025-05-21,29.28,29.45,28.55,28.94,972576
2025-05-22,28.93,29.26,28.42,28.54,1067468
2025-05-23,28.75,28.75,28.2,28.52,640771
2025-05-26,28.95,32.2,28.57,31.0,10743695
2025-05-27,31.44,32.2,30.0,30.96,17500193
2025-05-28,32.25,33.87,31.0,33.0,13734193
2025-05-29,33.48,34.49,33.2,34.0,5853801
2025-05-30,34.0,34.83,33.6,33.99,2618492
2025-06-02,33.78,33.99,32.1,32.94,1930695
2025-06-03,32.94,34.25,32.66,33.25,5782545
2025-06-04,33.37,33.84,33.27,33.71,1204151
2025-06-05,33.74,34.65,33.11,33.39,2239924
2025-06-06,33.4,33.57,33.14,33.24,883893
2025-06-09,33.44,33.9,33.07,33.44,774071
2025-06-10,33.5,33.69,33.25,33.41,856615
2025-06-11,33.62,35.95,33.57,33.96,9535884
2025-06-12,34.13,34.24,32.8,33.27,1526878
2025-06-13,30.22,33.0,30.22,32.45,1974830
2025-06-16,32.69,34.49,31.5,31.97,8761318
2025-06-17,31.96,32.79,31.18,31.38,2813146
2025-06-18,31.05,32.3,30.21,31.37,3743069
2025-06-19,31.57,31.66,29.83,30.36,3793853
2025-06-20,30.48,31.33,30.15,31.0,985807
2025-06-23,30.55,31.05,29.96,30.67,2044713
2025-06-24,30.83,31.58,29.26,29.92,2817981
2025-06-25,30.25,31.48,30.18,31.35,1692393
2025-06-26,31.49,31.5,30.8,31.0,929336
2025-06-27,31.12,32.08,30.82,31.23,2290459
2025-06-30,31.51,32.19,30.81,31.17,3024005
2025-07-01,31.29,31.8,30.9,31.5,1859712
2025-07-02,34.0,34.75,30.55,30.93,34636792
2025-07-03,30.71,31.19,30.62,30.98,3074715
2025-07-04,31.0,31.2,30.7,31.05,1042455
2025-07-07,31.0,31.19,29.95,30.46,2575514
2025-07-08,30.42,30.94,29.96,30.31,1752929
2025-07-09,30.3,30.68,30.0,30.08,1516969
2025-07-10,30.09,30.36,29.81,29.93,908173
2025-07-11,29.9,30.38,29.72,30.15,1021132
2025-07-14,30.07,30.19,29.66,29.84,776260
2025-07-15,29.99,30.65,29.89,30.48,1165705
2025-07-16,30.3,30.48,30.13,30.19,527885
2025-07-17,30.2,30.45,30.07,30.19,747483
2025-07-18,30.29,30.43,29.9,30.07,775805
2025-07-21,30.07,30.22,29.95,30.1,472885
2025-07-22,30.28,30.28,29.48,29.58,779700
2025-07-23,29.72,30.0,29.36,29.75,396809
2025-07-24,29.82,30.4,29.68,30.15,599393
2025-07-25,30.0,30.49,29.4,29.85,979100
2025-07-28,29.5,29.79,29.4,29.45,439655
2025-07-29,29.4,29.82,28.83,29.47,714395
2025-07-30,29.58,29.82,29.02,29.28,434002
2025-07-31,30.53,31.5,29.0,30.18,2547227
2025-08-01,29.9,30.32,29.77,29.97,477299
2025-08-04,30.23,30.9,29.63,30.38,514553
2025-08-05,30.79,30.79,29.9,29.95,744017
2025-08-06,30.1,30.17,29.46,29.53,372023
2025-08-07,29.62,30.0,29.01,29.47,1400741
2025-08-08,29.59,30.85,29.26,29.9,987041
2025-08-11,29.98,30.33,29.0,29.43,1009702
2025-08-12,30.59,30.59,28.65,28.98,1806222
2025-08-13,29.01,29.7,29.01,29.55,349915
2025-08-14,29.85,29.85,29.25,29.37,326569
2025-08-18,29.45,29.89,29.2,29.32,408042
2025-08-19,29.26,29.7,28.99,29.15,967542
2025-08-20,29.21,29.69,29.1,29.48,347865
2025-08-21,29.58,30.1,29.46,29.64,636802
2025-08-22,29.65,29.79,27.99,28.33,1648519
2025-08-25,28.38,28.38,27.61,27.74,1929020
2025-08-26,27.86,28.0,27.4,27.54,520537
2025-08-28,27.51,27.72,27.1,27.59,680337
2025-08-29,27.65,29.1,27.43,28.15,631492
2025-09-01,28.3,28.82,27.65,28.59,684315
2025-09-02,28.69,29.16,28.45,28.74,2095231
2025-09-03,28.86,29.14,28.46,28.73,595240
2025-09-04,28.93,29.65,28.36,28.56,1152418
2025-09-05,28.56,28.74,28.15,28.25,366868
2025-09-08,28.41,28.9,28.32,28.64,653901
2025-09-09,28.8,29.28,28.66,28.81,585028
2025-09-10,28.9,29.09,28.4,28.67,629767
2025-09-11,28.73,29.19,28.73,28.88,227281
2025-09-12,28.99,29.1,28.5,29.01,450731
2025-09-15,29.07,30.45,29.05,29.49,2789305
2025-09-16,29.56,29.64,29.02,29.44,1642612
2025-09-17,29.43,29.99,29.26,29.34,1491443
2025-09-18,29.34,29.85,29.03,29.09,1439220
2025-09-19,29.01,29.39,28.95,29.04,698102
2025-09-22,29.04,29.26,27.99,28.27,972042
2025-09-23,28.35,28.6,27.95,28.19,516144
2025-09-24,28.17,28.39,27.9,27.99,456971
2025-09-25,27.97,28.34,27.55,27.68,472082
2025-09-26,27.7,27.99,25.23,26.39,1394736
2025-09-29,26.29,28.2,26.28,27.66,2079323
2025-09-30,27.95,28.5,27.45,28.05,1105568
2025-10-01,28.05,32.99,27.8,28.59,4750547
2025-10-03,28.88,29.0,28.01,28.56,2246433
2025-10-06,28.67,28.77,28.25,28.44,1084152
2025-10-07,28.41,28.85,28.0,28.08,735735
2025-10-08,28.0,28.33,27.81,27.94,577676
2025-10-09,27.25,29.3,27.25,27.92,1256513
2025-10-10,28.17,29.25,27.93,28.85,1034885
2025-10-13,28.85,28.89,27.61,28.01,736294
2025-10-14,28.1,28.23,27.5,27.65,614641
2025-10-15,27.65,27.88,26.3,27.26,940847
2025-10-16,27.26,27.7,26.96,27.19,694834
2025-10-17,27.19,27.36,26.69,26.81,567094
2025-10-20,26.81,27.25,26.65,27.06,536439
2025-10-21,27.5,27.6,27.15,27.41,100869
2025-10-23,27.6,27.73,27.08,27.26,442399
2025-10-24,27.24,28.46,27.18,27.95,771457
2025-10-27,28.03,28.03,27.2,27.39,475965
2025-10-28,27.14,27.58,26.99,27.24,496110
2025-10-29,27.59,28.15,27.28,27.9,619314
2025-10-30,28.2,29.2,27.76,28.28,1581823
2025-10-31,28.3,28.34,27.5,27.67,560069
2025-11-03,27.51,28.05,27.51,27.68,324327
2025-11-04,27.68,27.93,27.42,27.48,434027
2025-11-06,27.48,27.64,27.0,27.07,383876
2025-11-07,27.0,27.18,26.75,26.98,382429
2025-11-10,26.91,29.25,26.81,29.04,7075254
2025-11-11,29.42,29.42,27.1,27.72,2012434
2025-11-12,27.94,28.3,27.79,28.07,393023
2025-11-13,27.52,28.13,27.52,27.91,240646
2025-11-14,27.87,27.87,27.0,27.28,503731
2025-11-17,27.28,27.57,27.02,27.16,416913
2025-11-18,27.2,27.28,26.92,27.09,351387
2025-11-19,27.08,27.26,26.5,26.77,1233344
2025-11-20,26.89,27.08,26.56,26.77,399837
2025-11-21,26.62,26.79,26.13,26.41,517118
2025-11-24,26.55,26.63,26.1,26.18,403641
2025-11-25,26.02,26.5,25.6,25.92,900924
2025-11-26,25.86,26.8,25.85,26.14,1566461
2025-11-27,26.14,26.29,25.93,26.2,217934
2025-11-28,26.2,26.39,25.97,26.1,336162
2025-12-01,26.1,26.5,26.03,26.08,194078
2025-12-02,26.08,27.34,25.68,26.18,466760
2025-12-03,26.08,26.19,25.56,26.13,1016091
2025-12-04,26.09,26.41,25.0,25.76,501446
2025-12-05,25.76,25.99,25.26,25.49,432050
2025-12-08,25.49,26.0,24.45,24.94,591135
2025-12-09,24.94,25.68,23.19,25.12,1327663
2025-12-10,25.08,25.71,25.0,25.12,362279
2025-12-11,25.05,25.9,25.05,25.65,406871
2025-12-12,25.56,26.0,25.56,25.93,390541
2025-12-15,25.93,26.0,25.02,25.6,859107
2025-12-16,25.4,26.24,24.5,24.61,2135120
2025-12-17,24.62,25.6,23.11,23.35,1676149
2025-12-18,23.37,23.77,21.7,22.08,2221172
2025-12-19,22.11,22.9,21.92,22.58,1186694
2025-12-22,22.7,23.36,22.66,22.96,1068414
2025-12-23,23.09,23.83,22.83,23.39,747672
2025-12-24,23.26,23.78,23.22,23.55,647615
2025-12-26,23.51,23.75,23.07,23.2,1080159
2025-12-29,23.22,25.51,23.22,24.57,2803199
2025-12-30,24.5,25.25,24.29,25.11,870504
2025-12-31,25.1,25.98,24.65,24.95,2130586
2026-01-01,25.0,25.38,24.93,25.22,365995
2026-01-02,25.17,25.4,25.01,25.29,637943
2026-01-05,25.01,25.46,24.75,24.99,1436178
2026-01-06,24.99,25.07,23.11,23.58,5481736
2026-01-07,23.85,24.0,22.74,23.43,4758269
2026-01-08,23.23,23.74,23.01,23.36,884760
2026-01-09,23.15,23.46,21.96,22.37,1729986
2026-01-12,22.37,23.0,21.8,22.59,1084980
2026-01-13,22.56,22.91,22.28,22.39,741510
2026-01-14,22.2,22.6,22.19,22.46,656682
2026-01-16,22.89,23.46,22.11,22.16,736713
2026-01-19,22.25,22.66,21.92,22.36,641070
2026-01-20,22.26,22.31,21.7,21.85,681764
2026-01-21,21.75,22.46,21.0,21.95,1437249
2026-01-22,21.87,22.35,21.56,21.94,1139136
2026-01-23,21.94,22.06,20.75,21.08,899574
2026-01-27,21.0,23.95,20.6,23.3,9292661
2026-01-28,23.65,25.25,21.5,22.03,10824185
2026-01-29,22.3,24.75,21.91,22.63,11158352
2026-01-30,22.9,22.96,21.11,21.41,5308447
2026-02-01,21.9,21.96,21.02,21.47,1080633
2026-02-02,21.25,21.45,20.5,21.08,1677737
2026-02-03,21.98,22.66,21.0,21.27,943633
2026-02-04,21.34,22.13,21.34,21.85,1331153
2026-02-05,21.9,22.3,21.61,22.03,657332
2026-02-06,21.95,22.1,21.66,21.99,369625
2026-02-09,22.3,23.05,22.14,22.85,1108283
2026-02-10,22.84,23.84,22.59,23.54,1614469
2026-02-11,23.66,23.87,22.13,22.42,4865556
2026-02-12,22.75,22.75,22.05,22.53,964698
2026-02-13,22.42,22.45,21.3,21.74,1886134
2026-02-16,22.5,23.12,21.2,21.55,1912546
2026-02-17,21.64,22.72,21.37,22.0,1214593
2026-02-18,21.82,22.22,21.71,21.89,723932
2026-02-19,21.71,22.19,21.5,21.53,868188
2026-02-20,21.53,22.01,21.33,21.51,670603
2026-02-23,21.51,21.85,21.04,21.29,719846
2026-02-24,21.1,21.71,21.0,21.55,832528
2026-02-25,21.41,23.25,20.25,21.24,13806034
2026-02-26,21.25,23.3,21.25,22.9,8236550
2026-02-27,23.0,23.5,22.61,22.98,2277204
2026-03-02,22.05,23.05,21.57,22.67,2725843
2026-03-04,22.54,22.54,21.76,21.86,1257284
2026-03-05,22.25,22.36,21.63,22.06,1059175
2026-03-06,21.78,22.64,21.78,22.25,770410
2026-03-09,22.0,22.01,20.95,21.8,1707877
2026-03-10,21.7,23.39,21.66,22.88,1528175
2026-03-11,22.88,23.36,22.4,22.5,619346
2026-03-12,22.5,23.1,21.75,22.24,697707
2026-03-13,22.28,22.28,21.52,21.93,1581238
2026-03-16,21.89,22.0,21.44,21.89,1195847
2026-03-17,22.0,22.0,21.65,21.74,373868
2026-03-18,21.26,22.18,21.26,21.71,935040
2026-03-19,21.5,21.84,20.49,20.88,2062162
2026-03-20,21.1,21.39,20.95,21.12,729617
2026-03-23,21.01,21.02,19.06,19.26,2711634
2026-03-24,19.5,20.22,19.5,19.68,1300902
2026-03-25,19.73,20.38,19.35,19.48,1460118
2026-03-27,19.48,19.8,18.39,18.61,2696860
2026-03-30,18.5,19.2,16.15,17.29,2861728
2026-04-01,18.38,19.02,17.5,18.79,1249499
2026-04-02,17.6,19.49,17.6,19.1,971517
2026-04-06,19.0,20.24,18.66,19.76,1343173
2026-04-07,19.85,20.85,19.37,20.34,1649917
2026-04-08,21.5,21.84,20.93,21.58,1704481
2026-04-09,21.3,22.3,21.16,21.6,923573
2026-04-10,21.92,22.43,21.45,22.07,1282847
2026-04-13,21.11,22.1,21.1,21.86,708177
2026-04-15,22.31,22.83,22.03,22.67,846519
2026-04-16,23.0,23.02,22.38,22.66,1255323
2026-04-17,22.89,23.13,22.66,22.98,831963
2026-04-20,22.9,22.98,21.5,21.81,1166512
2026-04-21,22.16,22.84,21.7,22.5,1331509
2026-04-22,22.45,23.45,22.09,22.84,1241561
2026-04-23,22.84,23.24,22.24,22.34,495397
2026-04-24,22.36,22.62,21.61,21.84,538428
2026-04-27,21.9,23.19,21.9,22.83,1388454
2026-04-28,23.0,23.15,22.7,22.95,614197
2026-04-29,22.6,24.0,22.6,23.08,1158307
2026-04-30,23.08,23.41,22.66,23.12,567600
2026-05-04,23.12,24.0,23.0,23.82,1065839
2026-05-05,23.94,24.1,23.25,23.68,810422
2026-05-06,24.17,24.55,23.69,24.34,1385443
2026-05-07,24.7,25.55,23.99,25.35,2581396
2026-05-08,25.46,27.0,24.98,26.68,3664459
2026-05-11,26.65,27.4,25.7,26.68,2574253
2026-05-12,26.9,27.24,25.12,25.53,1923390
2026-05-13,25.9,25.94,25.31,25.54,1014192
2026-05-14,25.6,26.41,24.05,24.81,1413686
2026-05-15,24.95,25.65,24.31,24.85,970397
2026-05-18,24.7,24.87,23.9,24.28,672066
2026-05-19,24.05,24.72,24.05,24.12,449511
2026-05-20,23.9,24.7,23.6,24.17,501965
2026-05-21,24.29,24.7,24.17,24.47,603307
2026-05-22,24.55,25.16,24.37,24.72,376096
2026-05-25,25.08,25.39,24.77,24.89,516424
2026-05-26,24.89,25.65,24.76,25.45,725046
2026-05-27,25.51,25.9,25.35,25.53,724400
2026-05-29,25.16,25.41,23.5,24.04,1483562
2026-06-01,24.08,24.25,22.87,23.31,662085
2026-06-02,23.36,23.75,23.01,23.64,393053
2026-06-03,23.52,24.55,23.31,24.41,520970
2026-06-04,24.27,26.99,24.0,25.72,11117753
2026-06-05,26.0,26.8,24.6,24.98,1450573
2026-06-08,24.5,26.95,24.09,25.76,5736032
2026-06-09,26.0,27.5,26.0,27.28,6355996
2026-06-10,27.79,27.9,26.83,27.22,3730867
2026-06-11,27.0,28.4,26.37,28.2,5622547
2026-06-12,28.7,29.45,28.28,29.29,2494603
2026-06-15,30.0,30.99,29.51,30.64,3896157
2026-06-16,31.1,31.7,30.84,31.2,3035150
2026-06-17,31.2,31.34,30.16,30.33,2094547
2026-06-18,30.33,30.73,29.55,29.76,1409344
2026-06-19,29.5,30.0,28.28,28.83,782895
2026-06-22,28.9,29.75,28.5,28.88,671240
2026-06-23,29.5,29.75,28.25,29.08,634165
2026-06-24,29.5,29.7,28.4,28.92,311584
2026-06-25,28.92,29.0,27.52,28.23,567404
2026-06-29,28.4,29.2,27.86,28.96,770481
2026-06-30,29.25,30.0,28.9,29.96,829494
2026-07-01,30.8,31.4,29.5,31.1,1613549
2026-07-02,31.4,31.65,30.22,30.76,875769
2026-07-03,30.6,31.75,30.4,31.25,1522620
2026-07-06,32.0,32.81,31.08,32.81,763012
2026-07-07,34.0,34.45,32.1,32.63,1607965
2026-07-08,32.0,32.6,31.0,31.01,1585792
2026-07-09,31.5,32.56,31.01,32.56,575053
2026-07-10,34.18,34.18,31.1,33.02,2809986
2026-07-13,32.0,32.48,31.37,32.05,1666400
2026-07-14,31.75,33.0,31.05,31.46,375576
2026-07-15,31.4,32.6,31.01,31.77,839273
2026-07-16,32.39,33.3,31.7,32.66,967575
2026-07-17,32.99,34.0,32.0,33.54,1061472
2026-07-20,33.59,34.7,32.8,33.66,713787
2026-07-21,34.6,34.6,33.0,33.53,561365
2026-07-22,33.86,34.1,33.15,33.76,445658
2026-07-23,34.28,35.1,32.5,34.97,1544141
2026-07-24,34.97,36.5,34.0,36.14,1445290
2026-07-27,36.5,37.0,35.7,36.76,836699
2026-07-28,37.0,37.06,34.93,35.8,962270
2026-07-29,36.45,36.9,34.91,35.85,610815
2026-07-30,34.71,35.1,34.06,34.06,832028
2026-07-31,34.06,34.9,32.4,34.3,484805
2026-08-03,34.3,34.89,33.44,34.55,367286
2026-08-04,34.0,34.8,33.8,34.55,385016
2026-08-05,34.01,34.99,34.01,34.61,312864
2026-08-06,34.4,35.7,34.15,35.05,295702
2026-08-07,35.5,35.9,34.9,35.18,337671
2026-08-10,35.18,35.9,34.95,35.19,205165
2026-08-11,35.5,35.8,34.5,34.98,373654
2026-08-12,35.49,35.49,33.35,33.88,250043
2026-08-13,33.25,34.35,33.25,33.44,2361411
2026-08-14,34.19,35.11,31.77,34.75,1026983
2026-08-17,35.4,35.4,33.3,33.85,449019
2026-08-18,33.51,33.9,32.99,33.37,218408
2026-08-19,32.8,34.79,32.71,33.78,1224901
2026-08-20,33.93,34.77,33.15,33.66,313830
2026-08-21,33.65,35.34,33.65,35.22,916494
2026-08-24,36.0,36.66,33.66,34.57,554981
2026-08-25,34.0,35.99,34.0,35.44,853936
2026-08-26,35.45,36.0,35.0,35.84,431990
2026-08-27,35.8,35.95,34.3,35.63,432221
2026-08-28,35.8,36.5,35.03,36.17,425421
2026-08-31,36.0,37.4,35.05,36.58,681405
2026-09-01,36.8,38.0,36.0,36.16,1698440
2026-09-02,35.3,37.62,35.0,37.45,1034547
2026-09-03,37.5,39.15,36.6,38.77,1196583
2026-09-04,39.05,40.44,38.5,39.24,1255794
2026-09-07,39.63,40.2,39.15,39.88,817834
2026-09-08,40.88,40.95,39.6,40.25,844372
2026-09-09,40.45,40.89,39.0,39.38,732140
2026-09-10,39.5,40.72,38.5,39.22,519572
2026-09-11,40.0,40.0,37.65,39.09,860023
2026-09-15,39.68,39.7,38.1,38.66,432685
2026-09-16,38.26,39.0,36.76,38.83,1085219
2026-09-17,38.8,39.69,38.0,39.5,738033
2026-09-18,39.0,41.05,39.0,41.05,947462
2026-09-21,41.0,43.25,40.05,42.48,3044269
2026-09-22,43.19,43.7,41.0,41.51,1778308
2026-09-23,41.17,42.04,39.65,40.77,1666669
2026-09-24,41.3,41.3,39.0,40.34,748522
2026-09-25,41.0,41.0,39.6,39.96,483951
2026-09-28,40.35,40.35,38.12,39.0,918441
2026-09-29,38.26,38.85,37.41,38.41,838480
2026-09-30,38.15,40.25,37.81,38.08,554860
2026-10-01,38.28,38.28,36.34,37.59,1112530
2026-10-05,37.5,38.2,36.4,36.73,663573
2026-10-06,37.15,37.94,36.41,37.31,716062
2026-10-07,37.42,39.5,37.13,38.08,1810766
2026-10-08,38.36,38.48,36.31,36.71,888363
2026-10-09,36.71,37.23,35.68,36.47,1146557
