Datetime,Open,High,Low,Close,Volume
2022-12-23,471.0,481.15,446.2,458.4,3133125
2022-12-26,459.6,463.7,431.15,445.2,335189
2022-12-27,446.95,477.0,440.5,474.75,497930
2022-12-28,474.9,474.9,461.0,461.65,96944
2022-12-29,461.5,464.45,450.95,454.55,76091
2022-12-30,460.0,471.05,459.75,463.9,75924
2023-01-02,462.0,482.85,459.9,476.85,140283
2023-01-03,460.15,518.25,460.15,508.05,646792
2023-01-04,510.95,518.5,494.35,496.6,346623
2023-01-05,500.0,533.4,496.1,528.45,719443
2023-01-06,528.05,581.7,518.35,554.0,1930295
2023-01-09,573.65,573.65,524.1,540.5,342918
2023-01-10,540.95,549.85,493.2,527.05,476914
2023-01-11,532.0,561.95,522.1,548.55,561535
2023-01-12,550.0,557.85,536.6,545.15,182847
2023-01-13,549.5,571.0,540.55,564.1,496606
2023-01-16,564.65,569.25,542.05,549.95,170059
2023-01-17,552.95,573.45,542.25,558.45,220716
2023-01-18,570.0,598.8,556.8,587.15,562421
2023-01-19,584.15,622.9,574.0,614.1,674570
2023-01-20,609.0,632.9,601.0,620.4,513878
2023-01-23,622.0,648.0,611.05,635.6,309991
2023-01-24,635.0,649.4,630.1,641.3,344866
2023-01-25,639.7,655.8,633.1,647.8,162795
2023-01-27,649.35,652.85,603.0,618.3,284617
2023-01-30,618.3,635.95,572.15,626.1,282071
2023-01-31,623.0,633.4,611.9,624.75,92974
2023-02-01,630.0,643.0,608.85,616.85,95577
2023-02-02,616.0,633.95,610.05,614.5,87606
2023-02-03,614.15,628.0,610.0,615.15,92300
2023-02-06,611.0,634.95,611.0,627.6,75460
2023-02-07,631.95,634.45,623.6,626.4,54752
2023-02-08,624.0,629.95,610.05,610.65,75116
2023-02-09,610.6,628.0,610.0,624.3,141403
2023-02-10,626.5,655.0,622.95,646.0,189581
2023-02-13,646.85,674.95,633.0,645.35,187916
2023-02-14,639.0,640.8,608.1,616.6,122314
2023-02-15,620.05,629.85,610.0,623.8,97446
2023-02-16,625.0,629.75,613.7,616.7,83495
2023-02-17,615.0,621.5,610.0,612.3,44313
2023-02-20,611.5,620.1,604.05,612.65,54799
2023-02-21,615.0,625.0,561.55,589.45,207306
2023-02-22,589.45,590.95,558.5,564.5,81716
2023-02-23,571.0,574.75,552.9,559.35,48807
2023-02-24,556.0,569.85,556.0,563.6,30553
2023-02-27,567.05,572.35,537.0,543.65,361225
2023-02-28,554.85,554.85,535.0,538.95,52318
2023-03-01,541.0,565.9,540.1,553.95,43086
2023-03-02,556.05,562.7,540.0,552.1,21608
2023-03-03,554.55,557.5,545.55,549.5,27012
2023-03-06,555.0,556.75,546.6,551.15,17726
2023-03-08,544.0,555.6,538.0,547.15,15615
2023-03-09,560.0,560.0,534.0,537.8,23166
2023-03-10,537.0,565.0,524.5,559.35,59222
2023-03-13,565.0,572.05,532.5,539.2,34971
2023-03-14,550.0,550.0,505.0,526.6,36048
2023-03-15,548.95,548.95,520.9,528.25,204086
2023-03-16,535.0,535.0,505.35,512.7,28388
2023-03-17,520.0,527.0,506.1,515.15,44413
2023-03-20,502.0,535.4,485.05,489.1,58709
2023-03-21,500.0,500.0,482.1,491.75,173015
2023-03-22,503.0,532.45,489.8,511.2,160955
2023-03-23,512.05,544.0,512.05,540.25,82562
2023-03-24,545.8,557.6,538.55,544.35,91784
2023-03-27,544.95,553.0,527.2,536.3,71070
2023-03-28,536.3,542.45,507.7,512.4,24301
2023-03-29,512.35,533.55,504.85,509.3,178328
2023-03-31,531.0,547.0,507.0,543.5,236233
2023-04-03,548.0,556.0,540.45,543.95,180977
2023-04-05,550.8,559.9,535.85,550.1,47255
2023-04-06,550.75,559.4,547.6,553.3,25863
2023-04-10,550.0,559.4,542.1,549.05,18710
2023-04-11,549.05,559.0,542.55,557.25,61739
2023-04-12,560.0,574.2,551.55,566.45,104158
2023-04-13,575.0,575.0,563.25,572.4,127549
2023-04-17,576.0,590.55,567.3,580.55,258358
2023-04-18,584.9,585.0,571.0,573.05,85710
2023-04-19,582.0,582.0,567.0,570.55,26538
2023-04-20,580.0,580.0,551.05,566.5,63756
2023-04-21,574.0,574.0,552.35,555.0,46200
2023-04-24,559.95,570.95,555.25,564.2,49009
2023-04-25,564.2,572.5,560.0,567.4,20350
2023-04-26,560.7,570.0,557.5,567.1,25602
2023-04-27,567.0,572.0,562.1,567.2,15795
2023-04-28,575.4,588.9,569.55,577.95,44089
2023-05-02,577.9,584.5,568.55,570.95,26039
2023-05-03,561.35,605.0,561.35,600.4,140847
2023-05-04,623.7,626.95,604.35,621.2,284841
2023-05-05,625.65,631.7,608.05,620.2,100458
2023-05-08,610.9,634.75,610.9,625.05,76328
2023-05-09,629.6,635.0,615.25,626.3,41853
2023-05-10,629.9,660.05,624.0,648.1,141806
2023-05-11,649.35,670.5,649.35,661.15,153786
2023-05-12,667.7,670.5,652.55,665.95,37997
2023-05-15,663.45,718.0,660.4,691.5,133006
2023-05-16,691.7,701.4,657.25,673.4,80841
2023-05-17,673.5,682.35,651.7,668.3,139017
2023-05-18,671.0,685.0,656.0,663.7,55343
2023-05-19,673.65,678.7,657.45,669.1,77142
2023-05-22,667.05,684.95,656.45,661.25,71339
2023-05-23,662.3,707.85,659.9,692.8,140764
2023-05-24,692.95,696.35,679.0,688.8,28779
2023-05-25,688.8,698.95,682.4,687.65,20158
2023-05-26,686.75,729.7,681.55,692.8,105597
2023-05-29,692.0,708.4,671.0,700.4,104938
2023-05-30,703.0,733.0,682.3,710.85,440789
2023-05-31,715.0,729.95,697.65,703.0,89231
2023-06-01,705.0,709.95,686.0,687.75,50010
2023-06-02,694.95,696.3,685.0,687.35,28995
2023-06-05,690.0,691.65,665.2,679.55,57910
2023-06-06,679.55,684.0,658.0,669.3,69303
2023-06-07,672.1,688.45,672.1,676.6,27717
2023-06-08,683.25,683.25,666.2,674.5,32777
2023-06-09,677.05,695.95,676.0,683.9,40162
2023-06-12,685.0,685.0,666.1,670.45,36154
2023-06-13,676.2,718.9,671.25,701.6,169806
2023-06-14,710.5,740.0,703.6,730.15,123408
2023-06-15,730.15,743.85,721.35,730.15,91658
2023-06-16,723.0,734.8,679.0,686.25,651284
2023-06-19,692.9,705.0,666.1,678.6,436365
2023-06-20,687.0,692.0,672.05,683.95,160237
2023-06-21,682.0,689.45,670.0,675.1,81529
2023-06-22,677.0,691.3,658.2,662.4,100285
2023-06-23,705.0,730.0,685.0,717.15,2701155
2023-06-26,729.8,754.9,690.0,691.45,1010562
2023-06-27,698.7,734.0,693.05,724.95,436531
2023-06-28,727.5,766.0,725.0,748.95,552505
2023-06-30,755.0,755.0,709.05,711.9,406021
2023-07-03,716.95,733.85,701.5,723.55,183020
2023-07-04,729.0,737.5,714.95,727.75,95755
2023-07-05,733.5,741.65,720.0,737.6,97050
2023-07-06,736.7,758.9,727.25,744.45,78413
2023-07-07,720.0,763.25,720.0,759.75,169984
2023-07-10,760.0,769.0,739.25,764.7,96713
2023-07-11,765.0,780.0,765.0,771.95,194451
2023-07-12,766.5,780.8,755.0,760.75,78549
2023-07-13,761.0,771.45,729.55,735.4,191833
2023-07-14,743.95,747.95,722.5,740.15,117967
2023-07-17,748.0,770.0,741.0,764.0,134511
2023-07-18,756.0,756.0,728.0,733.9,324952
2023-07-19,743.85,752.7,730.55,749.95,110579
2023-07-20,748.85,757.55,725.55,731.45,65861
2023-07-21,738.7,750.0,730.0,734.45,78550
2023-07-24,738.95,742.4,725.0,736.3,64678
2023-07-25,736.3,742.5,716.0,729.65,40236
2023-07-26,738.95,738.95,730.0,733.5,28902
2023-07-27,725.3,738.9,713.45,718.6,34637
2023-07-28,719.15,734.0,708.7,729.5,41622
2023-07-31,738.0,740.4,723.05,728.2,54810
2023-08-01,729.0,747.8,725.75,734.15,62520
2023-08-02,740.9,741.6,717.8,727.3,61257
2023-08-03,716.55,733.4,703.1,711.0,127744
2023-08-04,719.8,726.9,711.0,716.25,222916
2023-08-07,729.95,739.0,721.0,726.15,100399
2023-08-08,730.0,737.45,715.0,717.15,108117
2023-08-09,720.05,737.5,714.95,717.4,121237
2023-08-10,717.35,754.5,712.85,716.35,229883
2023-08-11,724.0,728.3,710.95,714.45,46405
2023-08-14,688.0,730.0,683.65,725.0,166225
2023-08-16,728.75,728.75,703.0,718.05,44079
2023-08-17,727.95,743.45,709.05,712.1,283586
2023-08-18,714.95,723.0,713.05,716.15,56599
2023-08-21,715.0,724.9,712.05,720.5,38020
2023-08-22,724.0,733.95,719.4,732.0,53587
2023-08-23,734.0,740.5,725.6,731.2,50800
2023-08-24,731.15,739.9,718.4,721.8,45093
2023-08-25,727.0,727.95,712.35,724.95,20207
2023-08-28,724.95,733.9,712.2,716.8,102048
2023-08-29,724.5,724.5,701.0,705.45,144414
2023-08-30,707.05,717.5,701.1,710.35,188350
2023-08-31,717.0,717.0,699.0,704.85,69136
2023-09-01,705.0,713.95,699.05,703.5,64096
2023-09-04,705.0,721.0,705.0,716.35,108864
2023-09-05,720.4,720.4,711.15,713.3,131985
2023-09-06,710.35,738.0,710.35,732.5,225954
2023-09-07,738.25,742.1,720.35,724.25,81400
2023-09-08,766.0,863.3,756.05,809.25,2070076
2023-09-11,821.0,828.0,781.0,787.15,258161
2023-09-12,794.7,795.0,737.3,755.5,171230
2023-09-13,758.0,816.45,740.35,800.05,252895
2023-09-14,814.45,814.45,790.15,798.7,75409
2023-09-15,798.8,817.5,783.75,790.55,72947
2023-09-18,814.7,814.7,775.5,784.6,79824
2023-09-20,770.0,813.9,770.0,807.65,218534
2023-09-21,806.8,809.8,790.0,799.0,50746
2023-09-22,801.6,807.8,785.7,788.5,87672
2023-09-25,789.5,802.1,782.1,790.9,95411
2023-09-26,793.3,799.15,776.35,786.3,80029
2023-09-27,786.3,794.0,780.4,789.05,50721
2023-09-28,783.35,791.35,770.0,781.95,63144
2023-09-29,786.65,790.1,775.0,782.1,54555
2023-10-03,788.8,830.0,779.3,822.75,146894
2023-10-04,820.0,827.6,785.1,802.65,102456
2023-10-05,805.55,811.0,785.0,788.9,72140
2023-10-06,785.15,816.9,776.0,783.85,59141
2023-10-09,790.1,798.0,770.3,777.95,69155
2023-10-10,780.3,789.75,772.55,779.0,62745
2023-10-11,781.4,793.85,781.4,788.3,58375
2023-10-12,797.0,805.5,790.8,795.0,83346
2023-10-13,791.25,804.9,783.65,787.7,117471
2023-10-16,785.0,792.15,770.05,775.15,83724
2023-10-17,782.8,793.0,773.25,777.4,89198
2023-10-18,777.55,792.0,760.0,766.15,93858
2023-10-19,760.0,772.1,756.0,757.95,41040
2023-10-20,755.15,764.95,735.55,740.35,114432
2023-10-23,727.35,741.25,710.65,716.0,95102
2023-10-25,721.0,731.35,700.0,708.2,143289
2023-10-26,708.2,727.4,684.25,710.7,132344
2023-10-27,710.7,735.1,709.8,724.2,47030
2023-10-30,725.0,730.45,712.0,716.4,50806
2023-10-31,727.9,727.9,705.7,710.6,34684
2023-11-01,715.0,720.95,695.05,698.85,76952
2023-11-02,703.0,710.7,693.05,698.25,52013
2023-11-03,708.7,708.7,684.3,690.55,78129
2023-11-06,690.0,710.4,683.0,686.25,287360
2023-11-07,696.55,700.8,681.0,685.65,230371
2023-11-08,692.5,708.05,681.0,704.5,154944
2023-11-09,706.95,712.85,681.45,684.55,122731
2023-11-10,687.75,704.2,674.0,700.8,191190
2023-11-12,706.9,740.0,704.9,728.4,84441
2023-11-13,723.45,761.95,712.75,759.15,230626
2023-11-15,760.0,764.85,738.05,753.8,104200
2023-11-16,748.95,758.65,737.25,741.7,52366
2023-11-17,743.95,779.0,734.55,770.9,257253
2023-11-20,776.8,797.0,765.6,784.6,191478
2023-11-21,785.0,798.0,767.9,772.95,78225
2023-11-22,774.0,780.0,753.1,762.95,67500
2023-11-23,762.05,770.7,745.5,753.5,282281
2023-11-24,750.0,761.25,721.15,727.0,144685
2023-11-28,737.3,760.4,730.1,746.05,177089
2023-11-29,747.05,761.0,737.75,742.3,201510
2023-11-30,746.05,806.4,743.05,784.9,569079
2023-12-01,780.0,788.25,774.0,777.55,138658
2023-12-04,790.0,792.35,764.55,769.05,86269
2023-12-05,776.3,788.9,768.15,777.4,71439
2023-12-06,780.75,823.0,780.75,788.3,297974
2023-12-07,796.05,797.0,762.35,779.65,137737
2023-12-08,785.0,790.05,773.3,784.35,58482
2023-12-11,787.05,793.0,763.55,774.9,75673
2023-12-12,775.0,784.4,753.45,757.0,75112
2023-12-13,761.0,787.9,753.55,782.1,126927
2023-12-14,785.0,798.0,779.25,788.95,136545
2023-12-15,785.0,826.4,782.0,794.4,149380
2023-12-18,830.0,887.95,819.2,863.5,1427462
2023-12-19,854.95,874.9,824.65,828.2,253235
2023-12-20,850.05,861.4,772.6,779.05,758540
2023-12-21,782.4,808.8,773.85,793.4,468778
2023-12-22,793.4,817.3,790.2,811.3,190528
2023-12-26,811.95,813.95,778.35,787.0,117537
2023-12-27,790.9,799.4,781.15,788.4,91955
2023-12-28,792.3,819.3,783.7,816.65,269474
2023-12-29,817.0,837.0,805.7,834.3,189320
2024-01-01,838.8,838.8,820.0,826.65,31040
2024-01-02,826.65,829.0,800.85,804.6,70527
2024-01-03,809.9,811.6,795.05,799.2,43664
2024-01-04,802.0,808.65,793.9,797.35,71135
2024-01-05,799.05,810.0,786.0,789.8,72615
2024-01-08,798.95,805.55,781.0,797.1,111231
2024-01-09,798.25,863.4,794.1,849.1,396809
2024-01-10,850.95,854.85,821.6,829.05,185269
2024-01-11,839.6,841.9,811.0,815.2,119939
2024-01-12,820.85,833.9,808.0,814.45,120543
2024-01-15,824.0,843.65,815.05,840.85,77648
2024-01-16,865.0,876.0,843.0,856.85,388654
2024-01-17,841.6,866.0,823.05,832.65,164941
2024-01-18,838.8,839.9,801.55,830.45,120016
2024-01-19,834.6,840.55,820.9,831.25,52453
2024-01-20,823.0,844.0,823.0,830.85,33666
2024-01-23,840.0,844.4,805.6,812.7,40401
2024-01-24,811.75,823.35,795.95,812.6,64139
2024-01-25,816.7,824.25,802.45,820.9,39448
2024-01-29,850.95,854.4,831.6,840.8,72972
2024-01-30,844.95,855.85,828.0,839.55,100247
2024-01-31,838.75,851.8,830.05,835.4,82879
2024-02-01,834.5,843.55,811.25,817.55,67457
2024-02-02,819.8,835.35,814.9,832.8,61404
2024-02-05,838.95,838.95,806.8,811.45,80309
2024-02-06,807.0,833.0,786.5,825.15,192804
2024-02-07,848.5,905.0,820.35,856.4,351875
2024-02-08,850.0,877.0,822.05,829.9,185894
2024-02-09,828.0,831.0,807.0,818.7,53083
2024-02-12,799.7,818.0,743.3,746.3,419794
2024-02-13,758.0,760.3,710.0,718.95,159782
2024-02-14,718.95,745.35,718.95,741.1,59943
2024-02-15,743.8,749.0,735.0,746.3,78156
2024-02-16,753.55,753.55,732.0,743.3,54733
2024-02-19,748.95,752.0,732.0,735.5,71183
2024-02-20,738.0,747.85,731.55,739.75,63366
2024-02-21,745.0,754.95,729.1,737.15,75661
2024-02-22,747.85,747.85,728.45,731.6,62007
2024-02-23,741.95,741.95,729.0,731.65,52925
2024-02-26,733.8,733.8,717.0,730.65,65767
2024-02-27,732.0,764.15,731.65,746.1,184433
2024-02-28,750.75,751.8,711.15,714.15,99291
2024-02-29,714.0,734.8,710.15,719.65,119030
2024-03-01,777.95,789.95,748.0,758.35,675554
2024-03-02,760.0,777.0,752.0,771.5,18033
2024-03-04,773.65,775.05,746.0,750.85,93071
2024-03-05,762.0,762.0,731.0,734.05,182050
2024-03-06,736.0,743.1,715.05,724.1,115789
2024-03-07,731.35,735.0,718.0,723.15,75763
2024-03-11,738.8,749.9,717.35,729.45,124830
2024-03-12,738.75,745.9,707.85,722.5,125710
2024-03-13,724.5,727.1,685.5,703.25,106355
2024-03-14,692.7,734.6,692.7,730.55,77814
2024-03-15,730.55,730.55,706.0,715.05,83880
2024-03-18,722.25,725.7,715.05,722.95,29401
2024-03-19,722.9,722.95,700.0,703.9,55171
2024-03-20,710.0,710.0,696.05,699.6,62983
2024-03-21,708.0,727.05,708.0,722.8,133206
2024-03-22,729.2,729.2,705.0,709.7,111329
2024-03-26,716.3,716.3,691.5,693.75,218582
2024-03-27,692.0,714.1,692.0,700.95,139881
2024-03-28,709.95,745.95,703.0,734.0,154195
2024-04-01,749.0,775.0,740.55,769.9,130465
2024-04-02,760.8,782.95,755.55,774.4,115680
2024-04-03,769.45,798.0,766.35,792.35,100592
2024-04-04,799.95,799.95,780.0,790.55,67982
2024-04-05,790.55,801.9,778.2,796.2,99641
2024-04-08,807.3,841.0,797.0,814.65,249413
2024-04-09,819.95,821.95,800.15,803.65,64619
2024-04-10,803.65,813.0,792.35,799.25,73998
2024-04-12,803.0,810.95,796.05,804.2,65969
2024-04-15,792.8,795.0,765.2,773.6,69643
2024-04-16,766.6,782.65,765.0,769.0,66872
2024-04-18,772.0,782.95,760.0,764.85,45532
2024-04-19,751.0,779.0,747.05,773.55,65040
2024-04-22,777.6,789.45,763.1,765.4,58638
2024-04-23,769.4,786.45,760.05,763.6,68371
2024-04-24,773.6,797.45,768.0,788.45,246957
2024-04-25,795.0,797.95,765.05,769.45,88357
2024-04-26,773.45,792.25,766.0,789.8,264793
2024-04-29,793.75,802.7,782.05,792.65,55172
2024-04-30,796.0,800.0,785.05,793.35,38603
2024-05-02,794.05,809.9,783.55,796.85,110501
2024-05-03,800.0,800.0,781.25,784.25,27714
2024-05-06,788.0,799.5,774.9,794.5,57678
2024-05-07,798.7,799.0,770.1,781.2,222480
2024-05-08,785.3,801.95,771.5,797.35,355251
2024-05-09,799.9,799.9,736.1,742.95,116882
2024-05-10,752.95,753.75,723.4,735.65,79941
2024-05-13,749.9,754.15,718.75,730.1,156673
2024-05-14,733.0,742.0,720.0,738.05,116509
2024-05-15,741.9,744.0,727.8,735.8,89161
2024-05-16,740.0,742.85,726.1,733.7,98693
2024-05-17,735.9,780.0,732.9,751.5,251248
2024-05-18,759.95,761.1,751.5,757.6,4480
2024-05-21,757.6,776.0,753.15,757.25,65693
2024-05-22,761.2,761.2,744.4,751.3,23783
2024-05-23,754.95,774.0,751.8,764.7,39278
2024-05-24,724.0,736.0,713.0,722.1,286483
2024-05-27,721.0,728.0,659.55,670.55,310664
2024-05-28,675.0,694.0,663.85,673.25,230810
2024-05-29,676.8,693.0,673.25,682.45,121492
2024-05-30,682.6,689.9,675.05,678.35,45623
2024-05-31,680.45,683.95,657.05,659.9,88128
2024-06-03,689.95,692.0,661.25,669.25,80332
2024-06-04,669.0,669.0,639.0,654.05,98930
2024-06-05,640.35,684.05,640.35,681.25,81778
2024-06-06,682.35,696.95,674.0,678.55,98363
2024-06-07,680.0,724.7,678.15,720.25,88646
2024-06-10,724.65,724.65,687.2,691.75,170314
2024-06-11,699.1,701.3,675.0,682.6,320280
2024-06-12,685.85,691.8,678.35,679.95,177754
2024-06-13,690.15,695.9,683.0,689.05,114106
2024-06-14,700.0,707.0,689.65,699.4,183830
2024-06-18,699.0,720.0,697.5,716.9,136769
2024-06-19,713.3,747.4,708.0,737.65,336154
2024-06-20,740.8,742.25,720.4,725.85,50886
2024-06-21,725.85,732.15,712.4,715.45,36429
2024-06-24,716.05,739.0,706.6,737.2,129934
2024-06-25,746.95,746.95,720.0,724.85,112031
2024-06-26,723.5,734.85,723.5,727.2,158505
2024-06-27,730.0,734.4,714.75,720.85,57070
2024-06-28,724.6,743.4,723.15,727.7,117675
2024-07-01,727.7,727.7,717.0,719.1,59177
2024-07-02,719.15,725.0,711.8,713.9,24082
2024-07-03,715.0,731.4,709.0,710.1,36136
2024-07-04,712.15,717.0,702.0,703.2,50641
2024-07-05,707.95,707.95,684.0,688.4,107394
2024-07-08,695.1,696.0,680.0,682.2,119163
2024-07-09,699.95,699.95,680.2,685.45,81389
2024-07-10,691.5,691.5,673.0,675.25,124962
2024-07-11,682.9,685.0,667.0,668.65,51648
2024-07-12,672.2,675.3,648.0,650.15,123764
2024-07-15,659.9,660.5,628.0,631.95,578206
2024-07-16,629.0,660.0,626.2,654.4,690475
2024-07-18,660.0,660.0,626.05,631.85,180937
2024-07-19,636.0,641.85,627.0,633.85,92929
2024-07-22,633.85,643.35,629.1,632.15,54971
2024-07-23,630.0,639.15,621.35,634.55,90422
2024-07-24,639.1,645.0,629.95,640.3,71514
2024-07-25,639.45,648.0,634.05,645.9,44614
2024-07-26,642.0,653.45,642.0,648.15,40524
2024-07-29,658.15,658.15,633.1,635.0,150805
2024-07-30,635.05,641.5,630.0,632.55,112690
2024-07-31,638.0,638.0,624.2,628.55,64851
2024-08-01,634.7,649.55,628.55,633.3,81454
2024-08-02,632.7,632.7,618.0,625.05,132640
2024-08-05,627.7,627.7,602.5,610.1,189390
2024-08-06,615.15,625.75,601.0,604.95,90575
2024-08-07,612.0,613.0,600.45,603.85,98622
2024-08-08,612.9,612.9,601.15,603.35,43716
2024-08-09,619.8,620.0,602.0,602.85,60681
2024-08-12,611.8,611.8,602.0,603.85,31540
2024-08-13,605.0,612.55,599.0,600.5,61299
2024-08-14,597.95,597.95,559.0,562.35,273493
2024-08-16,564.35,569.05,541.2,548.55,383732
2024-08-19,560.85,564.0,550.45,559.35,360829
2024-08-20,568.0,602.8,559.0,585.15,245335
2024-08-21,587.85,597.95,582.35,586.2,111278
2024-08-22,588.75,619.0,586.6,613.0,194666
2024-08-23,618.0,618.0,607.65,611.75,49826
2024-08-26,614.0,616.75,590.6,598.0,107889
2024-08-27,605.0,611.2,581.1,589.0,145121
2024-08-28,599.35,599.35,573.6,575.55,136010
2024-08-29,577.0,584.95,565.8,571.85,83851
2024-08-30,575.0,585.45,575.0,580.4,57089
2024-09-02,589.05,591.0,572.2,573.8,56789
2024-09-03,583.85,599.0,574.05,593.45,89411
2024-09-04,597.45,609.0,588.6,603.3,97898
2024-09-05,609.5,609.5,594.0,599.3,67070
2024-09-06,603.3,607.0,581.0,588.7,137434
2024-09-09,588.7,599.3,577.0,586.6,153950
2024-09-10,595.4,599.75,586.05,596.0,80016
2024-09-11,601.95,602.45,585.0,586.85,52744
2024-09-12,587.0,596.95,564.85,578.1,66252
2024-09-13,577.4,598.15,577.4,593.2,81035
2024-09-16,596.05,608.0,594.05,599.65,152521
2024-09-17,605.0,606.0,588.0,591.2,157738
2024-09-18,591.8,617.1,591.2,610.75,137597
2024-09-19,610.0,622.55,599.9,608.05,112968
2024-09-20,613.5,617.95,608.1,615.85,59312
2024-09-23,624.0,624.0,606.1,616.05,76394
2024-09-24,616.05,619.9,607.5,613.75,55705
2024-09-25,610.4,640.9,610.0,634.2,166541
2024-09-26,634.2,644.0,625.4,641.9,117070
2024-09-27,655.0,673.5,645.0,649.85,223825
2024-09-30,660.0,669.0,644.2,662.65,163651
2024-10-01,662.65,669.9,650.0,664.05,108255
2024-10-03,652.0,670.0,636.05,654.8,206797
2024-10-04,648.8,654.95,637.65,639.4,60167
2024-10-07,648.9,649.0,611.2,623.5,91317
2024-10-08,613.55,639.9,613.55,631.2,270539
2024-10-09,631.2,645.3,631.05,638.45,27899
2024-10-10,643.1,653.85,635.3,647.8,97934
2024-10-11,647.8,659.3,642.75,650.3,40165
2024-10-14,660.0,660.0,643.95,647.45,41581
2024-10-15,664.55,664.55,641.25,661.85,103389
2024-10-16,661.85,664.65,649.05,657.95,48719
2024-10-17,658.0,659.95,642.4,646.85,27296
2024-10-18,646.05,656.5,639.05,653.95,37982
2024-10-21,664.0,664.0,635.0,638.35,37337
2024-10-22,640.0,641.2,600.0,605.4,55334
2024-10-23,605.4,609.85,593.95,602.15,20620
2024-10-24,605.0,608.85,595.6,600.1,19615
2024-10-25,604.4,614.1,591.5,606.65,38125
2024-10-28,606.65,607.5,582.55,583.2,95430
2024-10-29,581.05,594.9,581.05,590.6,24795
2024-10-30,598.0,612.6,590.0,602.0,19215
2024-10-31,602.0,609.05,602.0,603.3,16792
2024-11-01,615.0,624.0,610.0,620.95,13480
2024-11-04,618.0,626.0,601.2,618.2,22526
2024-11-05,621.9,632.0,606.0,621.7,24105
2024-11-06,621.7,646.0,621.1,641.85,32512
2024-11-07,645.0,673.45,631.95,636.8,98964
2024-11-08,654.7,655.0,631.65,648.65,30943
2024-11-11,640.0,640.0,624.0,631.65,18641
2024-11-12,611.65,648.0,602.55,633.9,73694
2024-11-13,646.55,646.55,602.4,611.1,40244
2024-11-14,611.1,624.0,599.9,619.95,38345
2024-11-18,615.0,623.9,610.0,613.05,15151
2024-11-19,613.05,647.9,610.55,637.7,37946
2024-11-21,637.7,645.0,616.0,633.2,26018
2024-11-22,635.6,635.6,612.4,615.15,20656
2024-11-25,634.8,638.7,617.0,630.3,25518
2024-11-26,630.3,649.0,623.0,637.4,24254
2024-11-27,639.0,662.0,630.95,658.7,58303
2024-11-28,660.65,665.0,650.1,657.45,25732
2024-11-29,656.95,662.0,647.5,656.0,14510
2024-12-02,650.0,674.5,650.0,668.7,70861
2024-12-03,668.7,675.0,655.15,659.45,34490
2024-12-04,655.3,687.0,655.3,680.05,135784
2024-12-05,680.95,689.0,673.2,685.9,63685
2024-12-06,698.6,698.9,673.55,690.3,101522
2024-12-09,690.3,690.3,663.45,670.5,40121
2024-12-10,672.45,703.0,672.45,688.15,90450
2024-12-11,688.15,700.05,684.05,690.5,35455
2024-12-12,690.5,698.75,677.0,679.85,41450
2024-12-13,679.85,679.85,665.55,675.1,57437
2024-12-16,670.0,685.0,642.35,648.45,67677
2024-12-17,648.45,656.35,640.0,648.55,32769
2024-12-18,651.95,662.65,640.1,643.5,47591
2024-12-19,641.85,655.0,635.2,646.35,31074
2024-12-20,649.8,649.8,624.15,632.45,66395
2024-12-23,635.8,635.8,612.0,623.7,82081
2024-12-24,623.7,623.7,606.3,608.65,23484
2024-12-26,600.85,628.0,597.75,602.35,39918
2024-12-27,603.45,621.1,599.35,616.25,39179
2024-12-30,619.5,630.0,606.2,624.45,81977
2024-12-31,618.8,637.0,613.65,633.4,16214
2025-01-01,633.4,634.5,619.2,622.65,10080
2025-01-02,622.65,625.7,615.0,617.15,14937
2025-01-03,620.4,623.7,615.55,621.55,31052
2025-01-06,615.9,623.9,593.65,601.0,40691
2025-01-07,595.5,609.2,595.0,602.85,28796
2025-01-08,600.0,622.05,581.05,608.6,59017
2025-01-09,611.8,630.95,602.2,609.05,75211
2025-01-10,603.7,613.75,584.5,607.65,35499
2025-01-13,602.1,608.0,578.2,588.05,36928
2025-01-14,591.1,597.3,577.55,591.3,18178
2025-01-15,585.95,609.95,576.1,605.05,42794
2025-01-16,607.0,610.0,599.4,605.05,22506
2025-01-17,606.8,621.05,596.0,607.3,195516
2025-01-20,607.25,609.95,592.05,605.9,72642
2025-01-21,620.0,620.0,602.0,607.45,112574
2025-01-22,600.1,604.8,581.05,587.0,58181
2025-01-23,587.0,590.7,572.75,579.1,89548
2025-01-24,582.05,582.05,560.05,561.8,30326
2025-01-27,562.5,564.25,537.15,541.7,84875
2025-01-28,544.6,549.0,519.0,522.2,52209
2025-01-29,528.0,532.35,508.0,509.95,55475
2025-01-30,512.45,527.9,503.05,504.25,61662
2025-01-31,506.9,519.9,500.1,501.5,61959
2025-02-01,514.0,529.15,498.05,502.15,75735
2025-02-03,502.15,509.5,500.0,503.95,126871
2025-02-04,519.9,526.75,507.05,510.65,33068
2025-02-05,505.0,518.95,504.95,514.1,19183
2025-02-06,512.5,516.65,502.6,508.85,27752
2025-02-07,511.0,517.65,504.0,510.8,43304
2025-02-10,510.8,517.0,500.0,503.75,43150
2025-02-11,503.0,506.25,468.0,471.55,88639
2025-02-12,478.6,532.0,458.0,511.2,100829
2025-02-13,501.0,514.45,465.95,477.65,113605
2025-02-14,484.8,488.1,450.0,452.9,111619
2025-02-17,455.0,485.7,450.0,473.8,113287
2025-02-18,473.8,474.1,455.0,455.7,27958
2025-02-19,454.9,468.65,450.0,463.75,52560
2025-02-20,465.0,482.0,457.65,473.65,44237
2025-02-21,475.45,484.5,465.0,470.4,36238
2025-02-24,472.85,474.0,459.15,464.15,19392
2025-02-25,463.6,476.8,453.0,457.0,38262
2025-02-27,455.0,465.95,455.0,461.1,19410
2025-02-28,456.9,460.8,435.0,445.95,32991
2025-03-03,445.95,449.2,404.45,417.35,122076
2025-03-04,417.35,427.55,410.55,418.7,70666
2025-03-05,418.75,466.0,418.75,445.65,179173
2025-03-06,445.65,485.0,445.65,476.3,137521
2025-03-07,477.7,479.2,459.2,461.15,60214
2025-03-10,459.5,464.5,427.5,433.5,107397
2025-03-11,433.0,439.95,415.0,422.65,75656
2025-03-12,429.9,429.9,410.15,417.75,77003
2025-03-13,413.55,421.1,406.0,407.35,76544
2025-03-17,410.0,415.4,393.4,401.2,49662
2025-03-18,399.8,417.0,398.55,410.35,80129
2025-03-19,412.5,422.95,411.9,418.1,89416
2025-03-20,424.7,425.4,402.0,403.3,188752
2025-03-21,405.35,410.0,395.95,401.6,149009
2025-03-24,412.0,416.9,404.0,407.75,96871
2025-03-25,409.9,412.15,387.8,393.2,107686
2025-03-26,391.7,398.5,380.3,382.6,147124
2025-03-27,382.0,390.1,369.0,376.5,230997
2025-03-28,381.0,387.95,367.0,375.95,154762
2025-04-01,372.5,399.0,369.8,395.35,173873
2025-04-02,397.4,401.4,386.8,395.65,84612
2025-04-03,395.65,405.85,390.25,400.25,94447
2025-04-04,396.6,400.25,369.4,377.7,100399
2025-04-07,329.8,391.0,329.8,386.05,166614
2025-04-08,386.0,401.0,371.4,397.4,86236
2025-04-09,393.8,403.95,385.2,390.85,77436
2025-04-11,406.0,421.0,390.85,407.1,93870
2025-04-15,407.1,425.9,403.0,419.65,92557
2025-04-16,421.9,438.95,413.0,422.0,332512
2025-04-17,422.0,437.4,415.5,430.35,76683
2025-04-21,432.6,444.0,419.0,433.15,62877
2025-04-22,430.15,435.05,422.05,423.55,50802
2025-04-23,425.8,430.0,420.05,428.55,36425
2025-04-24,430.8,441.8,423.95,429.35,49887
2025-04-25,429.35,429.35,407.95,413.4,45033
2025-04-28,409.7,421.95,408.0,419.7,19377
2025-04-29,423.05,433.0,416.0,419.45,31784
2025-04-30,415.6,417.55,408.35,411.8,22092
2025-05-02,411.8,420.9,398.0,401.1,47173
2025-05-05,401.0,447.0,398.0,431.6,228371
2025-05-06,433.9,438.9,409.55,413.1,75930
2025-05-07,409.3,425.2,401.15,421.25,37571
2025-05-08,422.0,430.0,410.0,413.1,27372
2025-05-09,410.0,413.1,401.5,411.15,12587
2025-05-12,415.1,431.85,415.1,426.3,38771
2025-05-13,428.5,439.75,423.65,435.0,29511
2025-05-14,437.3,442.2,430.05,434.85,20406
2025-05-15,436.9,442.55,432.95,437.2,26745
2025-05-16,435.0,443.05,435.0,439.85,22718
2025-05-19,442.2,464.5,438.0,458.75,82657
2025-05-20,459.0,459.95,440.6,447.85,45820
2025-05-21,449.2,455.8,440.35,448.2,23210
2025-05-22,450.6,450.6,439.85,443.35,37850
2025-05-23,445.7,448.0,438.15,446.0,30172
2025-05-26,448.0,468.0,442.05,462.7,142552
2025-05-27,466.4,466.4,453.0,461.8,25564
2025-05-28,460.0,470.9,456.05,459.4,42245
2025-05-29,466.0,490.0,451.85,484.45,106476
2025-05-30,450.0,483.4,441.0,459.0,264212
2025-06-02,461.0,473.7,454.0,456.05,93445
2025-06-03,456.05,461.15,451.0,452.95,32959
2025-06-04,455.0,455.25,445.0,446.4,23984
2025-06-05,448.7,459.95,448.7,453.25,23529
2025-06-06,452.2,459.9,442.0,445.75,41837
2025-06-09,448.1,463.05,446.0,458.75,43346
2025-06-10,458.7,465.85,455.15,463.5,27104
2025-06-11,463.5,538.9,463.5,518.7,522666
2025-06-12,517.0,517.0,495.0,503.85,74759
2025-06-13,493.75,508.9,487.05,502.9,49274
2025-06-16,498.3,505.0,493.2,500.3,18749
2025-06-17,500.3,513.9,490.4,493.1,39034
2025-06-18,491.8,496.0,485.15,488.55,19007
2025-06-19,491.05,564.2,490.0,511.1,3226585
2025-06-20,504.95,531.5,499.05,526.0,207298
2025-06-23,518.1,518.1,506.75,511.5,59964
2025-06-24,512.15,518.05,507.85,510.35,29894
2025-06-25,507.15,522.9,507.15,521.45,29138
2025-06-26,524.2,565.0,515.25,548.55,238657
2025-06-27,545.9,545.9,527.45,529.55,46258
2025-06-30,529.0,536.9,519.05,520.6,67678
2025-07-01,523.3,530.7,519.6,525.5,41238
2025-07-02,528.3,548.5,517.45,529.4,79638
2025-07-03,525.0,531.45,522.0,527.55,18274
2025-07-04,527.55,535.5,522.05,526.15,39870
2025-07-07,521.4,525.95,516.7,519.05,16873
2025-07-08,521.8,521.8,502.4,510.15,44072
2025-07-09,512.8,515.5,506.25,508.8,20317
2025-07-10,508.8,513.15,506.35,511.4,24765
2025-07-11,510.0,520.0,506.0,507.85,20042
2025-07-14,505.0,549.0,505.0,544.3,161855
2025-07-15,544.4,565.0,530.0,535.65,236986
2025-07-16,535.4,542.4,527.6,536.7,46034
2025-07-17,537.8,553.95,532.0,540.65,25686
2025-07-18,541.1,542.85,527.7,538.0,41372
2025-07-21,538.0,540.8,523.25,526.55,90891
2025-07-22,526.55,531.25,511.0,513.25,28457
2025-07-23,513.25,520.35,508.25,512.05,34502
2025-07-24,510.0,514.3,496.9,501.05,32748
2025-07-25,498.2,505.3,495.0,497.65,14797
2025-07-28,495.65,507.95,488.0,498.3,30396
2025-07-29,497.5,506.45,495.35,501.1,37247
2025-07-30,503.7,505.4,487.95,488.3,31452
2025-07-31,488.3,501.85,481.0,496.5,16011
2025-08-01,496.5,498.75,489.05,492.35,12029
2025-08-04,487.9,500.0,483.35,492.0,15982
2025-08-05,494.6,496.65,485.85,486.65,15684
2025-08-06,484.0,522.0,484.0,507.1,65311
2025-08-07,502.5,505.7,488.1,493.85,7270
2025-08-08,499.9,499.9,487.3,490.35,8108
2025-08-11,487.0,492.9,471.0,481.05,15804
2025-08-12,482.0,494.45,472.7,477.05,30540
2025-08-13,508.0,530.95,500.7,526.55,339141
2025-08-14,529.15,532.95,511.6,529.8,63314
2025-08-18,532.4,545.0,528.05,535.3,89044
2025-08-19,531.3,554.45,531.3,544.4,63969
2025-08-20,544.4,555.0,538.05,542.6,46216
2025-08-21,545.5,580.0,540.55,572.85,461757
2025-08-22,576.0,576.0,555.55,569.9,84286
2025-08-25,569.9,575.45,555.5,566.2,60377
2025-08-26,571.85,578.65,555.95,574.95,58529
2025-08-28,577.95,591.7,568.5,584.8,168660
2025-08-29,590.0,612.1,587.05,603.05,239981
2025-09-01,612.1,620.0,595.25,610.7,143706
2025-09-02,611.9,618.45,605.05,612.0,90103
2025-09-03,615.85,621.5,601.2,605.1,84704
2025-09-04,605.0,609.05,561.2,604.65,225260
2025-09-05,599.85,632.5,599.2,630.45,229964
2025-09-08,639.9,645.95,627.9,637.05,78972
2025-09-09,640.0,646.95,630.5,633.65,93873
2025-09-10,631.0,637.35,615.7,628.15,56636
2025-09-11,622.4,646.85,622.4,643.3,188430
2025-09-12,645.0,656.0,623.35,638.4,101276
2025-09-15,632.6,661.8,628.9,654.3,123460
2025-09-16,654.05,659.65,635.15,640.55,49357
2025-09-17,645.0,654.45,637.2,646.05,46482
2025-09-18,658.0,662.8,641.05,648.75,76865
2025-09-19,643.0,660.0,616.2,627.05,332374
2025-09-22,621.3,638.9,606.5,613.75,105032
2025-09-23,613.75,631.55,610.25,620.0,75694
2025-09-24,623.1,623.1,610.0,611.7,30473
2025-09-25,609.5,617.2,601.6,602.9,56070
2025-09-26,597.4,606.1,588.95,602.55,67236
2025-09-29,602.6,617.3,599.35,605.35,45258
2025-09-30,599.8,612.75,594.9,598.1,32636
2025-10-01,598.1,615.0,592.7,610.9,27973
2025-10-03,607.3,632.2,607.3,626.9,50230
2025-10-06,623.8,625.5,611.7,617.15,24544
2025-10-07,625.0,628.9,588.15,592.15,84411
2025-10-08,592.15,604.9,584.2,595.8,79605
2025-10-09,590.4,599.8,588.45,593.8,26584
2025-10-10,590.1,604.0,576.05,578.65,167914
2025-10-13,573.45,594.25,573.45,581.65,81342
2025-10-14,620.0,657.65,612.3,643.4,6179314
2025-10-15,638.0,662.0,626.55,658.4,602964
2025-10-16,650.0,655.9,635.2,645.0,165118
2025-10-17,648.25,648.25,625.0,628.25,69425
2025-10-20,622.5,634.7,619.6,626.45,45033
2025-10-21,620.0,658.35,620.0,646.15,38203
2025-10-23,641.0,656.8,621.05,625.9,131350
2025-10-24,621.0,630.0,610.15,614.4,116295
2025-10-27,608.8,632.5,608.8,618.55,68439
2025-10-28,613.0,630.0,610.05,627.85,57593
2025-10-29,631.2,644.85,626.25,630.35,95576
2025-10-30,630.35,635.0,627.05,629.25,19106
2025-10-31,626.1,636.5,605.15,626.25,45583
2025-11-03,629.5,635.95,616.0,625.1,38008
2025-11-04,625.0,628.25,615.05,620.15,27745
2025-11-06,614.5,618.25,599.85,607.65,95125
2025-11-07,601.55,624.55,596.0,619.2,46687
2025-11-10,613.6,618.6,608.0,613.4,26183
2025-11-11,614.1,617.8,596.5,605.1,47623
2025-11-12,594.05,619.65,567.05,607.5,452432
2025-11-13,602.0,605.6,562.95,566.55,304825
2025-11-14,566.6,582.0,554.2,561.7,82758
2025-11-17,561.7,564.3,543.2,547.0,91035
2025-11-18,547.0,556.45,539.9,542.6,57092
2025-11-19,545.5,551.95,525.0,546.85,83060
2025-11-20,553.95,556.4,535.9,544.7,441510
2025-11-21,546.95,552.6,530.85,542.95,61811
2025-11-24,545.0,546.0,537.9,539.65,19160
2025-11-25,531.55,543.95,525.5,539.2,41232
2025-11-26,539.2,546.0,536.55,540.85,24624
2025-11-27,540.75,544.25,533.05,534.95,36558
2025-11-28,537.75,543.45,524.15,534.0,103213
2025-12-01,531.35,531.35,523.1,525.05,42153
2025-12-02,520.3,528.85,516.1,525.6,101662
2025-12-03,525.05,529.0,520.0,526.2,14379
2025-12-04,526.2,535.15,518.0,523.65,95043
2025-12-05,526.4,526.4,512.15,521.7,41147
2025-12-08,524.35,530.6,505.05,511.0,60653
2025-12-09,508.55,528.0,502.3,520.3,39287
2025-12-10,516.0,523.25,510.0,511.8,23798
2025-12-11,507.1,520.0,507.1,513.45,22429
2025-12-12,513.45,521.0,509.05,518.5,45786
2025-12-15,514.0,521.2,510.45,513.5,10103
2025-12-16,510.0,516.9,507.0,514.85,23388
2025-12-17,513.95,520.9,508.4,514.7,21362
2025-12-18,513.5,513.95,493.4,496.55,34546
2025-12-19,499.2,510.0,495.05,506.7,41791
2025-12-22,506.95,511.4,488.1,490.3,153945
2025-12-23,488.0,491.5,473.05,483.7,194133
2025-12-24,479.5,494.7,479.3,482.9,190295
2025-12-26,482.9,484.3,474.2,476.45,41646
2025-12-29,475.0,485.0,453.1,464.0,243654
2025-12-30,471.95,478.7,459.7,466.05,63760
2025-12-31,482.95,486.2,469.9,472.1,135390
2026-01-01,475.85,475.85,469.85,471.85,10643
2026-01-02,474.3,478.7,466.8,476.2,30283
2026-01-05,470.0,480.25,468.45,471.5,40361
2026-01-06,470.0,470.0,461.0,464.0,28981
2026-01-07,466.4,470.05,458.3,462.95,19701
2026-01-08,465.0,465.0,452.05,454.75,42776
2026-01-09,455.0,458.2,441.15,450.4,59627
2026-01-12,430.4,449.45,430.4,445.75,45433
2026-01-13,443.55,463.0,431.7,455.05,99558
2026-01-14,450.9,455.0,437.0,450.0,205175
2026-01-16,445.9,449.0,408.0,411.7,333912
2026-01-19,412.95,412.95,393.0,396.3,123224
2026-01-20,393.0,394.95,373.55,378.65,104000
2026-01-21,380.6,385.75,367.0,368.7,111035
2026-01-22,368.9,380.0,359.5,361.15,2369638
2026-01-23,363.85,366.05,345.3,349.45,144006
2026-01-27,368.55,394.0,352.3,383.35,769959
2026-01-28,400.0,424.15,394.2,398.65,1508782
2026-01-29,399.0,404.95,386.0,394.55,132635
2026-01-30,394.0,400.0,385.6,390.5,58884
2026-02-01,390.55,427.0,387.15,415.6,171602
2026-02-02,413.05,413.05,390.8,401.9,59181
2026-02-03,405.5,428.85,397.55,407.0,84373
2026-02-04,410.0,430.0,405.0,426.2,72123
2026-02-05,428.35,428.35,410.5,417.3,43839
2026-02-06,413.0,416.9,403.45,411.75,35201
2026-02-09,413.85,439.0,411.65,427.8,83483
2026-02-10,429.05,449.5,427.8,441.85,123039
2026-02-11,445.0,467.4,435.4,458.7,268379
2026-02-12,458.7,458.7,425.0,426.8,337339
2026-02-13,426.8,434.7,410.4,423.75,91315
2026-02-16,425.0,425.0,406.3,410.3,47516
2026-02-17,410.3,434.4,410.3,431.4,63848
2026-02-18,435.15,436.15,425.0,425.85,27795
2026-02-19,440.0,440.0,410.6,415.2,29171
2026-02-20,412.0,418.5,405.5,413.05,23599
2026-02-23,413.1,442.1,412.65,433.5,72918
2026-02-24,433.5,433.5,410.45,412.8,32946
2026-02-25,416.1,419.0,410.0,416.3,36125
2026-02-26,418.5,420.0,414.25,416.95,20138
2026-02-27,414.0,418.85,411.0,413.3,9635
2026-03-02,400.0,411.0,388.0,405.75,40478
2026-03-04,399.65,402.25,372.35,380.3,120109
2026-03-05,382.3,387.85,364.2,369.3,94455
2026-03-06,369.0,375.0,356.0,359.95,64554
2026-03-09,359.0,369.35,345.1,357.55,67948
2026-03-10,362.0,372.85,355.55,363.75,118382
2026-03-11,365.7,372.5,358.6,363.15,122745
2026-03-12,360.0,360.05,339.5,353.7,88740
2026-03-13,356.55,367.9,340.55,362.55,137184
2026-03-16,360.0,377.95,356.9,359.9,82475
2026-03-17,362.8,368.7,352.3,355.55,60908
2026-03-18,357.4,394.9,356.4,371.95,151204
2026-03-19,366.0,371.0,362.1,364.3,57883
2026-03-20,363.0,376.7,355.0,360.4,145204
2026-03-23,357.0,378.9,347.25,368.25,133819
2026-03-24,372.0,378.25,364.0,367.55,71722
2026-03-25,369.0,383.0,364.0,378.2,109052
2026-03-27,377.55,390.1,366.0,381.35,165008
2026-03-30,375.0,383.75,356.3,362.45,83852
2026-04-01,374.0,420.0,365.0,401.2,90188
2026-04-02,395.05,413.0,385.8,405.5,93886
2026-04-06,413.4,414.8,402.95,410.1,46733
2026-04-07,413.35,417.9,407.1,415.0,17513
2026-04-08,448.8,448.8,417.0,422.65,48096
2026-04-09,416.0,434.95,416.0,417.9,90882
2026-04-10,414.35,442.0,414.35,424.75,62331
2026-04-13,427.0,431.0,417.0,424.45,38577
2026-04-15,440.0,444.0,428.8,442.95,99155
2026-04-16,443.0,443.75,420.0,431.35,93446
2026-04-17,431.35,435.3,421.5,425.95,55679
2026-04-20,425.95,426.6,412.1,415.15,50874
2026-04-21,415.15,436.4,414.0,431.45,63970
2026-04-22,431.45,431.45,422.1,424.8,35281
2026-04-23,426.5,426.5,415.1,417.6,37865
2026-04-24,418.6,420.0,402.2,408.6,37094
2026-04-27,408.6,419.95,408.6,417.4,14788
2026-04-28,418.0,429.6,416.1,421.6,13861
2026-04-29,415.3,422.9,408.0,409.95,42005
2026-04-30,413.0,413.0,398.15,402.45,23012
2026-05-04,407.0,419.0,400.2,406.9,117941
2026-05-05,400.3,406.8,398.0,401.8,31451
2026-05-06,401.85,405.2,396.8,399.85,212840
2026-05-07,400.0,414.3,397.05,408.5,176861
2026-05-08,409.0,411.8,401.2,402.7,77111
2026-05-11,403.5,403.5,386.1,387.35,57340
2026-05-12,380.9,388.7,367.2,371.85,43017
2026-05-13,375.0,377.95,364.0,369.25,74545
2026-05-14,375.0,375.25,360.0,368.25,78487
2026-05-15,374.95,380.2,362.0,375.1,125665
2026-05-18,370.0,374.75,364.25,368.4,47882
2026-05-19,362.85,370.5,362.85,366.5,35693
2026-05-20,366.5,366.55,359.0,361.25,57737
2026-05-21,363.1,364.75,353.1,358.3,61801
2026-05-22,361.1,366.0,353.95,364.05,66154
2026-05-25,365.15,389.95,365.15,384.05,216070
2026-05-26,385.0,394.95,375.95,381.3,111199
2026-05-27,400.0,410.5,361.0,364.0,1200469
2026-05-29,366.05,384.5,366.05,379.35,270261
2026-06-01,382.0,382.7,367.5,373.85,185774
2026-06-02,371.2,378.5,367.15,373.3,131036
2026-06-03,374.5,397.65,374.5,391.35,461403
2026-06-04,388.4,421.8,387.7,412.9,633869
2026-06-05,414.55,422.0,407.8,418.25,199473
2026-06-08,410.0,422.0,407.1,414.5,144499
2026-06-09,410.7,423.0,410.7,418.8,86161
2026-06-10,419.3,434.0,411.0,420.4,250188
2026-06-11,420.0,429.25,405.8,419.65,116111
2026-06-12,429.0,429.0,414.9,422.95,69786
2026-06-15,429.95,431.0,420.0,425.05,82917
2026-06-16,429.3,430.95,422.5,424.7,65225
2026-06-17,428.0,428.0,420.15,422.75,32156
2026-06-18,426.95,461.95,422.0,447.6,565948
2026-06-19,447.6,447.6,420.0,426.05,313542
2026-06-22,432.45,464.95,426.7,453.85,386291
2026-06-23,451.25,463.95,441.6,446.25,226631
2026-06-24,446.05,452.2,440.15,444.8,67987
2026-06-25,450.25,451.45,428.4,432.85,65645
2026-06-29,432.85,440.45,424.35,434.0,71553
2026-06-30,437.5,443.0,429.55,437.65,73052
2026-07-01,440.0,442.0,421.1,425.9,56719
2026-07-02,425.9,439.05,422.75,436.45,309250
2026-07-03,436.45,460.5,436.45,449.4,199379
2026-07-06,448.0,448.0,435.1,437.45,107009
2026-07-07,436.95,440.9,430.05,433.5,54244
2026-07-08,433.75,440.2,415.2,423.0,144484
2026-07-09,423.0,437.2,422.05,429.05,70801
2026-07-10,438.9,438.9,420.7,424.0,84074
2026-07-13,420.05,432.95,419.75,422.9,93979
2026-07-14,418.4,507.45,416.5,496.4,9852212
2026-07-15,529.0,566.95,501.35,514.25,30089896
2026-07-16,510.5,529.75,487.5,499.7,4436981
2026-07-17,509.0,534.0,486.45,526.25,4269062
2026-07-20,550.0,550.0,518.55,535.35,1612140
2026-07-21,532.9,536.35,523.5,532.2,610175
2026-07-22,533.0,533.0,510.2,519.25,332667
2026-07-23,516.95,518.6,501.85,505.85,221581
2026-07-24,500.15,522.0,487.1,512.8,244103
2026-07-27,534.0,542.0,520.05,538.5,678636
2026-07-28,538.5,543.7,514.15,528.05,337136
2026-07-29,522.0,554.0,518.25,537.8,549576
2026-07-30,528.0,565.2,527.9,539.65,446119
2026-07-31,544.7,552.0,531.55,540.75,180362
2026-08-03,541.0,558.9,538.2,542.9,265414
2026-08-04,545.0,548.45,535.6,543.5,135357
2026-08-05,542.85,564.0,540.1,547.05,280598
2026-08-06,548.0,555.0,542.05,546.9,140202
2026-08-07,544.75,548.0,528.05,535.05,170451
2026-08-10,538.1,568.0,527.15,561.35,315817
2026-08-11,564.7,585.0,549.1,571.75,581898
2026-08-12,571.95,573.05,528.0,548.05,785083
2026-08-13,547.05,548.45,526.2,532.0,172287
2026-08-14,532.0,533.65,507.45,511.65,148999
2026-08-17,511.65,518.9,505.6,511.0,130878
2026-08-18,513.4,519.65,504.25,513.3,118817
2026-08-19,510.0,514.05,504.0,510.25,81619
2026-08-20,512.15,519.2,503.0,509.2,109831
2026-08-21,508.4,514.65,498.05,504.95,88626
2026-08-24,502.2,553.85,502.2,541.75,232764
2026-08-25,536.05,537.9,525.05,528.45,65953
2026-08-26,527.0,530.35,513.0,516.2,58778
2026-08-27,514.0,516.9,505.0,506.15,75404
2026-08-28,510.2,513.95,501.0,503.35,83915
2026-08-31,500.0,521.0,496.35,517.45,112656
2026-09-01,510.65,524.9,503.2,505.95,37484
2026-09-02,507.0,507.6,490.65,494.9,91762
2026-09-03,497.0,511.55,490.6,498.0,50914
2026-09-04,500.0,516.4,497.0,510.15,79884
2026-09-07,510.15,513.1,491.15,494.1,97730
2026-09-08,495.0,506.0,490.85,497.95,81462
2026-09-09,494.35,505.95,487.2,491.5,55947
2026-09-10,491.5,494.8,480.25,484.1,72927
2026-09-11,484.8,494.95,473.95,487.95,110531
2026-09-15,490.0,493.95,470.0,470.35,61400
2026-09-16,472.0,484.0,454.05,476.6,111985
2026-09-17,470.95,495.0,467.05,492.1,134708
2026-09-18,488.75,515.0,482.9,504.5,67669
2026-09-21,504.65,508.95,492.25,502.1,61438
2026-09-22,500.0,514.2,496.85,510.5,64035
2026-09-23,514.8,518.0,500.65,506.4,57410
2026-09-24,500.9,511.15,485.25,489.05,51104
2026-09-25,489.05,492.95,482.2,488.55,54874
2026-09-28,490.95,490.95,475.0,475.9,68767
2026-09-29,484.0,537.85,475.0,487.0,16779945
2026-09-30,479.9,495.5,471.0,475.7,949666
2026-10-01,471.75,473.0,456.05,463.25,205673
2026-10-05,465.0,475.0,456.0,470.7,196654
2026-10-06,475.0,484.0,469.85,480.6,71976
2026-10-07,480.0,485.0,474.2,480.95,68685
2026-10-08,485.45,485.45,461.3,468.65,86631
2026-10-09,470.1,490.75,460.05,464.7,72033
